ticker,earn_dt,next_earn,entry_dt,short_exp,long_exp,spot,strike,short_call,short_put,long_call,long_put
AAPL,2016-01-26,2016-04-26,2016-01-19,2016-01-29,2016-05-20,96.66000366210938,95.0,AAPL  160129C00095000,AAPL  160129P00095000,AAPL  160520C00095000,AAPL  160520P00095000
AAPL,2016-04-26,2016-07-26,2016-04-19,2016-04-29,2016-08-19,106.91000366210938,105.0,AAPL  160429C00105000,AAPL  160429P00105000,AAPL  160819C00105000,AAPL  160819P00105000
AAPL,2016-07-26,2016-10-25,2016-07-19,2016-07-29,2016-11-18,99.87000274658203,100.0,AAPL  160729C00100000,AAPL  160729P00100000,AAPL  161118C00100000,AAPL  161118P00100000
AAPL,2016-10-25,2017-01-31,2016-10-18,2016-10-28,2017-02-17,117.47000122070312,115.0,AAPL  161028C00115000,AAPL  161028P00115000,AAPL  170217C00115000,AAPL  170217P00115000
AAPL,2017-01-31,2017-05-02,2017-01-24,2017-02-03,2017-05-19,119.97000122070312,120.0,AAPL  170203C00120000,AAPL  170203P00120000,AAPL  170519C00120000,AAPL  170519P00120000
AAPL,2017-05-02,2017-08-01,2017-04-25,2017-05-05,2017-08-18,144.52999877929688,145.0,AAPL  170505C00145000,AAPL  170505P00145000,AAPL  170818C00145000,AAPL  170818P00145000
AAPL,2017-08-01,2017-11-02,2017-07-25,2017-08-04,2017-11-17,152.74000549316406,155.0,AAPL  170804C00155000,AAPL  170804P00155000,AAPL  171117C00155000,AAPL  171117P00155000
AAPL,2017-11-02,2018-02-01,2017-10-26,2017-11-03,2018-02-16,157.41000366210938,155.0,AAPL  171103C00155000,AAPL  171103P00155000,AAPL  180216C00155000,AAPL  180216P00155000
AAPL,2018-02-01,2018-05-01,2018-01-25,2018-02-02,2018-05-18,171.11000061035156,170.0,AAPL  180202C00170000,AAPL  180202P00170000,AAPL  180518C00170000,AAPL  180518P00170000
AAPL,2018-05-01,2018-07-31,2018-04-24,2018-05-04,2018-08-17,162.94000244140625,165.0,AAPL  180504C00165000,AAPL  180504P00165000,AAPL  180817C00165000,AAPL  180817P00165000
AAPL,2018-07-31,2018-11-01,2018-07-24,2018-08-03,2018-11-16,193.0,195.0,AAPL  180803C00195000,AAPL  180803P00195000,AAPL  181116C00195000,AAPL  181116P00195000
AAPL,2018-11-01,2019-01-29,2018-10-25,2018-11-02,2019-02-15,219.8000030517578,220.0,AAPL  181102C00220000,AAPL  181102P00220000,AAPL  190215C00220000,AAPL  190215P00220000
AAPL,2019-01-29,2019-04-30,2019-01-22,2019-02-01,2019-05-17,153.3000030517578,155.0,AAPL  190201C00155000,AAPL  190201P00155000,AAPL  190517C00155000,AAPL  190517P00155000
AAPL,2019-04-30,2019-07-30,2019-04-23,2019-05-03,2019-08-16,207.47999572753906,210.0,AAPL  190503C00210000,AAPL  190503P00210000,AAPL  190816C00210000,AAPL  190816P00210000
AAPL,2019-07-30,2019-10-30,2019-07-23,2019-08-02,2019-11-15,208.83999633789062,210.0,AAPL  190802C00210000,AAPL  190802P00210000,AAPL  191115C00210000,AAPL  191115P00210000
AAPL,2019-10-30,2020-01-28,2019-10-23,2019-11-01,2020-02-21,243.17999267578125,240.0,AAPL  191101C00240000,AAPL  191101P00240000,AAPL  200221C00240000,AAPL  200221P00240000
AAPL,2020-01-28,2020-04-30,2020-01-21,2020-01-31,2020-05-15,316.57000732421875,320.0,AAPL  200131C00320000,AAPL  200131P00320000,AAPL  200515C00320000,AAPL  200515P00320000
AAPL,2020-04-30,2020-07-30,2020-04-23,2020-05-01,2020-08-21,275.0299987792969,280.0,AAPL  200501C00280000,AAPL  200501P00280000,AAPL  200821C00280000,AAPL  200821P00280000
AAPL,2020-07-30,2020-10-29,2020-07-23,2020-07-31,2020-11-20,371.3800048828125,370.0,AAPL  200731C00370000,AAPL  200731P00370000,AAPL  201120C00370000,AAPL  201120P00370000
AAPL,2020-10-29,2021-01-27,2020-10-22,2020-10-30,2021-02-19,115.75,115.0,AAPL  201030C00115000,AAPL  201030P00115000,AAPL  210219C00115000,AAPL  210219P00115000
AAPL,2021-01-27,2021-04-28,2021-01-20,2021-01-29,2021-05-21,132.02999877929688,130.0,AAPL  210129C00130000,AAPL  210129P00130000,AAPL  210521C00130000,AAPL  210521P00130000
AAPL,2021-04-28,2021-07-27,2021-04-21,2021-04-30,2021-08-20,133.5,135.0,AAPL  210430C00135000,AAPL  210430P00135000,AAPL  210820C00135000,AAPL  210820P00135000
AAPL,2021-07-27,2021-10-28,2021-07-20,2021-07-30,2021-11-19,146.14999389648438,145.0,AAPL  210730C00145000,AAPL  210730P00145000,AAPL  211119C00145000,AAPL  211119P00145000
AAPL,2021-10-28,2022-01-27,2021-10-21,2021-10-29,2022-02-18,149.47999572753906,150.0,AAPL  211029C00150000,AAPL  211029P00150000,AAPL  220218C00150000,AAPL  220218P00150000
AAPL,2022-01-27,2022-04-28,2022-01-20,2022-01-28,2022-05-20,164.50999450683594,165.0,AAPL  220128C00165000,AAPL  220128P00165000,AAPL  220520C00165000,AAPL  220520P00165000
AAPL,2022-04-28,2022-07-28,2022-04-21,2022-04-29,2022-08-19,166.4199981689453,165.0,AAPL  220429C00165000,AAPL  220429P00165000,AAPL  220819C00165000,AAPL  220819P00165000
AAPL,2022-07-28,2022-10-27,2022-07-21,2022-07-29,2022-11-18,155.35000610351562,155.0,AAPL  220729C00155000,AAPL  220729P00155000,AAPL  221118C00155000,AAPL  221118P00155000
AAPL,2022-10-27,2023-02-02,2022-10-20,2022-10-28,2023-02-17,143.38999938964844,145.0,AAPL  221028C00145000,AAPL  221028P00145000,AAPL  230217C00145000,AAPL  230217P00145000
AAPL,2023-02-02,2023-05-04,2023-01-26,2023-02-03,2023-05-19,143.9600067138672,145.0,AAPL  230203C00145000,AAPL  230203P00145000,AAPL  230519C00145000,AAPL  230519P00145000
AAPL,2023-05-04,2023-08-03,2023-04-27,2023-05-05,2023-08-18,168.41000366210938,170.0,AAPL  230505C00170000,AAPL  230505P00170000,AAPL  230818C00170000,AAPL  230818P00170000
AAPL,2023-08-03,2023-11-02,2023-07-27,2023-08-04,2023-11-17,193.22000122070312,195.0,AAPL  230804C00195000,AAPL  230804P00195000,AAPL  231117C00195000,AAPL  231117P00195000
AAPL,2023-11-02,2024-02-01,2023-10-26,2023-11-03,2024-02-16,166.88999938964844,165.0,AAPL  231103C00165000,AAPL  231103P00165000,AAPL  240216C00165000,AAPL  240216P00165000
AAPL,2024-02-01,2024-05-02,2024-01-25,2024-02-02,2024-05-17,194.1699981689453,195.0,AAPL  240202C00195000,AAPL  240202P00195000,AAPL  240517C00195000,AAPL  240517P00195000
AAPL,2024-05-02,2024-08-01,2024-04-25,2024-05-03,2024-08-16,169.88999938964844,170.0,AAPL  240503C00170000,AAPL  240503P00170000,AAPL  240816C00170000,AAPL  240816P00170000
AAPL,2024-08-01,2024-10-31,2024-07-25,2024-08-02,2024-11-15,217.49000549316406,220.0,AAPL  240802C00220000,AAPL  240802P00220000,AAPL  241115C00220000,AAPL  241115P00220000
AAPL,2024-10-31,2025-01-30,2024-10-24,2024-11-01,2025-02-21,230.57000732421875,230.0,AAPL  241101C00230000,AAPL  241101P00230000,AAPL  250221C00230000,AAPL  250221P00230000
AAPL,2025-01-30,2025-05-01,2025-01-23,2025-01-31,2025-05-16,223.66000366210938,220.0,AAPL  250131C00220000,AAPL  250131P00220000,AAPL  250516C00220000,AAPL  250516P00220000
AAPL,2025-05-01,2025-07-31,2025-04-24,2025-05-02,2025-08-15,208.3699951171875,210.0,AAPL  250502C00210000,AAPL  250502P00210000,AAPL  250815C00210000,AAPL  250815P00210000
AAPL,2025-07-31,2025-10-30,2025-07-24,2025-08-01,2025-11-21,213.75999450683594,210.0,AAPL  250801C00210000,AAPL  250801P00210000,AAPL  251121C00210000,AAPL  251121P00210000
AAPL,2025-10-30,2026-01-29,2025-10-23,2025-10-31,2026-02-20,259.5799865722656,260.0,AAPL  251031C00260000,AAPL  251031P00260000,AAPL  260220C00260000,AAPL  260220P00260000
AAPL,2026-01-29,2026-07-30,2026-01-22,2026-01-30,2026-08-21,248.35000610351562,250.0,AAPL  260130C00250000,AAPL  260130P00250000,AAPL  260821C00250000,AAPL  260821P00250000
ABNB,2021-02-25,2021-05-14,2021-02-18,2021-02-26,2021-05-21,198.0399932861328,200.0,ABNB  210226C00200000,ABNB  210226P00200000,ABNB  210521C00200000,ABNB  210521P00200000
ABNB,2021-05-14,2021-08-12,2021-05-07,2021-05-21,2021-08-20,151.2100067138672,150.0,ABNB  210521C00150000,ABNB  210521P00150000,ABNB  210820C00150000,ABNB  210820P00150000
ABNB,2021-08-12,2021-11-04,2021-08-05,2021-08-13,2021-11-19,150.32000732421875,150.0,ABNB  210813C00150000,ABNB  210813P00150000,ABNB  211119C00150000,ABNB  211119P00150000
ABNB,2021-11-04,2022-02-15,2021-10-28,2021-11-05,2022-02-18,171.6999969482422,170.0,ABNB  211105C00170000,ABNB  211105P00170000,ABNB  220218C00170000,ABNB  220218P00170000
ABNB,2022-02-15,2022-05-03,2022-02-08,2022-02-18,2022-05-20,162.25999450683594,160.0,ABNB  220218C00160000,ABNB  220218P00160000,ABNB  220520C00160000,ABNB  220520P00160000
ABNB,2022-05-03,2022-08-02,2022-04-26,2022-05-06,2022-08-19,153.0399932861328,155.0,ABNB  220506C00155000,ABNB  220506P00155000,ABNB  220819C00155000,ABNB  220819P00155000
ABNB,2022-08-02,2022-11-01,2022-07-26,2022-08-05,2022-11-18,101.91000366210938,100.0,ABNB  220805C00100000,ABNB  220805P00100000,ABNB  221118C00100000,ABNB  221118P00100000
ABNB,2022-11-01,2023-02-14,2022-10-25,2022-11-04,2023-02-17,118.44999694824219,120.0,ABNB  221104C00120000,ABNB  221104P00120000,ABNB  230217C00120000,ABNB  230217P00120000
ABNB,2023-02-14,2023-05-09,2023-02-07,2023-02-17,2023-05-19,119.69000244140625,120.0,ABNB  230217C00120000,ABNB  230217P00120000,ABNB  230519C00120000,ABNB  230519P00120000
ABNB,2023-05-09,2023-08-03,2023-05-02,2023-05-12,2023-08-18,120.58000183105469,120.0,ABNB  230512C00120000,ABNB  230512P00120000,ABNB  230818C00120000,ABNB  230818P00120000
ABNB,2023-08-03,2023-11-01,2023-07-27,2023-08-04,2023-11-17,148.5,150.0,ABNB  230804C00150000,ABNB  230804P00150000,ABNB  231117C00150000,ABNB  231117P00150000
ABNB,2023-11-01,2024-02-13,2023-10-25,2023-11-03,2024-02-16,118.5,120.0,ABNB  231103C00120000,ABNB  231103P00120000,ABNB  240216C00120000,ABNB  240216P00120000
ABNB,2024-02-13,2024-05-08,2024-02-06,2024-02-16,2024-05-17,144.52999877929688,145.0,ABNB  240216C00145000,ABNB  240216P00145000,ABNB  240517C00145000,ABNB  240517P00145000
ABNB,2024-05-08,2024-08-06,2024-05-01,2024-05-10,2024-08-16,156.16000366210938,155.0,ABNB  240510C00155000,ABNB  240510P00155000,ABNB  240816C00155000,ABNB  240816P00155000
ABNB,2024-08-06,2024-11-07,2024-07-30,2024-08-09,2024-11-15,138.99000549316406,140.0,ABNB  240809C00140000,ABNB  240809P00140000,ABNB  241115C00140000,ABNB  241115P00140000
ABNB,2024-11-07,2025-02-13,2024-10-31,2024-11-08,2025-02-21,134.7899932861328,135.0,ABNB  241108C00135000,ABNB  241108P00135000,ABNB  250221C00135000,ABNB  250221P00135000
ABNB,2025-02-13,2025-05-01,2025-02-06,2025-02-14,2025-05-16,132.57000732421875,135.0,ABNB  250214C00135000,ABNB  250214P00135000,ABNB  250516C00135000,ABNB  250516P00135000
ABNB,2025-05-01,2025-08-06,2025-04-24,2025-05-02,2025-08-15,121.70999908447266,120.0,ABNB  250502C00120000,ABNB  250502P00120000,ABNB  250815C00120000,ABNB  250815P00120000
ABNB,2025-08-06,2025-11-06,2025-07-30,2025-08-08,2025-11-21,134.75,135.0,ABNB  250808C00135000,ABNB  250808P00135000,ABNB  251121C00135000,ABNB  251121P00135000
ABNB,2025-11-06,2026-02-12,2025-10-30,2025-11-07,2026-02-20,126.33999633789062,125.0,ABNB  251107C00125000,ABNB  251107P00125000,ABNB  260220C00125000,ABNB  260220P00125000
ABNB,2026-02-12,2026-08-05,2026-02-05,2026-02-13,2026-08-21,121.2699966430664,120.0,ABNB  260213C00120000,ABNB  260213P00120000,ABNB  260821C00120000,ABNB  260821P00120000
ACM,2016-02-09,2016-05-10,2016-02-02,2016-02-12,2016-05-20,25.81999969482422,25.0,ACM   160212C00025000,ACM   160212P00025000,ACM   160520C00025000,ACM   160520P00025000
ACM,2016-05-10,2016-08-09,2016-05-03,2016-05-13,2016-08-19,32.36000061035156,32.5,ACM   160513C00032500,ACM   160513P00032500,ACM   160819C00032500,ACM   160819P00032500
ACM,2016-08-09,2016-11-14,2016-08-02,2016-08-12,2016-11-18,34.779998779296875,35.0,ACM   160812C00035000,ACM   160812P00035000,ACM   161118C00035000,ACM   161118P00035000
ACM,2016-11-14,2017-02-07,2016-11-07,2016-11-18,2017-02-17,27.450000762939453,27.5,ACM   161118C00027500,ACM   161118P00027500,ACM   170217C00027500,ACM   170217P00027500
ACM,2017-02-07,2017-05-09,2017-01-31,2017-02-10,2017-05-19,36.93000030517578,37.5,ACM   170210C00037500,ACM   170210P00037500,ACM   170519C00037500,ACM   170519P00037500
ACM,2017-05-09,2017-08-08,2017-05-02,2017-05-12,2017-08-18,34.189998626708984,35.0,ACM   170512C00035000,ACM   170512P00035000,ACM   170818C00035000,ACM   170818P00035000
ACM,2017-08-08,2017-11-13,2017-08-01,2017-08-11,2017-11-17,31.899999618530273,32.5,ACM   170811C00032500,ACM   170811P00032500,ACM   171117C00032500,ACM   171117P00032500
ACM,2017-11-13,2018-02-06,2017-11-06,2017-11-17,2018-02-16,36.119998931884766,35.0,ACM   171117C00035000,ACM   171117P00035000,ACM   180216C00035000,ACM   180216P00035000
ACM,2018-02-06,2018-05-08,2018-01-30,2018-02-09,2018-05-18,39.04999923706055,40.0,ACM   180209C00040000,ACM   180209P00040000,ACM   180518C00040000,ACM   180518P00040000
ACM,2018-05-08,2018-08-07,2018-05-01,2018-05-11,2018-08-17,34.470001220703125,35.0,ACM   180511C00035000,ACM   180511P00035000,ACM   180817C00035000,ACM   180817P00035000
ACM,2018-08-07,2018-11-12,2018-07-31,2018-08-10,2018-11-16,33.560001373291016,32.5,ACM   180810C00032500,ACM   180810P00032500,ACM   181116C00032500,ACM   181116P00032500
ACM,2018-11-12,2019-02-05,2018-11-05,2018-11-16,2019-02-15,32.0,32.5,ACM   181116C00032500,ACM   181116P00032500,ACM   190215C00032500,ACM   190215P00032500
ACM,2019-02-05,2019-05-08,2019-01-29,2019-02-08,2019-05-17,30.1200008392334,30.0,ACM   190208C00030000,ACM   190208P00030000,ACM   190517C00030000,ACM   190517P00030000
ACM,2019-05-08,2019-08-06,2019-05-01,2019-05-10,2019-08-16,33.470001220703125,32.5,ACM   190510C00032500,ACM   190510P00032500,ACM   190816C00032500,ACM   190816P00032500
ACM,2019-08-06,2019-11-12,2019-07-30,2019-08-09,2019-11-15,36.7599983215332,37.5,ACM   190809C00037500,ACM   190809P00037500,ACM   191115C00037500,ACM   191115P00037500
ACM,2019-11-12,2020-02-03,2019-11-05,2019-11-15,2020-02-21,42.209999084472656,42.5,ACM   191115C00042500,ACM   191115P00042500,ACM   200221C00042500,ACM   200221P00042500
ACM,2020-02-03,2020-05-05,2020-01-27,2020-02-07,2020-05-15,48.81999969482422,50.0,ACM   200207C00050000,ACM   200207P00050000,ACM   200515C00050000,ACM   200515P00050000
ACM,2020-05-05,2020-08-04,2020-04-28,2020-05-08,2020-08-21,35.900001525878906,35.0,ACM   200508C00035000,ACM   200508P00035000,ACM   200821C00035000,ACM   200821P00035000
ACM,2020-08-04,2020-11-16,2020-07-28,2020-08-07,2020-11-20,36.349998474121094,37.5,ACM   200807C00037500,ACM   200807P00037500,ACM   201120C00037500,ACM   201120P00037500
ACM,2020-11-16,2021-02-08,2020-11-09,2020-11-20,2021-02-19,47.34000015258789,47.5,ACM   201120C00047500,ACM   201120P00047500,ACM   210219C00047500,ACM   210219P00047500
ACM,2021-02-08,2021-05-10,2021-02-01,2021-02-12,2021-05-21,52.08000183105469,50.0,ACM   210212C00050000,ACM   210212P00050000,ACM   210521C00050000,ACM   210521P00050000
ACM,2021-05-10,2021-08-09,2021-05-03,2021-05-14,2021-08-20,67.08000183105469,65.0,ACM   210514C00065000,ACM   210514P00065000,ACM   210820C00065000,ACM   210820P00065000
ACM,2021-08-09,2021-11-15,2021-08-02,2021-08-13,2021-11-19,62.06999969482422,60.0,ACM   210813C00060000,ACM   210813P00060000,ACM   211119C00060000,ACM   211119P00060000
ACM,2021-11-15,2022-02-07,2021-11-08,2021-11-19,2022-02-18,70.9800033569336,70.0,ACM   211119C00070000,ACM   211119P00070000,ACM   220218C00070000,ACM   220218P00070000
ACM,2022-02-07,2022-05-09,2022-01-31,2022-02-11,2022-05-20,69.12999725341797,70.0,ACM   220211C00070000,ACM   220211P00070000,ACM   220520C00070000,ACM   220520P00070000
ACM,2022-05-09,2022-08-08,2022-05-02,2022-05-13,2022-08-19,70.4000015258789,70.0,ACM   220513C00070000,ACM   220513P00070000,ACM   220819C00070000,ACM   220819P00070000
ACM,2022-08-08,2022-11-14,2022-08-01,2022-08-12,2022-11-18,71.7699966430664,70.0,ACM   220812C00070000,ACM   220812P00070000,ACM   221118C00070000,ACM   221118P00070000
ACM,2022-11-14,2023-02-06,2022-11-07,2022-11-18,2023-02-17,76.62999725341797,75.0,ACM   221118C00075000,ACM   221118P00075000,ACM   230217C00075000,ACM   230217P00075000
ACM,2023-02-06,2023-05-08,2023-01-30,2023-02-10,2023-05-19,85.63999938964844,85.0,ACM   230210C00085000,ACM   230210P00085000,ACM   230519C00085000,ACM   230519P00085000
ACM,2023-05-08,2023-08-07,2023-05-01,2023-05-12,2023-08-18,83.61000061035156,85.0,ACM   230512C00085000,ACM   230512P00085000,ACM   230818C00085000,ACM   230818P00085000
ACM,2023-08-07,2023-11-13,2023-07-31,2023-08-11,2023-11-17,87.0,85.0,ACM   230811C00085000,ACM   230811P00085000,ACM   231117C00085000,ACM   231117P00085000
ACM,2023-11-13,2024-02-05,2023-11-06,2023-11-17,2024-02-16,78.9000015258789,80.0,ACM   231117C00080000,ACM   231117P00080000,ACM   240216C00080000,ACM   240216P00080000
ACM,2024-02-05,2024-05-06,2024-01-29,2024-02-09,2024-05-17,89.62000274658203,90.0,ACM   240209C00090000,ACM   240209P00090000,ACM   240517C00090000,ACM   240517P00090000
ACM,2024-05-06,2024-08-05,2024-04-29,2024-05-10,2024-08-16,93.9800033569336,95.0,ACM   240510C00095000,ACM   240510P00095000,ACM   240816C00095000,ACM   240816P00095000
ACM,2024-08-05,2024-11-18,2024-07-29,2024-08-09,2024-12-20,89.98999786376953,90.0,ACM   240809C00090000,ACM   240809P00090000,ACM   241220C00090000,ACM   241220P00090000
ACM,2024-11-18,2025-02-03,2024-11-11,2024-11-22,2025-02-21,111.58000183105469,110.0,ACM   241122C00110000,ACM   241122P00110000,ACM   250221C00110000,ACM   250221P00110000
ACM,2025-02-03,2025-05-05,2025-01-27,2025-02-07,2025-05-16,106.69000244140625,105.0,ACM   250207C00105000,ACM   250207P00105000,ACM   250516C00105000,ACM   250516P00105000
ACM,2025-05-05,2025-08-04,2025-04-28,2025-05-09,2025-08-15,97.44000244140625,95.0,ACM   250509C00095000,ACM   250509P00095000,ACM   250815C00095000,ACM   250815P00095000
ACM,2025-08-04,2025-11-18,2025-07-28,2025-08-08,2025-11-21,113.83999633789062,115.0,ACM   250808C00115000,ACM   250808P00115000,ACM   251121C00115000,ACM   251121P00115000
ACM,2025-11-18,2026-02-09,2025-11-11,2025-11-21,2026-02-20,131.72999572753906,130.0,ACM   251121C00130000,ACM   251121P00130000,ACM   260220C00130000,ACM   260220P00130000
ACM,2026-02-09,2026-08-03,2026-02-02,2026-02-13,2026-08-21,96.80999755859375,95.0,ACM   260213C00095000,ACM   260213P00095000,ACM   260821C00095000,ACM   260821P00095000
ADBE,2016-03-17,2016-06-21,2016-03-10,2016-03-18,2016-07-15,84.8499984741211,85.0,ADBE  160318C00085000,ADBE  160318P00085000,ADBE  160715C00085000,ADBE  160715P00085000
ADBE,2016-06-21,2016-09-20,2016-06-14,2016-06-24,2016-10-21,96.9800033569336,95.0,ADBE  160624C00095000,ADBE  160624P00095000,ADBE  161021C00095000,ADBE  161021P00095000
ADBE,2016-09-20,2016-12-15,2016-09-13,2016-09-23,2016-12-16,98.7699966430664,100.0,ADBE  160923C00100000,ADBE  160923P00100000,ADBE  161216C00100000,ADBE  161216P00100000
ADBE,2016-12-15,2017-03-16,2016-12-08,2016-12-16,2017-03-17,103.5,105.0,ADBE  161216C00105000,ADBE  161216P00105000,ADBE  170317C00105000,ADBE  170317P00105000
ADBE,2017-03-16,2017-06-20,2017-03-09,2017-03-17,2017-07-21,119.91000366210938,120.0,ADBE  170317C00120000,ADBE  170317P00120000,ADBE  170721C00120000,ADBE  170721P00120000
ADBE,2017-06-20,2017-09-19,2017-06-13,2017-06-23,2017-10-20,139.08999633789062,140.0,ADBE  170623C00140000,ADBE  170623P00140000,ADBE  171020C00140000,ADBE  171020P00140000
ADBE,2017-09-19,2017-12-14,2017-09-12,2017-09-22,2017-12-15,156.30999755859375,155.0,ADBE  170922C00155000,ADBE  170922P00155000,ADBE  171215C00155000,ADBE  171215P00155000
ADBE,2017-12-14,2018-03-15,2017-12-07,2017-12-15,2018-03-16,174.61000061035156,175.0,ADBE  171215C00175000,ADBE  171215P00175000,ADBE  180316C00175000,ADBE  180316P00175000
ADBE,2018-03-15,2018-06-14,2018-03-08,2018-03-16,2018-06-15,216.39999389648438,220.0,ADBE  180316C00220000,ADBE  180316P00220000,ADBE  180615C00220000,ADBE  180615P00220000
ADBE,2018-06-14,2018-09-13,2018-06-07,2018-06-15,2018-09-21,247.50999450683594,250.0,ADBE  180615C00250000,ADBE  180615P00250000,ADBE  180921C00250000,ADBE  180921P00250000
ADBE,2018-09-13,2018-12-13,2018-09-06,2018-09-14,2018-12-21,259.75,260.0,ADBE  180914C00260000,ADBE  180914P00260000,ADBE  181221C00260000,ADBE  181221P00260000
ADBE,2018-12-13,2019-03-14,2018-12-06,2018-12-14,2019-03-15,250.6300048828125,250.0,ADBE  181214C00250000,ADBE  181214P00250000,ADBE  190315C00250000,ADBE  190315P00250000
ADBE,2019-03-14,2019-06-18,2019-03-07,2019-03-15,2019-06-21,255.4600067138672,260.0,ADBE  190315C00260000,ADBE  190315P00260000,ADBE  190621C00260000,ADBE  190621P00260000
ADBE,2019-06-18,2019-09-17,2019-06-11,2019-06-21,2019-09-20,275.989990234375,280.0,ADBE  190621C00280000,ADBE  190621P00280000,ADBE  190920C00280000,ADBE  190920P00280000
ADBE,2019-09-17,2019-12-12,2019-09-10,2019-09-20,2019-12-20,276.1400146484375,280.0,ADBE  190920C00280000,ADBE  190920P00280000,ADBE  191220C00280000,ADBE  191220P00280000
ADBE,2019-12-12,2020-03-12,2019-12-05,2019-12-13,2020-03-20,303.0299987792969,300.0,ADBE  191213C00300000,ADBE  191213P00300000,ADBE  200320C00300000,ADBE  200320P00300000
ADBE,2020-03-12,2020-06-11,2020-03-05,2020-03-13,2020-06-19,351.0299987792969,350.0,ADBE  200313C00350000,ADBE  200313P00350000,ADBE  200619C00350000,ADBE  200619P00350000
ADBE,2020-06-11,2020-09-15,2020-06-04,2020-06-12,2020-09-18,385.79998779296875,390.0,ADBE  200612C00390000,ADBE  200612P00390000,ADBE  200918C00390000,ADBE  200918P00390000
ADBE,2020-09-15,2020-12-10,2020-09-08,2020-09-18,2020-12-18,462.1300048828125,460.0,ADBE  200918C00460000,ADBE  200918P00460000,ADBE  201218C00460000,ADBE  201218P00460000
ADBE,2020-12-10,2021-03-23,2020-12-03,2020-12-11,2021-04-16,484.2799987792969,480.0,ADBE  201211C00480000,ADBE  201211P00480000,ADBE  210416C00480000,ADBE  210416P00480000
ADBE,2021-03-23,2021-06-17,2021-03-16,2021-03-26,2021-06-18,450.5400085449219,450.0,ADBE  210326C00450000,ADBE  210326P00450000,ADBE  210618C00450000,ADBE  210618P00450000
ADBE,2021-06-17,2021-09-21,2021-06-10,2021-06-18,2021-10-15,535.52001953125,525.0,ADBE  210618C00525000,ADBE  210618P00525000,ADBE  211015C00525000,ADBE  211015P00525000
ADBE,2021-09-21,2021-12-16,2021-09-14,2021-09-24,2021-12-17,645.010009765625,650.0,ADBE  210924C00650000,ADBE  210924P00650000,ADBE  211217C00650000,ADBE  211217P00650000
ADBE,2021-12-16,2022-03-22,2021-12-09,2021-12-17,2022-04-15,632.5700073242188,625.0,ADBE  211217C00625000,ADBE  211217P00625000,ADBE  220415C00625000,ADBE  220415P00625000
ADBE,2022-03-22,2022-06-16,2022-03-15,2022-03-25,2022-06-17,421.6600036621094,420.0,ADBE  220325C00420000,ADBE  220325P00420000,ADBE  220617C00420000,ADBE  220617P00420000
ADBE,2022-06-16,2022-09-15,2022-06-09,2022-06-17,2022-09-16,426.4200134277344,430.0,ADBE  220617C00430000,ADBE  220617P00430000,ADBE  220916C00430000,ADBE  220916P00430000
ADBE,2022-09-15,2022-12-15,2022-09-08,2022-09-16,2022-12-16,383.6300048828125,380.0,ADBE  220916C00380000,ADBE  220916P00380000,ADBE  221216C00380000,ADBE  221216P00380000
ADBE,2022-12-15,2023-03-15,2022-12-08,2022-12-16,2023-03-17,332.5799865722656,330.0,ADBE  221216C00330000,ADBE  221216P00330000,ADBE  230317C00330000,ADBE  230317P00330000
ADBE,2023-03-15,2023-06-15,2023-03-08,2023-03-17,2023-06-16,345.8399963378906,350.0,ADBE  230317C00350000,ADBE  230317P00350000,ADBE  230616C00350000,ADBE  230616P00350000
ADBE,2023-06-15,2023-09-14,2023-06-08,2023-06-16,2023-09-15,439.0299987792969,440.0,ADBE  230616C00440000,ADBE  230616P00440000,ADBE  230915C00440000,ADBE  230915P00440000
ADBE,2023-09-14,2023-12-13,2023-09-07,2023-09-15,2023-12-15,560.4600219726562,550.0,ADBE  230915C00550000,ADBE  230915P00550000,ADBE  231215C00550000,ADBE  231215P00550000
ADBE,2023-12-13,2024-03-14,2023-12-06,2023-12-15,2024-03-15,595.7000122070312,600.0,ADBE  231215C00600000,ADBE  231215P00600000,ADBE  240315C00600000,ADBE  240315P00600000
ADBE,2024-03-14,2024-06-13,2024-03-07,2024-03-15,2024-06-21,556.0399780273438,550.0,ADBE  240315C00550000,ADBE  240315P00550000,ADBE  240621C00550000,ADBE  240621P00550000
ADBE,2024-06-13,2024-09-12,2024-06-06,2024-06-14,2024-09-20,458.1300048828125,460.0,ADBE  240614C00460000,ADBE  240614P00460000,ADBE  240920C00460000,ADBE  240920P00460000
ADBE,2024-09-12,2024-12-11,2024-09-05,2024-09-13,2024-12-20,567.9299926757812,575.0,ADBE  240913C00575000,ADBE  240913P00575000,ADBE  241220C00575000,ADBE  241220P00575000
ADBE,2024-12-11,2025-03-12,2024-12-04,2024-12-13,2025-03-21,536.489990234375,525.0,ADBE  241213C00525000,ADBE  241213P00525000,ADBE  250321C00525000,ADBE  250321P00525000
ADBE,2025-03-12,2025-06-12,2025-03-05,2025-03-14,2025-06-20,451.239990234375,450.0,ADBE  250314C00450000,ADBE  250314P00450000,ADBE  250620C00450000,ADBE  250620P00450000
ADBE,2025-06-12,2025-09-11,2025-06-05,2025-06-13,2025-09-19,415.20001220703125,420.0,ADBE  250613C00420000,ADBE  250613P00420000,ADBE  250919C00420000,ADBE  250919P00420000
ADBE,2025-09-11,2025-12-10,2025-09-04,2025-09-12,2025-12-19,344.30999755859375,340.0,ADBE  250912C00340000,ADBE  250912P00340000,ADBE  251219C00340000,ADBE  251219P00340000
ADBE,2025-12-10,2026-03-12,2025-12-03,2025-12-12,2026-03-20,326.7799987792969,330.0,ADBE  251212C00330000,ADBE  251212P00330000,ADBE  260320C00330000,ADBE  260320P00330000
ADBE,2026-03-12,2026-06-11,2026-03-05,2026-03-13,2026-06-19,281.739990234375,280.0,ADBE  260313C00280000,ADBE  260313P00280000,ADBE  260619C00280000,ADBE  260619P00280000
AMAT,2016-02-18,2016-05-19,2016-02-11,2016-02-19,2016-05-20,15.640000343322754,16.0,AMAT  160219C00016000,AMAT  160219P00016000,AMAT  160520C00016000,AMAT  160520P00016000
AMAT,2016-05-19,2016-08-18,2016-05-12,2016-05-20,2016-08-19,19.6299991607666,20.0,AMAT  160520C00020000,AMAT  160520P00020000,AMAT  160819C00020000,AMAT  160819P00020000
AMAT,2016-08-18,2016-11-17,2016-08-11,2016-08-19,2016-11-18,26.81999969482422,27.5,AMAT  160819C00027500,AMAT  160819P00027500,AMAT  161118C00027500,AMAT  161118P00027500
AMAT,2016-11-17,2017-02-15,2016-11-10,2016-11-18,2017-02-17,28.18000030517578,27.5,AMAT  161118C00027500,AMAT  161118P00027500,AMAT  170217C00027500,AMAT  170217P00027500
AMAT,2017-02-15,2017-05-18,2017-02-08,2017-02-17,2017-05-19,35.599998474121094,35.0,AMAT  170217C00035000,AMAT  170217P00035000,AMAT  170519C00035000,AMAT  170519P00035000
AMAT,2017-05-18,2017-08-17,2017-05-11,2017-05-19,2017-08-18,43.47999954223633,42.5,AMAT  170519C00042500,AMAT  170519P00042500,AMAT  170818C00042500,AMAT  170818P00042500
AMAT,2017-08-17,2017-11-16,2017-08-10,2017-08-18,2017-11-17,42.029998779296875,42.5,AMAT  170818C00042500,AMAT  170818P00042500,AMAT  171117C00042500,AMAT  171117P00042500
AMAT,2017-11-16,2018-02-14,2017-11-09,2017-11-17,2018-02-16,55.47999954223633,55.0,AMAT  171117C00055000,AMAT  171117P00055000,AMAT  180216C00055000,AMAT  180216P00055000
AMAT,2018-02-14,2018-05-17,2018-02-07,2018-02-16,2018-05-18,48.689998626708984,47.5,AMAT  180216C00047500,AMAT  180216P00047500,AMAT  180518C00047500,AMAT  180518P00047500
AMAT,2018-05-17,2018-08-16,2018-05-10,2018-05-18,2018-08-17,55.529998779296875,55.0,AMAT  180518C00055000,AMAT  180518P00055000,AMAT  180817C00055000,AMAT  180817P00055000
AMAT,2018-08-16,2018-11-15,2018-08-09,2018-08-17,2018-11-16,49.15999984741211,50.0,AMAT  180817C00050000,AMAT  180817P00050000,AMAT  181116C00050000,AMAT  181116P00050000
AMAT,2018-11-15,2019-02-14,2018-11-08,2018-11-16,2019-02-15,34.939998626708984,35.0,AMAT  181116C00035000,AMAT  181116P00035000,AMAT  190215C00035000,AMAT  190215P00035000
AMAT,2019-02-14,2019-05-16,2019-02-07,2019-02-15,2019-05-17,39.91999816894531,40.0,AMAT  190215C00040000,AMAT  190215P00040000,AMAT  190517C00040000,AMAT  190517P00040000
AMAT,2019-05-16,2019-08-15,2019-05-09,2019-05-17,2019-08-16,40.939998626708984,40.0,AMAT  190517C00040000,AMAT  190517P00040000,AMAT  190816C00040000,AMAT  190816P00040000
AMAT,2019-08-15,2019-11-14,2019-08-08,2019-08-16,2019-11-15,47.86000061035156,47.5,AMAT  190816C00047500,AMAT  190816P00047500,AMAT  191115C00047500,AMAT  191115P00047500
AMAT,2019-11-14,2020-02-12,2019-11-07,2019-11-15,2020-02-21,55.939998626708984,55.0,AMAT  191115C00055000,AMAT  191115P00055000,AMAT  200221C00055000,AMAT  200221P00055000
AMAT,2020-02-12,2020-05-14,2020-02-05,2020-02-14,2020-05-15,63.79999923706055,65.0,AMAT  200214C00065000,AMAT  200214P00065000,AMAT  200515C00065000,AMAT  200515P00065000
AMAT,2020-05-14,2020-08-13,2020-05-07,2020-05-15,2020-08-21,51.25,50.0,AMAT  200515C00050000,AMAT  200515P00050000,AMAT  200821C00050000,AMAT  200821P00050000
AMAT,2020-08-13,2020-11-12,2020-08-06,2020-08-14,2020-11-20,63.61000061035156,65.0,AMAT  200814C00065000,AMAT  200814P00065000,AMAT  201120C00065000,AMAT  201120P00065000
AMAT,2020-11-12,2021-02-18,2020-11-05,2020-11-13,2021-02-19,69.94999694824219,70.0,AMAT  201113C00070000,AMAT  201113P00070000,AMAT  210219C00070000,AMAT  210219P00070000
AMAT,2021-02-18,2021-05-20,2021-02-11,2021-02-19,2021-05-21,113.0,115.0,AMAT  210219C00115000,AMAT  210219P00115000,AMAT  210521C00115000,AMAT  210521P00115000
AMAT,2021-05-20,2021-08-19,2021-05-13,2021-05-21,2021-08-20,119.91999816894531,120.0,AMAT  210521C00120000,AMAT  210521P00120000,AMAT  210820C00120000,AMAT  210820P00120000
AMAT,2021-08-19,2021-11-18,2021-08-12,2021-08-20,2021-11-19,129.22000122070312,130.0,AMAT  210820C00130000,AMAT  210820P00130000,AMAT  211119C00130000,AMAT  211119P00130000
AMAT,2021-11-18,2022-02-16,2021-11-11,2021-11-19,2022-02-18,153.89999389648438,155.0,AMAT  211119C00155000,AMAT  211119P00155000,AMAT  220218C00155000,AMAT  220218P00155000
AMAT,2022-02-16,2022-05-19,2022-02-09,2022-02-18,2022-05-20,144.1999969482422,145.0,AMAT  220218C00145000,AMAT  220218P00145000,AMAT  220520C00145000,AMAT  220520P00145000
AMAT,2022-05-19,2022-08-18,2022-05-12,2022-05-20,2022-08-19,106.76000213623047,105.0,AMAT  220520C00105000,AMAT  220520P00105000,AMAT  220819C00105000,AMAT  220819P00105000
AMAT,2022-08-18,2022-11-17,2022-08-11,2022-08-19,2022-11-18,105.52999877929688,105.0,AMAT  220819C00105000,AMAT  220819P00105000,AMAT  221118C00105000,AMAT  221118P00105000
AMAT,2022-11-17,2023-02-16,2022-11-10,2022-11-18,2023-02-17,104.79000091552734,105.0,AMAT  221118C00105000,AMAT  221118P00105000,AMAT  230217C00105000,AMAT  230217P00105000
AMAT,2023-02-16,2023-05-18,2023-02-09,2023-02-17,2023-05-19,116.08000183105469,115.0,AMAT  230217C00115000,AMAT  230217P00115000,AMAT  230519C00115000,AMAT  230519P00115000
AMAT,2023-05-18,2023-08-17,2023-05-11,2023-05-19,2023-08-18,115.45999908447266,115.0,AMAT  230519C00115000,AMAT  230519P00115000,AMAT  230818C00115000,AMAT  230818P00115000
AMAT,2023-08-17,2023-11-16,2023-08-10,2023-08-18,2023-11-17,144.61000061035156,145.0,AMAT  230818C00145000,AMAT  230818P00145000,AMAT  231117C00145000,AMAT  231117P00145000
AMAT,2023-11-16,2024-02-15,2023-11-09,2023-11-17,2024-02-16,143.1699981689453,145.0,AMAT  231117C00145000,AMAT  231117P00145000,AMAT  240216C00145000,AMAT  240216P00145000
AMAT,2024-02-15,2024-05-16,2024-02-08,2024-02-16,2024-05-17,173.88999938964844,175.0,AMAT  240216C00175000,AMAT  240216P00175000,AMAT  240517C00175000,AMAT  240517P00175000
AMAT,2024-05-16,2024-08-15,2024-05-09,2024-05-17,2024-08-16,206.3300018310547,210.0,AMAT  240517C00210000,AMAT  240517P00210000,AMAT  240816C00210000,AMAT  240816P00210000
AMAT,2024-08-15,2024-11-14,2024-08-08,2024-08-16,2024-11-15,190.5500030517578,190.0,AMAT  240816C00190000,AMAT  240816P00190000,AMAT  241115C00190000,AMAT  241115P00190000
AMAT,2024-11-14,2025-02-13,2024-11-07,2024-11-15,2025-02-21,194.08999633789062,195.0,AMAT  241115C00195000,AMAT  241115P00195000,AMAT  250221C00195000,AMAT  250221P00195000
AMAT,2025-02-13,2025-05-15,2025-02-06,2025-02-14,2025-05-16,182.8000030517578,185.0,AMAT  250214C00185000,AMAT  250214P00185000,AMAT  250516C00185000,AMAT  250516P00185000
AMAT,2025-05-15,2025-08-14,2025-05-08,2025-05-16,2025-08-15,156.0,155.0,AMAT  250516C00155000,AMAT  250516P00155000,AMAT  250815C00155000,AMAT  250815P00155000
AMAT,2025-08-14,2025-11-13,2025-08-07,2025-08-15,2025-11-21,183.14999389648438,185.0,AMAT  250815C00185000,AMAT  250815P00185000,AMAT  251121C00185000,AMAT  251121P00185000
AMAT,2025-11-13,2026-02-12,2025-11-06,2025-11-14,2026-02-20,233.52999877929688,230.0,AMAT  251114C00230000,AMAT  251114P00230000,AMAT  260220C00230000,AMAT  260220P00230000
AMAT,2026-02-12,2026-08-13,2026-02-05,2026-02-13,2026-08-21,303.989990234375,300.0,AMAT  260213C00300000,AMAT  260213P00300000,AMAT  260821C00300000,AMAT  260821P00300000
AMD,2016-01-19,2016-04-21,2016-01-12,2016-01-22,2016-05-20,2.390000104904175,2.5,AMD   160122C00002500,AMD   160122P00002500,AMD   160520C00002500,AMD   160520P00002500
AMD,2016-04-21,2016-07-21,2016-04-14,2016-04-22,2016-08-19,2.7200000286102295,2.5,AMD   160422C00002500,AMD   160422P00002500,AMD   160819C00002500,AMD   160819P00002500
AMD,2016-07-21,2016-10-20,2016-07-14,2016-07-22,2016-10-21,5.170000076293945,5.0,AMD   160722C00005000,AMD   160722P00005000,AMD   161021C00005000,AMD   161021P00005000
AMD,2016-10-20,2017-01-31,2016-10-13,2016-10-21,2017-02-17,6.489999771118164,6.0,AMD   161021C00006000,AMD   161021P00006000,AMD   170217C00006000,AMD   170217P00006000
AMD,2017-01-31,2017-05-01,2017-01-24,2017-02-03,2017-05-19,10.4399995803833,10.0,AMD   170203C00010000,AMD   170203P00010000,AMD   170519C00010000,AMD   170519P00010000
AMD,2017-05-01,2017-07-25,2017-04-24,2017-05-05,2017-08-18,13.130000114440918,13.0,AMD   170505C00013000,AMD   170505P00013000,AMD   170818C00013000,AMD   170818P00013000
AMD,2017-07-25,2017-10-24,2017-07-18,2017-07-28,2017-11-17,13.479999542236328,13.0,AMD   170728C00013000,AMD   170728P00013000,AMD   171117C00013000,AMD   171117P00013000
AMD,2017-10-24,2018-01-30,2017-10-17,2017-10-27,2018-02-16,14.15999984741211,14.0,AMD   171027C00014000,AMD   171027P00014000,AMD   180216C00014000,AMD   180216P00014000
AMD,2018-01-30,2018-04-25,2018-01-23,2018-02-02,2018-05-18,12.9399995803833,13.0,AMD   180202C00013000,AMD   180202P00013000,AMD   180518C00013000,AMD   180518P00013000
AMD,2018-04-25,2018-07-25,2018-04-18,2018-04-27,2018-08-17,10.359999656677246,10.0,AMD   180427C00010000,AMD   180427P00010000,AMD   180817C00010000,AMD   180817P00010000
AMD,2018-07-25,2018-10-24,2018-07-18,2018-07-27,2018-11-16,16.850000381469727,17.0,AMD   180727C00017000,AMD   180727P00017000,AMD   181116C00017000,AMD   181116P00017000
AMD,2018-10-24,2019-01-29,2018-10-17,2018-10-26,2019-02-15,27.299999237060547,27.5,AMD   181026C00027500,AMD   181026P00027500,AMD   190215C00027500,AMD   190215P00027500
AMD,2019-01-29,2019-04-30,2019-01-22,2019-02-01,2019-05-17,19.760000228881836,20.0,AMD   190201C00020000,AMD   190201P00020000,AMD   190517C00020000,AMD   190517P00020000
AMD,2019-04-30,2019-07-30,2019-04-23,2019-05-03,2019-08-16,27.969999313354492,27.5,AMD   190503C00027500,AMD   190503P00027500,AMD   190816C00027500,AMD   190816P00027500
AMD,2019-07-30,2019-10-29,2019-07-23,2019-08-02,2019-11-15,33.4900016784668,32.5,AMD   190802C00032500,AMD   190802P00032500,AMD   191115C00032500,AMD   191115P00032500
AMD,2019-10-29,2020-01-28,2019-10-22,2019-11-01,2020-02-21,31.510000228881836,32.5,AMD   191101C00032500,AMD   191101P00032500,AMD   200221C00032500,AMD   200221P00032500
AMD,2020-01-28,2020-04-28,2020-01-21,2020-01-31,2020-05-15,51.04999923706055,50.0,AMD   200131C00050000,AMD   200131P00050000,AMD   200515C00050000,AMD   200515P00050000
AMD,2020-04-28,2020-07-28,2020-04-21,2020-05-01,2020-08-21,52.91999816894531,55.0,AMD   200501C00055000,AMD   200501P00055000,AMD   200821C00055000,AMD   200821P00055000
AMD,2020-07-28,2020-10-27,2020-07-21,2020-07-31,2020-11-20,57.0,55.0,AMD   200731C00055000,AMD   200731P00055000,AMD   201120C00055000,AMD   201120P00055000
AMD,2020-10-27,2021-01-26,2020-10-20,2020-10-30,2021-02-19,81.55999755859375,80.0,AMD   201030C00080000,AMD   201030P00080000,AMD   210219C00080000,AMD   210219P00080000
AMD,2021-01-26,2021-04-27,2021-01-19,2021-01-29,2021-05-21,89.44999694824219,90.0,AMD   210129C00090000,AMD   210129P00090000,AMD   210521C00090000,AMD   210521P00090000
AMD,2021-04-27,2021-07-27,2021-04-20,2021-04-30,2021-08-20,79.2699966430664,80.0,AMD   210430C00080000,AMD   210430P00080000,AMD   210820C00080000,AMD   210820P00080000
AMD,2021-07-27,2021-10-26,2021-07-20,2021-07-30,2021-11-19,87.11000061035156,85.0,AMD   210730C00085000,AMD   210730P00085000,AMD   211119C00085000,AMD   211119P00085000
AMD,2021-10-26,2022-02-01,2021-10-19,2021-10-29,2022-02-18,116.33000183105469,115.0,AMD   211029C00115000,AMD   211029P00115000,AMD   220218C00115000,AMD   220218P00115000
AMD,2022-02-01,2022-05-03,2022-01-25,2022-02-04,2022-05-20,111.12999725341797,110.0,AMD   220204C00110000,AMD   220204P00110000,AMD   220520C00110000,AMD   220520P00110000
AMD,2022-05-03,2022-08-02,2022-04-26,2022-05-06,2022-08-19,85.16000366210938,85.0,AMD   220506C00085000,AMD   220506P00085000,AMD   220819C00085000,AMD   220819P00085000
AMD,2022-08-02,2022-11-01,2022-07-26,2022-08-05,2022-11-18,85.25,85.0,AMD   220805C00085000,AMD   220805P00085000,AMD   221118C00085000,AMD   221118P00085000
AMD,2022-11-01,2023-01-31,2022-10-25,2022-11-04,2023-02-17,61.470001220703125,60.0,AMD   221104C00060000,AMD   221104P00060000,AMD   230217C00060000,AMD   230217P00060000
AMD,2023-01-31,2023-05-02,2023-01-24,2023-02-03,2023-05-19,74.69999694824219,75.0,AMD   230203C00075000,AMD   230203P00075000,AMD   230519C00075000,AMD   230519P00075000
AMD,2023-05-02,2023-08-01,2023-04-25,2023-05-05,2023-08-18,83.80000305175781,85.0,AMD   230505C00085000,AMD   230505P00085000,AMD   230818C00085000,AMD   230818P00085000
AMD,2023-08-01,2023-10-31,2023-07-25,2023-08-04,2023-11-17,113.0,115.0,AMD   230804C00115000,AMD   230804P00115000,AMD   231117C00115000,AMD   231117P00115000
AMD,2023-10-31,2024-01-30,2023-10-24,2023-11-03,2024-02-16,101.66999816894531,100.0,AMD   231103C00100000,AMD   231103P00100000,AMD   240216C00100000,AMD   240216P00100000
AMD,2024-01-30,2024-04-30,2024-01-23,2024-02-02,2024-05-17,168.4199981689453,170.0,AMD   240202C00170000,AMD   240202P00170000,AMD   240517C00170000,AMD   240517P00170000
AMD,2024-04-30,2024-07-30,2024-04-23,2024-05-03,2024-08-16,152.27000427246094,150.0,AMD   240503C00150000,AMD   240503P00150000,AMD   240816C00150000,AMD   240816P00150000
AMD,2024-07-30,2024-10-29,2024-07-23,2024-08-02,2024-11-15,154.0,155.0,AMD   240802C00155000,AMD   240802P00155000,AMD   241115C00155000,AMD   241115P00155000
AMD,2024-10-29,2025-02-04,2024-10-22,2024-11-01,2025-02-21,154.08999633789062,155.0,AMD   241101C00155000,AMD   241101P00155000,AMD   250221C00155000,AMD   250221P00155000
AMD,2025-02-04,2025-05-06,2025-01-28,2025-02-07,2025-05-16,114.16999816894531,115.0,AMD   250207C00115000,AMD   250207P00115000,AMD   250516C00115000,AMD   250516P00115000
AMD,2025-05-06,2025-08-05,2025-04-29,2025-05-09,2025-08-15,96.05999755859375,95.0,AMD   250509C00095000,AMD   250509P00095000,AMD   250815C00095000,AMD   250815P00095000
AMD,2025-08-05,2025-11-04,2025-07-29,2025-08-08,2025-11-21,177.44000244140625,175.0,AMD   250808C00175000,AMD   250808P00175000,AMD   251121C00175000,AMD   251121P00175000
AMD,2025-11-04,2026-02-03,2025-10-28,2025-11-07,2026-02-20,258.010009765625,260.0,AMD   251107C00260000,AMD   251107P00260000,AMD   260220C00260000,AMD   260220P00260000
AMD,2026-02-03,2026-08-04,2026-01-27,2026-02-06,2026-08-21,252.02999877929688,250.0,AMD   260206C00250000,AMD   260206P00250000,AMD   260821C00250000,AMD   260821P00250000
AMGN,2016-01-28,2016-04-28,2016-01-21,2016-01-29,2016-05-20,152.77999877929688,155.0,AMGN  160129C00155000,AMGN  160129P00155000,AMGN  160520C00155000,AMGN  160520P00155000
AMGN,2016-04-28,2016-07-27,2016-04-21,2016-04-29,2016-08-19,164.35000610351562,165.0,AMGN  160429C00165000,AMGN  160429P00165000,AMGN  160819C00165000,AMGN  160819P00165000
AMGN,2016-07-27,2016-10-27,2016-07-20,2016-07-29,2016-11-18,163.25,165.0,AMGN  160729C00165000,AMGN  160729P00165000,AMGN  161118C00165000,AMGN  161118P00165000
AMGN,2016-10-27,2017-02-02,2016-10-20,2016-10-28,2017-02-17,161.5,160.0,AMGN  161028C00160000,AMGN  161028P00160000,AMGN  170217C00160000,AMGN  170217P00160000
AMGN,2017-02-02,2017-04-26,2017-01-26,2017-02-03,2017-05-19,152.97999572753906,155.0,AMGN  170203C00155000,AMGN  170203P00155000,AMGN  170519C00155000,AMGN  170519P00155000
AMGN,2017-04-26,2017-07-25,2017-04-19,2017-04-28,2017-08-18,161.25999450683594,160.0,AMGN  170428C00160000,AMGN  170428P00160000,AMGN  170818C00160000,AMGN  170818P00160000
AMGN,2017-07-25,2017-10-25,2017-07-18,2017-07-28,2017-11-17,177.47999572753906,175.0,AMGN  170728C00175000,AMGN  170728P00175000,AMGN  171117C00175000,AMGN  171117P00175000
AMGN,2017-10-25,2018-02-01,2017-10-18,2017-10-27,2018-02-16,186.27999877929688,185.0,AMGN  171027C00185000,AMGN  171027P00185000,AMGN  180216C00185000,AMGN  180216P00185000
AMGN,2018-02-01,2018-04-24,2018-01-25,2018-02-02,2018-05-18,190.0800018310547,190.0,AMGN  180202C00190000,AMGN  180202P00190000,AMGN  180518C00190000,AMGN  180518P00190000
AMGN,2018-04-24,2018-07-26,2018-04-17,2018-04-27,2018-08-17,174.8800048828125,175.0,AMGN  180427C00175000,AMGN  180427P00175000,AMGN  180817C00175000,AMGN  180817P00175000
AMGN,2018-07-26,2018-10-30,2018-07-19,2018-07-27,2018-11-16,191.75999450683594,190.0,AMGN  180727C00190000,AMGN  180727P00190000,AMGN  181116C00190000,AMGN  181116P00190000
AMGN,2018-10-30,2019-01-29,2018-10-23,2018-11-02,2019-02-15,197.63999938964844,200.0,AMGN  181102C00200000,AMGN  181102P00200000,AMGN  190215C00200000,AMGN  190215P00200000
AMGN,2019-01-29,2019-04-30,2019-01-22,2019-02-01,2019-05-17,201.97999572753906,200.0,AMGN  190201C00200000,AMGN  190201P00200000,AMGN  190517C00200000,AMGN  190517P00200000
AMGN,2019-04-30,2019-07-30,2019-04-23,2019-05-03,2019-08-16,179.75999450683594,180.0,AMGN  190503C00180000,AMGN  190503P00180000,AMGN  190816C00180000,AMGN  190816P00180000
AMGN,2019-07-30,2019-10-29,2019-07-23,2019-08-02,2019-11-15,176.00999450683594,175.0,AMGN  190802C00175000,AMGN  190802P00175000,AMGN  191115C00175000,AMGN  191115P00175000
AMGN,2019-10-29,2020-01-30,2019-10-22,2019-11-01,2020-02-21,204.8300018310547,200.0,AMGN  191101C00200000,AMGN  191101P00200000,AMGN  200221C00200000,AMGN  200221P00200000
AMGN,2020-01-30,2020-04-30,2020-01-23,2020-01-31,2020-05-15,235.0399932861328,240.0,AMGN  200131C00240000,AMGN  200131P00240000,AMGN  200515C00240000,AMGN  200515P00240000
AMGN,2020-04-30,2020-07-28,2020-04-23,2020-05-01,2020-08-21,232.49000549316406,230.0,AMGN  200501C00230000,AMGN  200501P00230000,AMGN  200821C00230000,AMGN  200821P00230000
AMGN,2020-07-28,2020-10-28,2020-07-21,2020-07-31,2020-11-20,257.9100036621094,260.0,AMGN  200731C00260000,AMGN  200731P00260000,AMGN  201120C00260000,AMGN  201120P00260000
AMGN,2020-10-28,2021-02-02,2020-10-21,2020-10-30,2021-02-19,228.97000122070312,230.0,AMGN  201030C00230000,AMGN  201030P00230000,AMGN  210219C00230000,AMGN  210219P00230000
AMGN,2021-02-02,2021-04-27,2021-01-26,2021-02-05,2021-05-21,258.6000061035156,260.0,AMGN  210205C00260000,AMGN  210205P00260000,AMGN  210521C00260000,AMGN  210521P00260000
AMGN,2021-04-27,2021-08-03,2021-04-20,2021-04-30,2021-08-20,259.1400146484375,260.0,AMGN  210430C00260000,AMGN  210430P00260000,AMGN  210820C00260000,AMGN  210820P00260000
AMGN,2021-08-03,2021-11-02,2021-07-27,2021-08-06,2021-11-19,244.67999267578125,240.0,AMGN  210806C00240000,AMGN  210806P00240000,AMGN  211119C00240000,AMGN  211119P00240000
AMGN,2021-11-02,2022-02-07,2021-10-26,2021-11-05,2022-02-18,208.67999267578125,210.0,AMGN  211105C00210000,AMGN  211105P00210000,AMGN  220218C00210000,AMGN  220218P00210000
AMGN,2022-02-07,2022-04-27,2022-01-31,2022-02-11,2022-05-20,227.13999938964844,230.0,AMGN  220211C00230000,AMGN  220211P00230000,AMGN  220520C00230000,AMGN  220520P00230000
AMGN,2022-04-27,2022-08-04,2022-04-20,2022-04-29,2022-08-19,255.3800048828125,260.0,AMGN  220429C00260000,AMGN  220429P00260000,AMGN  220819C00260000,AMGN  220819P00260000
AMGN,2022-08-04,2022-11-03,2022-07-28,2022-08-05,2022-11-18,249.75,250.0,AMGN  220805C00250000,AMGN  220805P00250000,AMGN  221118C00250000,AMGN  221118P00250000
AMGN,2022-11-03,2023-01-31,2022-10-27,2022-11-04,2023-02-17,267.2300109863281,270.0,AMGN  221104C00270000,AMGN  221104P00270000,AMGN  230217C00270000,AMGN  230217P00270000
AMGN,2023-01-31,2023-04-27,2023-01-24,2023-02-03,2023-05-19,259.70001220703125,260.0,AMGN  230203C00260000,AMGN  230203P00260000,AMGN  230519C00260000,AMGN  230519P00260000
AMGN,2023-04-27,2023-08-03,2023-04-20,2023-04-28,2023-08-18,243.4600067138672,240.0,AMGN  230428C00240000,AMGN  230428P00240000,AMGN  230818C00240000,AMGN  230818P00240000
AMGN,2023-08-03,2023-10-31,2023-07-27,2023-08-04,2023-11-17,236.0500030517578,240.0,AMGN  230804C00240000,AMGN  230804P00240000,AMGN  231117C00240000,AMGN  231117P00240000
AMGN,2023-10-31,2024-02-06,2023-10-24,2023-11-03,2024-02-16,276.1199951171875,280.0,AMGN  231103C00280000,AMGN  231103P00280000,AMGN  240216C00280000,AMGN  240216P00280000
AMGN,2024-02-06,2024-05-02,2024-01-30,2024-02-09,2024-05-17,314.6199951171875,310.0,AMGN  240209C00310000,AMGN  240209P00310000,AMGN  240517C00310000,AMGN  240517P00310000
AMGN,2024-05-02,2024-08-06,2024-04-25,2024-05-03,2024-08-16,269.3800048828125,270.0,AMGN  240503C00270000,AMGN  240503P00270000,AMGN  240816C00270000,AMGN  240816P00270000
AMGN,2024-08-06,2024-10-30,2024-07-30,2024-08-09,2024-11-15,333.2799987792969,330.0,AMGN  240809C00330000,AMGN  240809P00330000,AMGN  241115C00330000,AMGN  241115P00330000
AMGN,2024-10-30,2025-02-04,2024-10-23,2024-11-01,2025-02-21,314.8999938964844,310.0,AMGN  241101C00310000,AMGN  241101P00310000,AMGN  250221C00310000,AMGN  250221P00310000
AMGN,2025-02-04,2025-05-01,2025-01-28,2025-02-07,2025-05-16,280.29998779296875,280.0,AMGN  250207C00280000,AMGN  250207P00280000,AMGN  250516C00280000,AMGN  250516P00280000
AMGN,2025-05-01,2025-08-05,2025-04-24,2025-05-02,2025-08-15,279.8399963378906,280.0,AMGN  250502C00280000,AMGN  250502P00280000,AMGN  250815C00280000,AMGN  250815P00280000
AMGN,2025-08-05,2025-11-04,2025-07-29,2025-08-08,2025-11-21,303.55999755859375,300.0,AMGN  250808C00300000,AMGN  250808P00300000,AMGN  251121C00300000,AMGN  251121P00300000
AMGN,2025-11-04,2026-02-03,2025-10-28,2025-11-07,2026-02-20,292.0899963378906,290.0,AMGN  251107C00290000,AMGN  251107P00290000,AMGN  260220C00290000,AMGN  260220P00290000
AMGN,2026-02-03,2026-08-04,2026-01-27,2026-02-06,2026-08-21,351.32000732421875,350.0,AMGN  260206C00350000,AMGN  260206P00350000,AMGN  260821C00350000,AMGN  260821P00350000
AMZN,2016-01-28,2016-04-28,2016-01-21,2016-01-29,2016-05-20,575.0199890136719,575.0,AMZN  160129C00575000,AMZN  160129P00575000,AMZN  160520C00575000,AMZN  160520P00575000
AMZN,2016-04-28,2016-07-28,2016-04-21,2016-04-29,2016-08-19,630.9999847412109,625.0,AMZN  160429C00625000,AMZN  160429P00625000,AMZN  160819C00625000,AMZN  160819P00625000
AMZN,2016-07-28,2016-10-27,2016-07-21,2016-07-29,2016-11-18,744.4300079345703,750.0,AMZN  160729C00750000,AMZN  160729P00750000,AMZN  161118C00750000,AMZN  161118P00750000
AMZN,2016-10-27,2017-02-02,2016-10-20,2016-10-28,2017-02-17,810.3199768066406,800.0,AMZN  161028C00800000,AMZN  161028P00800000,AMZN  170217C00800000,AMZN  170217P00800000
AMZN,2017-02-02,2017-04-27,2017-01-26,2017-02-03,2017-05-19,839.1500091552734,850.0,AMZN  170203C00850000,AMZN  170203P00850000,AMZN  170519C00850000,AMZN  170519P00850000
AMZN,2017-04-27,2017-07-27,2017-04-20,2017-04-28,2017-08-18,902.0600128173828,900.0,AMZN  170428C00900000,AMZN  170428P00900000,AMZN  170818C00900000,AMZN  170818P00900000
AMZN,2017-07-27,2017-10-26,2017-07-20,2017-07-28,2017-11-17,1028.7000274658203,1050.0,AMZN  170728C01050000,AMZN  170728P01050000,AMZN  171117C01050000,AMZN  171117P01050000
AMZN,2017-10-26,2018-02-01,2017-10-19,2017-10-27,2018-02-16,986.6100311279297,975.0,AMZN  171027C00975000,AMZN  171027P00975000,AMZN  180216C00975000,AMZN  180216P00975000
AMZN,2018-02-01,2018-04-26,2018-01-25,2018-02-02,2018-05-18,1377.9499816894531,1400.0,AMZN  180202C01400000,AMZN  180202P01400000,AMZN  180518C01400000,AMZN  180518P01400000
AMZN,2018-04-26,2018-07-26,2018-04-19,2018-04-27,2018-08-17,1556.9099426269531,1550.0,AMZN  180427C01550000,AMZN  180427P01550000,AMZN  180817C01550000,AMZN  180817P01550000
AMZN,2018-07-26,2018-10-25,2018-07-19,2018-07-27,2018-11-16,1812.969970703125,1800.0,AMZN  180727C01800000,AMZN  180727P01800000,AMZN  181116C01800000,AMZN  181116P01800000
AMZN,2018-10-25,2019-01-31,2018-10-18,2018-10-26,2019-02-15,1770.7200622558594,1750.0,AMZN  181026C01750000,AMZN  181026P01750000,AMZN  190215C01750000,AMZN  190215P01750000
AMZN,2019-01-31,2019-04-25,2019-01-24,2019-02-01,2019-05-17,1654.9299621582031,1650.0,AMZN  190201C01650000,AMZN  190201P01650000,AMZN  190517C01650000,AMZN  190517P01650000
AMZN,2019-04-25,2019-07-25,2019-04-18,2019-04-26,2019-08-16,1861.6900634765625,1850.0,AMZN  190426C01850000,AMZN  190426P01850000,AMZN  190816C01850000,AMZN  190816P01850000
AMZN,2019-07-25,2019-10-24,2019-07-18,2019-07-26,2019-11-15,1977.8999328613281,2000.0,AMZN  190726C02000000,AMZN  190726P02000000,AMZN  191115C02000000,AMZN  191115P02000000
AMZN,2019-10-24,2020-01-30,2019-10-17,2019-10-25,2020-02-21,1787.4800109863281,1800.0,AMZN  191025C01800000,AMZN  191025P01800000,AMZN  200221C01800000,AMZN  200221P01800000
AMZN,2020-01-30,2020-04-30,2020-01-23,2020-01-31,2020-05-15,1884.5799255371094,1900.0,AMZN  200131C01900000,AMZN  200131P01900000,AMZN  200515C01900000,AMZN  200515P01900000
AMZN,2020-04-30,2020-07-30,2020-04-23,2020-05-01,2020-08-21,2399.4500732421875,2400.0,AMZN  200501C02400000,AMZN  200501P02400000,AMZN  200821C02400000,AMZN  200821P02400000
AMZN,2020-07-30,2020-10-29,2020-07-23,2020-07-31,2020-11-20,2986.5499877929688,3000.0,AMZN  200731C03000000,AMZN  200731P03000000,AMZN  201120C03000000,AMZN  201120P03000000
AMZN,2020-10-29,2021-02-02,2020-10-22,2020-10-30,2021-02-19,3176.400146484375,3200.0,AMZN  201030C03200000,AMZN  201030P03200000,AMZN  210219C03200000,AMZN  210219P03200000
AMZN,2021-02-02,2021-04-29,2021-01-26,2021-02-05,2021-05-21,3326.1300659179688,3300.0,AMZN  210205C03300000,AMZN  210205P03300000,AMZN  210521C03300000,AMZN  210521P03300000
AMZN,2021-04-29,2021-07-29,2021-04-22,2021-04-30,2021-08-20,3309.0399169921875,3300.0,AMZN  210430C03300000,AMZN  210430P03300000,AMZN  210820C03300000,AMZN  210820P03300000
AMZN,2021-07-29,2021-10-28,2021-07-22,2021-07-30,2021-11-19,3638.0300903320312,3600.0,AMZN  210730C03600000,AMZN  210730P03600000,AMZN  211119C03600000,AMZN  211119P03600000
AMZN,2021-10-28,2022-02-03,2021-10-21,2021-10-29,2022-02-18,3435.0100708007812,3400.0,AMZN  211029C03400000,AMZN  211029P03400000,AMZN  220218C03400000,AMZN  220218P03400000
AMZN,2022-02-03,2022-04-28,2022-01-27,2022-02-04,2022-05-20,2792.7499389648438,2800.0,AMZN  220204C02800000,AMZN  220204P02800000,AMZN  220520C02800000,AMZN  220520P02800000
AMZN,2022-04-28,2022-07-28,2022-04-21,2022-04-29,2022-08-19,2965.9201049804688,3000.0,AMZN  220429C03000000,AMZN  220429P03000000,AMZN  220819C03000000,AMZN  220819P03000000
AMZN,2022-07-28,2022-10-27,2022-07-21,2022-07-29,2022-11-18,124.62999725341797,125.0,AMZN  220729C00125000,AMZN  220729P00125000,AMZN  221118C00125000,AMZN  221118P00125000
AMZN,2022-10-27,2023-02-02,2022-10-20,2022-10-28,2023-02-17,115.25,115.0,AMZN  221028C00115000,AMZN  221028P00115000,AMZN  230217C00115000,AMZN  230217P00115000
AMZN,2023-02-02,2023-04-27,2023-01-26,2023-02-03,2023-05-19,99.22000122070312,100.0,AMZN  230203C00100000,AMZN  230203P00100000,AMZN  230519C00100000,AMZN  230519P00100000
AMZN,2023-04-27,2023-08-03,2023-04-20,2023-04-28,2023-08-18,103.80999755859375,105.0,AMZN  230428C00105000,AMZN  230428P00105000,AMZN  230818C00105000,AMZN  230818P00105000
AMZN,2023-08-03,2023-10-26,2023-07-27,2023-08-04,2023-11-17,128.25,130.0,AMZN  230804C00130000,AMZN  230804P00130000,AMZN  231117C00130000,AMZN  231117P00130000
AMZN,2023-10-26,2024-02-01,2023-10-19,2023-10-27,2024-02-16,128.39999389648438,130.0,AMZN  231027C00130000,AMZN  231027P00130000,AMZN  240216C00130000,AMZN  240216P00130000
AMZN,2024-02-01,2024-04-30,2024-01-25,2024-02-02,2024-05-17,157.75,160.0,AMZN  240202C00160000,AMZN  240202P00160000,AMZN  240517C00160000,AMZN  240517P00160000
AMZN,2024-04-30,2024-08-01,2024-04-23,2024-05-03,2024-08-16,179.5399932861328,180.0,AMZN  240503C00180000,AMZN  240503P00180000,AMZN  240816C00180000,AMZN  240816P00180000
AMZN,2024-08-01,2024-10-31,2024-07-25,2024-08-02,2024-11-15,179.85000610351562,180.0,AMZN  240802C00180000,AMZN  240802P00180000,AMZN  241115C00180000,AMZN  241115P00180000
AMZN,2024-10-31,2025-02-06,2024-10-24,2024-11-01,2025-02-21,186.3800048828125,185.0,AMZN  241101C00185000,AMZN  241101P00185000,AMZN  250221C00185000,AMZN  250221P00185000
AMZN,2025-02-06,2025-05-01,2025-01-30,2025-02-07,2025-05-16,234.63999938964844,230.0,AMZN  250207C00230000,AMZN  250207P00230000,AMZN  250516C00230000,AMZN  250516P00230000
AMZN,2025-05-01,2025-07-31,2025-04-24,2025-05-02,2025-08-15,186.5399932861328,185.0,AMZN  250502C00185000,AMZN  250502P00185000,AMZN  250815C00185000,AMZN  250815P00185000
AMZN,2025-07-31,2025-10-30,2025-07-24,2025-08-01,2025-11-21,232.22999572753906,230.0,AMZN  250801C00230000,AMZN  250801P00230000,AMZN  251121C00230000,AMZN  251121P00230000
AMZN,2025-10-30,2026-02-05,2025-10-23,2025-10-31,2026-02-20,221.08999633789062,220.0,AMZN  251031C00220000,AMZN  251031P00220000,AMZN  260220C00220000,AMZN  260220P00220000
AMZN,2026-02-05,2026-04-29,2026-01-29,2026-02-06,2026-05-15,241.72999572753906,240.0,AMZN  260206C00240000,AMZN  260206P00240000,AMZN  260515C00240000,AMZN  260515P00240000
AMZN,2026-04-29,2026-07-30,2026-04-22,2026-05-01,2026-08-21,255.36000061035156,260.0,AMZN  260501C00260000,AMZN  260501P00260000,AMZN  260821C00260000,AMZN  260821P00260000
ASML,2016-01-20,2016-04-20,2016-01-13,2016-01-22,2016-05-20,80.01000213623047,80.0,ASML  160122C00080000,ASML  160122P00080000,ASML  160520C00080000,ASML  160520P00080000
ASML,2016-04-20,2016-07-20,2016-04-13,2016-04-22,2016-08-19,102.05000305175781,100.0,ASML  160422C00100000,ASML  160422P00100000,ASML  160819C00100000,ASML  160819P00100000
ASML,2016-07-20,2016-10-19,2016-07-13,2016-07-22,2016-10-21,101.11000061035156,100.0,ASML  160722C00100000,ASML  160722P00100000,ASML  161021C00100000,ASML  161021P00100000
ASML,2016-10-19,2017-01-18,2016-10-12,2016-10-21,2017-01-20,102.58000183105469,105.0,ASML  161021C00105000,ASML  161021P00105000,ASML  170120C00105000,ASML  170120P00105000
ASML,2017-01-18,2017-04-19,2017-01-11,2017-01-20,2017-04-21,113.4800033569336,115.0,ASML  170120C00115000,ASML  170120P00115000,ASML  170421C00115000,ASML  170421P00115000
ASML,2017-04-19,2017-07-19,2017-04-12,2017-04-21,2017-07-21,129.00999450683594,130.0,ASML  170421C00130000,ASML  170421P00130000,ASML  170721C00130000,ASML  170721P00130000
ASML,2017-07-19,2017-10-18,2017-07-12,2017-07-21,2017-10-20,137.0399932861328,135.0,ASML  170721C00135000,ASML  170721P00135000,ASML  171020C00135000,ASML  171020P00135000
ASML,2017-10-18,2018-01-17,2017-10-11,2017-10-20,2018-01-19,172.89999389648438,175.0,ASML  171020C00175000,ASML  171020P00175000,ASML  180119C00175000,ASML  180119P00175000
ASML,2018-01-17,2018-04-18,2018-01-10,2018-01-19,2018-04-20,180.7100067138672,180.0,ASML  180119C00180000,ASML  180119P00180000,ASML  180420C00180000,ASML  180420P00180000
ASML,2018-04-18,2018-07-18,2018-04-11,2018-04-20,2018-07-20,205.5500030517578,210.0,ASML  180420C00210000,ASML  180420P00210000,ASML  180720C00210000,ASML  180720P00210000
ASML,2018-07-18,2018-10-17,2018-07-11,2018-07-20,2018-10-19,193.58999633789062,195.0,ASML  180720C00195000,ASML  180720P00195000,ASML  181019C00195000,ASML  181019P00195000
ASML,2018-10-17,2019-01-23,2018-10-10,2018-10-19,2019-02-15,171.9199981689453,170.0,ASML  181019C00170000,ASML  181019P00170000,ASML  190215C00170000,ASML  190215P00170000
ASML,2019-01-23,2019-04-17,2019-01-16,2019-01-25,2019-04-19,157.27999877929688,155.0,ASML  190125C00155000,ASML  190125P00155000,ASML  190419C00155000,ASML  190419P00155000
ASML,2019-04-17,2019-07-17,2019-04-10,2019-04-19,2019-07-19,199.7899932861328,200.0,ASML  190419C00200000,ASML  190419P00200000,ASML  190719C00200000,ASML  190719P00200000
ASML,2019-07-17,2019-10-16,2019-07-10,2019-07-19,2019-10-18,208.1199951171875,210.0,ASML  190719C00210000,ASML  190719P00210000,ASML  191018C00210000,ASML  191018P00210000
ASML,2019-10-16,2020-01-22,2019-10-09,2019-10-18,2020-02-21,246.27000427246094,250.0,ASML  191018C00250000,ASML  191018P00250000,ASML  200221C00250000,ASML  200221P00250000
ASML,2020-01-22,2020-04-15,2020-01-15,2020-01-24,2020-04-17,300.0799865722656,300.0,ASML  200124C00300000,ASML  200124P00300000,ASML  200417C00300000,ASML  200417P00300000
ASML,2020-04-15,2020-07-15,2020-04-08,2020-04-17,2020-07-17,278.5799865722656,280.0,ASML  200417C00280000,ASML  200417P00280000,ASML  200717C00280000,ASML  200717P00280000
ASML,2020-07-15,2020-10-14,2020-07-08,2020-07-17,2020-10-16,391.92999267578125,390.0,ASML  200717C00390000,ASML  200717P00390000,ASML  201016C00390000,ASML  201016P00390000
ASML,2020-10-14,2021-01-20,2020-10-07,2020-10-16,2021-02-19,375.79998779296875,380.0,ASML  201016C00380000,ASML  201016P00380000,ASML  210219C00380000,ASML  210219P00380000
ASML,2021-01-20,2021-04-21,2021-01-13,2021-01-22,2021-05-21,514.0599975585938,525.0,ASML  210122C00525000,ASML  210122P00525000,ASML  210521C00525000,ASML  210521P00525000
ASML,2021-04-21,2021-07-21,2021-04-14,2021-04-23,2021-08-20,630.989990234375,625.0,ASML  210423C00625000,ASML  210423P00625000,ASML  210820C00625000,ASML  210820P00625000
ASML,2021-07-21,2021-10-20,2021-07-14,2021-07-23,2021-11-19,716.510009765625,725.0,ASML  210723C00725000,ASML  210723P00725000,ASML  211119C00725000,ASML  211119P00725000
ASML,2021-10-20,2022-01-19,2021-10-13,2021-10-22,2022-01-21,744.4199829101562,750.0,ASML  211022C00750000,ASML  211022P00750000,ASML  220121C00750000,ASML  220121P00750000
ASML,2022-01-19,2022-04-20,2022-01-12,2022-01-21,2022-05-20,742.1699829101562,750.0,ASML  220121C00750000,ASML  220121P00750000,ASML  220520C00750000,ASML  220520P00750000
ASML,2022-04-20,2022-07-20,2022-04-13,2022-04-22,2022-08-19,612.760009765625,625.0,ASML  220422C00625000,ASML  220422P00625000,ASML  220819C00625000,ASML  220819P00625000
ASML,2022-07-20,2022-10-19,2022-07-13,2022-07-22,2022-10-21,447.010009765625,450.0,ASML  220722C00450000,ASML  220722P00450000,ASML  221021C00450000,ASML  221021P00450000
ASML,2022-10-19,2023-01-25,2022-10-12,2022-10-21,2023-02-17,398.3299865722656,400.0,ASML  221021C00400000,ASML  221021P00400000,ASML  230217C00400000,ASML  230217P00400000
ASML,2023-01-25,2023-04-19,2023-01-18,2023-01-27,2023-04-21,652.2899780273438,650.0,ASML  230127C00650000,ASML  230127P00650000,ASML  230421C00650000,ASML  230421P00650000
ASML,2023-04-19,2023-07-19,2023-04-12,2023-04-21,2023-07-21,654.6599731445312,650.0,ASML  230421C00650000,ASML  230421P00650000,ASML  230721C00650000,ASML  230721P00650000
ASML,2023-07-19,2023-10-18,2023-07-12,2023-07-21,2023-10-20,724.8599853515625,725.0,ASML  230721C00725000,ASML  230721P00725000,ASML  231020C00725000,ASML  231020P00725000
ASML,2023-10-18,2024-01-24,2023-10-11,2023-10-20,2024-02-16,606.1900024414062,600.0,ASML  231020C00600000,ASML  231020P00600000,ASML  240216C00600000,ASML  240216P00600000
ASML,2024-01-24,2024-04-17,2024-01-17,2024-01-26,2024-04-19,712.27001953125,700.0,ASML  240126C00700000,ASML  240126P00700000,ASML  240419C00700000,ASML  240419P00700000
ASML,2024-04-17,2024-07-17,2024-04-10,2024-04-19,2024-07-19,974.6099853515625,975.0,ASML  240419C00975000,ASML  240419P00975000,ASML  240719C00975000,ASML  240719P00975000
ASML,2024-07-17,2024-10-15,2024-07-10,2024-07-19,2024-10-18,1098.949951171875,1100.0,ASML  240719C01100000,ASML  240719P01100000,ASML  241018C01100000,ASML  241018P01100000
ASML,2024-10-15,2025-01-29,2024-10-08,2024-10-18,2025-02-21,824.260009765625,825.0,ASML  241018C00825000,ASML  241018P00825000,ASML  250221C00825000,ASML  250221P00825000
ASML,2025-01-29,2025-04-16,2025-01-22,2025-01-31,2025-04-18,766.7100219726562,775.0,ASML  250131C00775000,ASML  250131P00775000,ASML  250418C00775000,ASML  250418P00775000
ASML,2025-04-16,2025-07-16,2025-04-09,2025-04-18,2025-07-18,687.260009765625,675.0,ASML  250418C00675000,ASML  250418P00675000,ASML  250718C00675000,ASML  250718P00675000
ASML,2025-07-16,2025-10-15,2025-07-09,2025-07-18,2025-10-17,799.8300170898438,800.0,ASML  250718C00800000,ASML  250718P00800000,ASML  251017C00800000,ASML  251017P00800000
ASML,2025-10-15,2026-01-28,2025-10-08,2025-10-17,2026-02-20,987.8099975585938,1000.0,ASML  251017C01000000,ASML  251017P01000000,ASML  260220C01000000,ASML  260220P01000000
ASML,2026-01-28,2026-04-15,2026-01-21,2026-01-30,2026-04-17,1360.0899658203125,1350.0,ASML  260130C01350000,ASML  260130P01350000,ASML  260417C01350000,ASML  260417P01350000
ASML,2026-04-15,2026-07-15,2026-04-08,2026-04-17,2026-07-17,1421.050048828125,1400.0,ASML  260417C01400000,ASML  260417P01400000,ASML  260717C01400000,ASML  260717P01400000
AVGO,2016-03-03,2016-06-02,2016-02-25,2016-03-04,2016-06-17,132.46999740600586,130.0,AVGO  160304C00130000,AVGO  160304P00130000,AVGO  160617C00130000,AVGO  160617P00130000
AVGO,2016-06-02,2016-09-01,2016-05-26,2016-06-03,2016-09-16,153.02000045776367,155.0,AVGO  160603C00155000,AVGO  160603P00155000,AVGO  160916C00155000,AVGO  160916P00155000
AVGO,2016-09-01,2016-12-08,2016-08-25,2016-09-02,2016-12-16,176.04000091552734,175.0,AVGO  160902C00175000,AVGO  160902P00175000,AVGO  161216C00175000,AVGO  161216P00175000
AVGO,2016-12-08,2017-03-01,2016-12-01,2016-12-09,2017-03-17,162.7899932861328,165.0,AVGO  161209C00165000,AVGO  161209P00165000,AVGO  170317C00165000,AVGO  170317P00165000
AVGO,2017-03-01,2017-06-01,2017-02-22,2017-03-03,2017-06-16,214.16000366210938,210.0,AVGO  170303C00210000,AVGO  170303P00210000,AVGO  170616C00210000,AVGO  170616P00210000
AVGO,2017-06-01,2017-08-24,2017-05-25,2017-06-02,2017-09-15,240.86000442504883,240.0,AVGO  170602C00240000,AVGO  170602P00240000,AVGO  170915C00240000,AVGO  170915P00240000
AVGO,2017-08-24,2017-12-06,2017-08-17,2017-08-25,2017-12-15,246.9499969482422,250.0,AVGO  170825C00250000,AVGO  170825P00250000,AVGO  171215C00250000,AVGO  171215P00250000
AVGO,2017-12-06,2018-03-15,2017-11-29,2017-12-08,2018-03-16,271.49999618530273,270.0,AVGO  171208C00270000,AVGO  171208P00270000,AVGO  180316C00270000,AVGO  180316P00270000
AVGO,2018-03-15,2018-06-07,2018-03-08,2018-03-16,2018-06-15,246.9499969482422,250.0,AVGO  180316C00250000,AVGO  180316P00250000,AVGO  180615C00250000,AVGO  180615P00250000
AVGO,2018-06-07,2018-09-06,2018-05-31,2018-06-08,2018-09-21,252.07000732421875,250.0,AVGO  180608C00250000,AVGO  180608P00250000,AVGO  180921C00250000,AVGO  180921P00250000
AVGO,2018-09-06,2018-12-06,2018-08-30,2018-09-07,2018-12-21,216.65000915527344,220.0,AVGO  180907C00220000,AVGO  180907P00220000,AVGO  181221C00220000,AVGO  181221P00220000
AVGO,2018-12-06,2019-03-14,2018-11-29,2018-12-07,2019-03-15,235.77999114990234,240.0,AVGO  181207C00240000,AVGO  181207P00240000,AVGO  190315C00240000,AVGO  190315P00240000
AVGO,2019-03-14,2019-06-13,2019-03-07,2019-03-15,2019-06-21,265.51000595092773,270.0,AVGO  190315C00270000,AVGO  190315P00270000,AVGO  190621C00270000,AVGO  190621P00270000
AVGO,2019-06-13,2019-09-12,2019-06-06,2019-06-14,2019-09-20,272.7899932861328,270.0,AVGO  190614C00270000,AVGO  190614P00270000,AVGO  190920C00270000,AVGO  190920P00270000
AVGO,2019-09-12,2019-12-12,2019-09-05,2019-09-13,2019-12-20,291.01999282836914,290.0,AVGO  190913C00290000,AVGO  190913P00290000,AVGO  191220C00290000,AVGO  191220P00290000
AVGO,2019-12-12,2020-03-12,2019-12-05,2019-12-13,2020-03-20,311.1899948120117,310.0,AVGO  191213C00310000,AVGO  191213P00310000,AVGO  200320C00310000,AVGO  200320P00310000
AVGO,2020-03-12,2020-06-04,2020-03-05,2020-03-13,2020-06-19,274.0399932861328,270.0,AVGO  200313C00270000,AVGO  200313P00270000,AVGO  200619C00270000,AVGO  200619P00270000
AVGO,2020-06-04,2020-09-03,2020-05-28,2020-06-05,2020-09-18,283.1399917602539,280.0,AVGO  200605C00280000,AVGO  200605P00280000,AVGO  200918C00280000,AVGO  200918P00280000
AVGO,2020-09-03,2020-12-10,2020-08-27,2020-09-04,2020-12-18,339.1400146484375,340.0,AVGO  200904C00340000,AVGO  200904P00340000,AVGO  201218C00340000,AVGO  201218P00340000
AVGO,2020-12-10,2021-03-04,2020-12-03,2020-12-11,2021-03-19,399.7999954223633,400.0,AVGO  201211C00400000,AVGO  201211P00400000,AVGO  210319C00400000,AVGO  210319P00400000
AVGO,2021-03-04,2021-06-03,2021-02-25,2021-03-05,2021-06-18,457.15999603271484,460.0,AVGO  210305C00460000,AVGO  210305P00460000,AVGO  210618C00460000,AVGO  210618P00460000
AVGO,2021-06-03,2021-09-02,2021-05-27,2021-06-04,2021-09-17,467.68001556396484,470.0,AVGO  210604C00470000,AVGO  210604P00470000,AVGO  210917C00470000,AVGO  210917P00470000
AVGO,2021-09-02,2021-12-09,2021-08-26,2021-09-03,2021-12-17,485.7400131225586,490.0,AVGO  210903C00490000,AVGO  210903P00490000,AVGO  211217C00490000,AVGO  211217P00490000
AVGO,2021-12-09,2022-03-03,2021-12-02,2021-12-10,2022-03-18,552.4499893188477,550.0,AVGO  211210C00550000,AVGO  211210P00550000,AVGO  220318C00550000,AVGO  220318P00550000
AVGO,2022-03-03,2022-05-26,2022-02-24,2022-03-04,2022-06-17,580.0,575.0,AVGO  220304C00575000,AVGO  220304P00575000,AVGO  220617C00575000,AVGO  220617P00575000
AVGO,2022-05-26,2022-09-01,2022-05-19,2022-05-27,2022-09-16,546.2099838256836,550.0,AVGO  220527C00550000,AVGO  220527P00550000,AVGO  220916C00550000,AVGO  220916P00550000
AVGO,2022-09-01,2022-12-08,2022-08-25,2022-09-02,2022-12-16,550.1300048828125,550.0,AVGO  220902C00550000,AVGO  220902P00550000,AVGO  221216C00550000,AVGO  221216P00550000
AVGO,2022-12-08,2023-03-02,2022-12-01,2022-12-09,2023-03-17,550.7500076293945,550.0,AVGO  221209C00550000,AVGO  221209P00550000,AVGO  230317C00550000,AVGO  230317P00550000
AVGO,2023-03-02,2023-06-01,2023-02-23,2023-03-03,2023-06-16,583.8000106811523,575.0,AVGO  230303C00575000,AVGO  230303P00575000,AVGO  230616C00575000,AVGO  230616P00575000
AVGO,2023-06-01,2023-08-31,2023-05-25,2023-06-02,2023-09-15,728.7999725341797,725.0,AVGO  230602C00725000,AVGO  230602P00725000,AVGO  230915C00725000,AVGO  230915P00725000
AVGO,2023-08-31,2023-12-07,2023-08-24,2023-09-01,2023-12-15,854.4599914550781,850.0,AVGO  230901C00850000,AVGO  230901P00850000,AVGO  231215C00850000,AVGO  231215P00850000
AVGO,2023-12-07,2024-03-07,2023-11-30,2023-12-08,2024-03-15,925.72998046875,925.0,AVGO  231208C00925000,AVGO  231208P00925000,AVGO  240315C00925000,AVGO  240315P00925000
AVGO,2024-03-07,2024-06-12,2024-02-29,2024-03-08,2024-06-21,1300.4899597167969,1300.0,AVGO  240308C01300000,AVGO  240308P01300000,AVGO  240621C01300000,AVGO  240621P01300000
AVGO,2024-06-12,2024-09-05,2024-06-05,2024-06-14,2024-09-20,1413.0900573730469,1400.0,AVGO  240614C01400000,AVGO  240614P01400000,AVGO  240920C01400000,AVGO  240920P01400000
AVGO,2024-09-05,2024-12-12,2024-08-29,2024-09-06,2024-12-20,156.92999267578125,155.0,AVGO  240906C00155000,AVGO  240906P00155000,AVGO  241220C00155000,AVGO  241220P00155000
AVGO,2024-12-12,2025-03-06,2024-12-05,2024-12-13,2025-03-21,170.47000122070312,170.0,AVGO  241213C00170000,AVGO  241213P00170000,AVGO  250321C00170000,AVGO  250321P00170000
AVGO,2025-03-06,2025-06-05,2025-02-27,2025-03-07,2025-06-20,197.8000030517578,200.0,AVGO  250307C00200000,AVGO  250307P00200000,AVGO  250620C00200000,AVGO  250620P00200000
AVGO,2025-06-05,2025-09-04,2025-05-29,2025-06-06,2025-09-19,241.97000122070312,240.0,AVGO  250606C00240000,AVGO  250606P00240000,AVGO  250919C00240000,AVGO  250919P00240000
AVGO,2025-09-04,2025-12-11,2025-08-28,2025-09-05,2025-12-19,308.6499938964844,310.0,AVGO  250905C00310000,AVGO  250905P00310000,AVGO  251219C00310000,AVGO  251219P00310000
AVGO,2025-12-11,2026-03-04,2025-12-04,2025-12-12,2026-03-20,381.0299987792969,380.0,AVGO  251212C00380000,AVGO  251212P00380000,AVGO  260320C00380000,AVGO  260320P00380000
AVGO,2026-03-04,2026-06-03,2026-02-25,2026-03-06,2026-06-19,332.30999755859375,330.0,AVGO  260306C00330000,AVGO  260306P00330000,AVGO  260619C00330000,AVGO  260619P00330000
BABA,2016-01-28,2016-05-05,2016-01-21,2016-01-29,2016-05-20,70.72000122070312,70.0,BABA  160129C00070000,BABA  160129P00070000,BABA  160520C00070000,BABA  160520P00070000
BABA,2016-05-05,2016-08-11,2016-04-28,2016-05-06,2016-08-19,76.4000015258789,75.0,BABA  160506C00075000,BABA  160506P00075000,BABA  160819C00075000,BABA  160819P00075000
BABA,2016-08-11,2016-11-02,2016-08-04,2016-08-12,2016-11-18,84.75,85.0,BABA  160812C00085000,BABA  160812P00085000,BABA  161118C00085000,BABA  161118P00085000
BABA,2016-11-02,2017-01-24,2016-10-26,2016-11-04,2017-02-17,102.77999877929688,105.0,BABA  161104C00105000,BABA  161104P00105000,BABA  170217C00105000,BABA  170217P00105000
BABA,2017-01-24,2017-05-18,2017-01-17,2017-01-27,2017-05-19,96.12000274658203,95.0,BABA  170127C00095000,BABA  170127P00095000,BABA  170519C00095000,BABA  170519P00095000
BABA,2017-05-18,2017-08-17,2017-05-11,2017-05-19,2017-08-18,120.16000366210938,120.0,BABA  170519C00120000,BABA  170519P00120000,BABA  170818C00120000,BABA  170818P00120000
BABA,2017-08-17,2017-11-02,2017-08-10,2017-08-18,2017-11-17,151.77000427246094,150.0,BABA  170818C00150000,BABA  170818P00150000,BABA  171117C00150000,BABA  171117P00150000
BABA,2017-11-02,2018-02-01,2017-10-26,2017-11-03,2018-02-16,170.32000732421875,170.0,BABA  171103C00170000,BABA  171103P00170000,BABA  180216C00170000,BABA  180216P00170000
BABA,2018-02-01,2018-05-04,2018-01-25,2018-02-02,2018-05-18,198.3300018310547,200.0,BABA  180202C00200000,BABA  180202P00200000,BABA  180518C00200000,BABA  180518P00200000
BABA,2018-05-04,2018-08-23,2018-04-27,2018-05-11,2018-09-21,177.16000366210938,175.0,BABA  180511C00175000,BABA  180511P00175000,BABA  180921C00175000,BABA  180921P00175000
BABA,2018-08-23,2018-11-02,2018-08-16,2018-08-24,2018-11-16,171.99000549316406,170.0,BABA  180824C00170000,BABA  180824P00170000,BABA  181116C00170000,BABA  181116P00170000
BABA,2018-11-02,2019-01-30,2018-10-26,2018-11-09,2019-02-15,142.8699951171875,145.0,BABA  181109C00145000,BABA  181109P00145000,BABA  190215C00145000,BABA  190215P00145000
BABA,2019-01-30,2019-05-15,2019-01-23,2019-02-01,2019-05-17,152.02999877929688,150.0,BABA  190201C00150000,BABA  190201P00150000,BABA  190517C00150000,BABA  190517P00150000
BABA,2019-05-15,2019-08-15,2019-05-08,2019-05-17,2019-08-16,179.58999633789062,180.0,BABA  190517C00180000,BABA  190517P00180000,BABA  190816C00180000,BABA  190816P00180000
BABA,2019-08-15,2019-11-01,2019-08-08,2019-08-16,2019-11-15,162.22000122070312,160.0,BABA  190816C00160000,BABA  190816P00160000,BABA  191115C00160000,BABA  191115P00160000
BABA,2019-11-01,2020-02-13,2019-10-25,2019-11-08,2020-02-21,174.30999755859375,175.0,BABA  191108C00175000,BABA  191108P00175000,BABA  200221C00175000,BABA  200221P00175000
BABA,2020-02-13,2020-05-22,2020-02-06,2020-02-14,2020-06-19,220.89999389648438,220.0,BABA  200214C00220000,BABA  200214P00220000,BABA  200619C00220000,BABA  200619P00220000
BABA,2020-05-22,2020-08-20,2020-05-15,2020-05-29,2020-08-21,203.67999267578125,200.0,BABA  200529C00200000,BABA  200529P00200000,BABA  200821C00200000,BABA  200821P00200000
BABA,2020-08-20,2020-11-05,2020-08-13,2020-08-21,2020-11-20,253.72000122070312,250.0,BABA  200821C00250000,BABA  200821P00250000,BABA  201120C00250000,BABA  201120P00250000
BABA,2020-11-05,2021-02-02,2020-10-29,2020-11-06,2021-02-19,312.55999755859375,310.0,BABA  201106C00310000,BABA  201106P00310000,BABA  210219C00310000,BABA  210219P00310000
BABA,2021-02-02,2021-05-13,2021-01-26,2021-02-05,2021-05-21,265.9200134277344,270.0,BABA  210205C00270000,BABA  210205P00270000,BABA  210521C00270000,BABA  210521P00270000
BABA,2021-05-13,2021-08-03,2021-05-06,2021-05-14,2021-08-20,226.4199981689453,230.0,BABA  210514C00230000,BABA  210514P00230000,BABA  210820C00230000,BABA  210820P00230000
BABA,2021-08-03,2021-11-18,2021-07-27,2021-08-06,2021-11-19,186.07000732421875,185.0,BABA  210806C00185000,BABA  210806P00185000,BABA  211119C00185000,BABA  211119P00185000
BABA,2021-11-18,2022-02-24,2021-11-11,2021-11-19,2022-03-18,167.85000610351562,170.0,BABA  211119C00170000,BABA  211119P00170000,BABA  220318C00170000,BABA  220318P00170000
BABA,2022-02-24,2022-05-26,2022-02-17,2022-02-25,2022-06-17,124.43000030517578,125.0,BABA  220225C00125000,BABA  220225P00125000,BABA  220617C00125000,BABA  220617P00125000
BABA,2022-05-26,2022-08-04,2022-05-19,2022-05-27,2022-08-19,87.69000244140625,90.0,BABA  220527C00090000,BABA  220527P00090000,BABA  220819C00090000,BABA  220819P00090000
BABA,2022-08-04,2022-11-17,2022-07-28,2022-08-05,2022-11-18,100.55000305175781,100.0,BABA  220805C00100000,BABA  220805P00100000,BABA  221118C00100000,BABA  221118P00100000
BABA,2022-11-17,2023-02-23,2022-11-10,2022-11-18,2023-03-17,69.7699966430664,70.0,BABA  221118C00070000,BABA  221118P00070000,BABA  230317C00070000,BABA  230317P00070000
BABA,2023-02-23,2023-05-18,2023-02-16,2023-02-24,2023-05-19,103.11000061035156,105.0,BABA  230224C00105000,BABA  230224P00105000,BABA  230519C00105000,BABA  230519P00105000
BABA,2023-05-18,2023-08-10,2023-05-11,2023-05-19,2023-08-18,87.88999938964844,90.0,BABA  230519C00090000,BABA  230519P00090000,BABA  230818C00090000,BABA  230818P00090000
BABA,2023-08-10,2023-11-16,2023-08-03,2023-08-11,2023-11-17,97.58000183105469,100.0,BABA  230811C00100000,BABA  230811P00100000,BABA  231117C00100000,BABA  231117P00100000
BABA,2023-11-16,2024-02-07,2023-11-09,2023-11-17,2024-02-16,82.7300033569336,85.0,BABA  231117C00085000,BABA  231117P00085000,BABA  240216C00085000,BABA  240216P00085000
BABA,2024-02-07,2024-05-14,2024-01-31,2024-02-09,2024-05-17,72.16999816894531,70.0,BABA  240209C00070000,BABA  240209P00070000,BABA  240517C00070000,BABA  240517P00070000
BABA,2024-05-14,2024-08-15,2024-05-07,2024-05-17,2024-08-16,79.37000274658203,80.0,BABA  240517C00080000,BABA  240517P00080000,BABA  240816C00080000,BABA  240816P00080000
BABA,2024-08-15,2024-11-15,2024-08-08,2024-08-16,2024-12-20,80.30999755859375,80.0,BABA  240816C00080000,BABA  240816P00080000,BABA  241220C00080000,BABA  241220P00080000
BABA,2024-11-15,2025-02-20,2024-11-08,2024-11-22,2025-02-21,94.19000244140625,95.0,BABA  241122C00095000,BABA  241122P00095000,BABA  250221C00095000,BABA  250221P00095000
BABA,2025-02-20,2025-05-15,2025-02-13,2025-02-21,2025-05-16,119.54000091552734,120.0,BABA  250221C00120000,BABA  250221P00120000,BABA  250516C00120000,BABA  250516P00120000
BABA,2025-05-15,2025-08-29,2025-05-08,2025-05-16,2025-09-19,125.79000091552734,125.0,BABA  250516C00125000,BABA  250516P00125000,BABA  250919C00125000,BABA  250919P00125000
BABA,2025-08-29,2025-11-25,2025-08-22,2025-09-05,2025-12-19,122.94000244140625,125.0,BABA  250905C00125000,BABA  250905P00125000,BABA  251219C00125000,BABA  251219P00125000
BABA,2025-11-25,2026-03-19,2025-11-18,2025-11-28,2026-03-20,159.72000122070312,160.0,BABA  251128C00160000,BABA  251128P00160000,BABA  260320C00160000,BABA  260320P00160000
BABA,2026-03-19,2026-05-13,2026-03-12,2026-03-20,2026-05-15,134.1999969482422,135.0,BABA  260320C00135000,BABA  260320P00135000,BABA  260515C00135000,BABA  260515P00135000
CSCO,2016-02-10,2016-05-18,2016-02-03,2016-02-12,2016-05-20,23.100000381469727,23.0,CSCO  160212C00023000,CSCO  160212P00023000,CSCO  160520C00023000,CSCO  160520P00023000
CSCO,2016-05-18,2016-08-17,2016-05-11,2016-05-20,2016-08-19,26.700000762939453,27.5,CSCO  160520C00027500,CSCO  160520P00027500,CSCO  160819C00027500,CSCO  160819P00027500
CSCO,2016-08-17,2016-11-16,2016-08-10,2016-08-19,2016-11-18,30.850000381469727,30.0,CSCO  160819C00030000,CSCO  160819P00030000,CSCO  161118C00030000,CSCO  161118P00030000
CSCO,2016-11-16,2017-02-15,2016-11-09,2016-11-18,2017-02-17,31.360000610351562,32.5,CSCO  161118C00032500,CSCO  161118P00032500,CSCO  170217C00032500,CSCO  170217P00032500
CSCO,2017-02-15,2017-05-17,2017-02-08,2017-02-17,2017-05-19,31.270000457763672,32.5,CSCO  170217C00032500,CSCO  170217P00032500,CSCO  170519C00032500,CSCO  170519P00032500
CSCO,2017-05-17,2017-08-16,2017-05-10,2017-05-19,2017-08-18,33.7400016784668,32.5,CSCO  170519C00032500,CSCO  170519P00032500,CSCO  170818C00032500,CSCO  170818P00032500
CSCO,2017-08-16,2017-11-15,2017-08-09,2017-08-18,2017-11-17,31.6200008392334,32.5,CSCO  170818C00032500,CSCO  170818P00032500,CSCO  171117C00032500,CSCO  171117P00032500
CSCO,2017-11-15,2018-02-14,2017-11-08,2017-11-17,2018-02-16,34.5,35.0,CSCO  171117C00035000,CSCO  171117P00035000,CSCO  180216C00035000,CSCO  180216P00035000
CSCO,2018-02-14,2018-05-16,2018-02-07,2018-02-16,2018-05-18,40.34000015258789,40.0,CSCO  180216C00040000,CSCO  180216P00040000,CSCO  180518C00040000,CSCO  180518P00040000
CSCO,2018-05-16,2018-08-15,2018-05-09,2018-05-18,2018-08-17,46.040000915527344,45.0,CSCO  180518C00045000,CSCO  180518P00045000,CSCO  180817C00045000,CSCO  180817P00045000
CSCO,2018-08-15,2018-11-14,2018-08-08,2018-08-17,2018-11-16,43.84000015258789,45.0,CSCO  180817C00045000,CSCO  180817P00045000,CSCO  181116C00045000,CSCO  181116P00045000
CSCO,2018-11-14,2019-02-13,2018-11-07,2018-11-16,2019-02-15,47.900001525878906,47.5,CSCO  181116C00047500,CSCO  181116P00047500,CSCO  190215C00047500,CSCO  190215P00047500
CSCO,2019-02-13,2019-05-15,2019-02-06,2019-02-15,2019-05-17,47.47999954223633,47.5,CSCO  190215C00047500,CSCO  190215P00047500,CSCO  190517C00047500,CSCO  190517P00047500
CSCO,2019-05-15,2019-08-14,2019-05-08,2019-05-17,2019-08-16,53.470001220703125,55.0,CSCO  190517C00055000,CSCO  190517P00055000,CSCO  190816C00055000,CSCO  190816P00055000
CSCO,2019-08-14,2019-11-13,2019-08-07,2019-08-16,2019-11-15,52.34000015258789,50.0,CSCO  190816C00050000,CSCO  190816P00050000,CSCO  191115C00050000,CSCO  191115P00050000
CSCO,2019-11-13,2020-02-12,2019-11-06,2019-11-15,2020-02-21,48.27000045776367,47.5,CSCO  191115C00047500,CSCO  191115P00047500,CSCO  200221C00047500,CSCO  200221P00047500
CSCO,2020-02-12,2020-05-13,2020-02-05,2020-02-14,2020-05-15,48.45000076293945,47.5,CSCO  200214C00047500,CSCO  200214P00047500,CSCO  200515C00047500,CSCO  200515P00047500
CSCO,2020-05-13,2020-08-12,2020-05-06,2020-05-15,2020-08-21,41.150001525878906,40.0,CSCO  200515C00040000,CSCO  200515P00040000,CSCO  200821C00040000,CSCO  200821P00040000
CSCO,2020-08-12,2020-11-12,2020-08-05,2020-08-14,2020-11-20,47.33000183105469,47.5,CSCO  200814C00047500,CSCO  200814P00047500,CSCO  201120C00047500,CSCO  201120P00047500
CSCO,2020-11-12,2021-02-09,2020-11-05,2020-11-13,2021-02-19,37.22999954223633,37.5,CSCO  201113C00037500,CSCO  201113P00037500,CSCO  210219C00037500,CSCO  210219P00037500
CSCO,2021-02-09,2021-05-19,2021-02-02,2021-02-12,2021-05-21,45.83000183105469,45.0,CSCO  210212C00045000,CSCO  210212P00045000,CSCO  210521C00045000,CSCO  210521P00045000
CSCO,2021-05-19,2021-08-18,2021-05-12,2021-05-21,2021-08-20,51.599998474121094,50.0,CSCO  210521C00050000,CSCO  210521P00050000,CSCO  210820C00050000,CSCO  210820P00050000
CSCO,2021-08-18,2021-11-17,2021-08-11,2021-08-20,2021-11-19,55.86000061035156,55.0,CSCO  210820C00055000,CSCO  210820P00055000,CSCO  211119C00055000,CSCO  211119P00055000
CSCO,2021-11-17,2022-02-16,2021-11-10,2021-11-19,2022-02-18,57.77000045776367,60.0,CSCO  211119C00060000,CSCO  211119P00060000,CSCO  220218C00060000,CSCO  220218P00060000
CSCO,2022-02-16,2022-05-18,2022-02-09,2022-02-18,2022-05-20,56.290000915527344,55.0,CSCO  220218C00055000,CSCO  220218P00055000,CSCO  220520C00055000,CSCO  220520P00055000
CSCO,2022-05-18,2022-08-17,2022-05-11,2022-05-20,2022-08-19,48.650001525878906,47.5,CSCO  220520C00047500,CSCO  220520P00047500,CSCO  220819C00047500,CSCO  220819P00047500
CSCO,2022-08-17,2022-11-16,2022-08-10,2022-08-19,2022-11-18,46.02000045776367,45.0,CSCO  220819C00045000,CSCO  220819P00045000,CSCO  221118C00045000,CSCO  221118P00045000
CSCO,2022-11-16,2023-02-15,2022-11-09,2022-11-18,2023-02-17,43.90999984741211,45.0,CSCO  221118C00045000,CSCO  221118P00045000,CSCO  230217C00045000,CSCO  230217P00045000
CSCO,2023-02-15,2023-05-17,2023-02-08,2023-02-17,2023-05-19,46.959999084472656,47.5,CSCO  230217C00047500,CSCO  230217P00047500,CSCO  230519C00047500,CSCO  230519P00047500
CSCO,2023-05-17,2023-08-16,2023-05-10,2023-05-19,2023-08-18,46.709999084472656,47.5,CSCO  230519C00047500,CSCO  230519P00047500,CSCO  230818C00047500,CSCO  230818P00047500
CSCO,2023-08-16,2023-11-15,2023-08-09,2023-08-18,2023-11-17,52.9900016784668,55.0,CSCO  230818C00055000,CSCO  230818P00055000,CSCO  231117C00055000,CSCO  231117P00055000
CSCO,2023-11-15,2024-02-14,2023-11-08,2023-11-17,2024-02-16,53.0,55.0,CSCO  231117C00055000,CSCO  231117P00055000,CSCO  240216C00055000,CSCO  240216P00055000
CSCO,2024-02-14,2024-05-15,2024-02-07,2024-02-16,2024-05-17,49.77000045776367,50.0,CSCO  240216C00050000,CSCO  240216P00050000,CSCO  240517C00050000,CSCO  240517P00050000
CSCO,2024-05-15,2024-08-14,2024-05-08,2024-05-17,2024-08-16,48.0,47.5,CSCO  240517C00047500,CSCO  240517P00047500,CSCO  240816C00047500,CSCO  240816P00047500
CSCO,2024-08-14,2024-11-13,2024-08-07,2024-08-16,2024-11-15,45.119998931884766,45.0,CSCO  240816C00045000,CSCO  240816P00045000,CSCO  241115C00045000,CSCO  241115P00045000
CSCO,2024-11-13,2025-02-12,2024-11-06,2024-11-15,2025-02-21,57.869998931884766,60.0,CSCO  241115C00060000,CSCO  241115P00060000,CSCO  250221C00060000,CSCO  250221P00060000
CSCO,2025-02-12,2025-05-14,2025-02-05,2025-02-14,2025-05-16,62.56999969482422,65.0,CSCO  250214C00065000,CSCO  250214P00065000,CSCO  250516C00065000,CSCO  250516P00065000
CSCO,2025-05-14,2025-08-13,2025-05-07,2025-05-16,2025-08-15,59.56999969482422,60.0,CSCO  250516C00060000,CSCO  250516P00060000,CSCO  250815C00060000,CSCO  250815P00060000
CSCO,2025-08-13,2025-11-12,2025-08-06,2025-08-15,2025-11-21,69.20999908447266,70.0,CSCO  250815C00070000,CSCO  250815P00070000,CSCO  251121C00070000,CSCO  251121P00070000
CSCO,2025-11-12,2026-02-11,2025-11-05,2025-11-14,2026-02-20,72.0999984741211,70.0,CSCO  251114C00070000,CSCO  251114P00070000,CSCO  260220C00070000,CSCO  260220P00070000
CSCO,2026-02-11,2026-08-12,2026-02-04,2026-02-13,2026-08-21,81.16000366210938,80.0,CSCO  260213C00080000,CSCO  260213P00080000,CSCO  260821C00080000,CSCO  260821P00080000
GOOGL,2016-02-01,2016-04-21,2016-01-25,2016-02-05,2016-05-20,733.6199951171875,725.0,GOOGL 160205C00725000,GOOGL 160205P00725000,GOOGL 160520C00725000,GOOGL 160520P00725000
GOOGL,2016-04-21,2016-07-28,2016-04-14,2016-04-22,2016-08-19,775.3900146484375,775.0,GOOGL 160422C00775000,GOOGL 160422P00775000,GOOGL 160819C00775000,GOOGL 160819P00775000
GOOGL,2016-07-28,2016-10-27,2016-07-21,2016-07-29,2016-11-18,754.4100189208984,750.0,GOOGL 160729C00750000,GOOGL 160729P00750000,GOOGL 161118C00750000,GOOGL 161118P00750000
GOOGL,2016-10-27,2017-01-26,2016-10-20,2016-10-28,2017-02-17,821.6300201416016,825.0,GOOGL 161028C00825000,GOOGL 161028P00825000,GOOGL 170217C00825000,GOOGL 170217P00825000
GOOGL,2017-01-26,2017-04-27,2017-01-19,2017-01-27,2017-05-19,824.3699645996094,825.0,GOOGL 170127C00825000,GOOGL 170127P00825000,GOOGL 170519C00825000,GOOGL 170519P00825000
GOOGL,2017-04-27,2017-07-24,2017-04-20,2017-04-28,2017-08-18,860.0800323486328,850.0,GOOGL 170428C00850000,GOOGL 170428P00850000,GOOGL 170818C00850000,GOOGL 170818P00850000
GOOGL,2017-07-24,2017-10-26,2017-07-17,2017-07-28,2017-11-17,975.9600067138672,975.0,GOOGL 170728C00975000,GOOGL 170728P00975000,GOOGL 171117C00975000,GOOGL 171117P00975000
GOOGL,2017-10-26,2018-02-01,2017-10-19,2017-10-27,2018-02-16,1001.8399810791016,1000.0,GOOGL 171027C01000000,GOOGL 171027P01000000,GOOGL 180216C01000000,GOOGL 180216P01000000
GOOGL,2018-02-01,2018-04-23,2018-01-25,2018-02-02,2018-05-18,1182.1399688720703,1200.0,GOOGL 180202C01200000,GOOGL 180202P01200000,GOOGL 180518C01200000,GOOGL 180518P01200000
GOOGL,2018-04-23,2018-07-23,2018-04-16,2018-04-27,2018-08-17,1046.1000061035156,1050.0,GOOGL 180427C01050000,GOOGL 180427P01050000,GOOGL 180817C01050000,GOOGL 180817P01050000
GOOGL,2018-07-23,2018-10-25,2018-07-16,2018-07-27,2018-11-16,1196.510009765625,1200.0,GOOGL 180727C01200000,GOOGL 180727P01200000,GOOGL 181116C01200000,GOOGL 181116P01200000
GOOGL,2018-10-25,2019-02-04,2018-10-18,2018-10-26,2019-02-15,1097.9100036621094,1100.0,GOOGL 181026C01100000,GOOGL 181026P01100000,GOOGL 190215C01100000,GOOGL 190215P01100000
GOOGL,2019-02-04,2019-04-29,2019-01-28,2019-02-08,2019-05-17,1079.8600006103516,1100.0,GOOGL 190208C01100000,GOOGL 190208P01100000,GOOGL 190517C01100000,GOOGL 190517P01100000
GOOGL,2019-04-29,2019-07-25,2019-04-22,2019-05-03,2019-08-16,1253.759994506836,1250.0,GOOGL 190503C01250000,GOOGL 190503P01250000,GOOGL 190816C01250000,GOOGL 190816P01250000
GOOGL,2019-07-25,2019-10-28,2019-07-18,2019-07-26,2019-11-15,1147.239990234375,1150.0,GOOGL 190726C01150000,GOOGL 190726P01150000,GOOGL 191115C01150000,GOOGL 191115P01150000
GOOGL,2019-10-28,2020-02-03,2019-10-21,2019-11-01,2020-02-21,1244.280014038086,1250.0,GOOGL 191101C01250000,GOOGL 191101P01250000,GOOGL 200221C01250000,GOOGL 200221P01250000
GOOGL,2020-02-03,2020-04-28,2020-01-27,2020-02-07,2020-05-15,1431.7300415039062,1450.0,GOOGL 200207C01450000,GOOGL 200207P01450000,GOOGL 200515C01450000,GOOGL 200515P01450000
GOOGL,2020-04-28,2020-07-30,2020-04-21,2020-05-01,2020-08-21,1212.1600341796875,1200.0,GOOGL 200501C01200000,GOOGL 200501P01200000,GOOGL 200821C01200000,GOOGL 200821P01200000
GOOGL,2020-07-30,2020-10-29,2020-07-23,2020-07-31,2020-11-20,1516.7500305175781,1500.0,GOOGL 200731C01500000,GOOGL 200731P01500000,GOOGL 201120C01500000,GOOGL 201120P01500000
GOOGL,2020-10-29,2021-02-02,2020-10-22,2020-10-30,2021-02-19,1606.6600036621094,1600.0,GOOGL 201030C01600000,GOOGL 201030P01600000,GOOGL 210219C01600000,GOOGL 210219P01600000
GOOGL,2021-02-02,2021-04-27,2021-01-26,2021-02-05,2021-05-21,1907.9499816894531,1900.0,GOOGL 210205C01900000,GOOGL 210205P01900000,GOOGL 210521C01900000,GOOGL 210521P01900000
GOOGL,2021-04-27,2021-07-27,2021-04-20,2021-04-30,2021-08-20,2279.010009765625,2300.0,GOOGL 210430C02300000,GOOGL 210430P02300000,GOOGL 210820C02300000,GOOGL 210820P02300000
GOOGL,2021-07-27,2021-10-26,2021-07-20,2021-07-30,2021-11-19,2524.1900634765625,2500.0,GOOGL 210730C02500000,GOOGL 210730P02500000,GOOGL 211119C02500000,GOOGL 211119P02500000
GOOGL,2021-10-26,2022-02-01,2021-10-19,2021-10-29,2022-02-18,2864.739990234375,2900.0,GOOGL 211029C02900000,GOOGL 211029P02900000,GOOGL 220218C02900000,GOOGL 220218P02900000
GOOGL,2022-02-01,2022-04-26,2022-01-25,2022-02-04,2022-05-20,2538.699951171875,2500.0,GOOGL 220204C02500000,GOOGL 220204P02500000,GOOGL 220520C02500000,GOOGL 220520P02500000
GOOGL,2022-04-26,2022-07-26,2022-04-19,2022-04-29,2022-08-19,2600.1800537109375,2600.0,GOOGL 220429C02600000,GOOGL 220429P02600000,GOOGL 220819C02600000,GOOGL 220819P02600000
GOOGL,2022-07-26,2022-10-25,2022-07-19,2022-07-29,2022-11-18,113.80999755859375,115.0,GOOGL 220729C00115000,GOOGL 220729P00115000,GOOGL 221118C00115000,GOOGL 221118P00115000
GOOGL,2022-10-25,2023-02-02,2022-10-18,2022-10-28,2023-02-17,100.7699966430664,100.0,GOOGL 221028C00100000,GOOGL 221028P00100000,GOOGL 230217C00100000,GOOGL 230217P00100000
GOOGL,2023-02-02,2023-04-25,2023-01-26,2023-02-03,2023-05-19,97.5199966430664,100.0,GOOGL 230203C00100000,GOOGL 230203P00100000,GOOGL 230519C00100000,GOOGL 230519P00100000
GOOGL,2023-04-25,2023-07-25,2023-04-18,2023-04-28,2023-08-18,104.5,105.0,GOOGL 230428C00105000,GOOGL 230428P00105000,GOOGL 230818C00105000,GOOGL 230818P00105000
GOOGL,2023-07-25,2023-10-24,2023-07-18,2023-07-28,2023-11-17,123.76000213623047,125.0,GOOGL 230728C00125000,GOOGL 230728P00125000,GOOGL 231117C00125000,GOOGL 231117P00125000
GOOGL,2023-10-24,2024-01-30,2023-10-17,2023-10-27,2024-02-16,139.72000122070312,140.0,GOOGL 231027C00140000,GOOGL 231027P00140000,GOOGL 240216C00140000,GOOGL 240216P00140000
GOOGL,2024-01-30,2024-04-25,2024-01-23,2024-02-02,2024-05-17,147.0399932861328,145.0,GOOGL 240202C00145000,GOOGL 240202P00145000,GOOGL 240517C00145000,GOOGL 240517P00145000
GOOGL,2024-04-25,2024-07-23,2024-04-18,2024-04-26,2024-08-16,156.00999450683594,155.0,GOOGL 240426C00155000,GOOGL 240426P00155000,GOOGL 240816C00155000,GOOGL 240816P00155000
GOOGL,2024-07-23,2024-10-29,2024-07-16,2024-07-26,2024-11-15,183.9199981689453,185.0,GOOGL 240726C00185000,GOOGL 240726P00185000,GOOGL 241115C00185000,GOOGL 241115P00185000
GOOGL,2024-10-29,2025-02-04,2024-10-22,2024-11-01,2025-02-21,165.13999938964844,165.0,GOOGL 241101C00165000,GOOGL 241101P00165000,GOOGL 250221C00165000,GOOGL 250221P00165000
GOOGL,2025-02-04,2025-04-24,2025-01-28,2025-02-07,2025-05-16,195.3000030517578,195.0,GOOGL 250207C00195000,GOOGL 250207P00195000,GOOGL 250516C00195000,GOOGL 250516P00195000
GOOGL,2025-04-24,2025-07-23,2025-04-17,2025-04-25,2025-08-15,151.16000366210938,150.0,GOOGL 250425C00150000,GOOGL 250425P00150000,GOOGL 250815C00150000,GOOGL 250815P00150000
GOOGL,2025-07-23,2025-10-29,2025-07-16,2025-07-25,2025-11-21,182.97000122070312,185.0,GOOGL 250725C00185000,GOOGL 250725P00185000,GOOGL 251121C00185000,GOOGL 251121P00185000
GOOGL,2025-10-29,2026-02-04,2025-10-22,2025-10-31,2026-02-20,251.69000244140625,250.0,GOOGL 251031C00250000,GOOGL 251031P00250000,GOOGL 260220C00250000,GOOGL 260220P00250000
GOOGL,2026-02-04,2026-04-29,2026-01-28,2026-02-06,2026-05-15,336.010009765625,340.0,GOOGL 260206C00340000,GOOGL 260206P00340000,GOOGL 260515C00340000,GOOGL 260515P00340000
GOOGL,2026-04-29,2026-07-23,2026-04-22,2026-05-01,2026-08-21,339.32000732421875,340.0,GOOGL 260501C00340000,GOOGL 260501P00340000,GOOGL 260821C00340000,GOOGL 260821P00340000
INTC,2016-01-14,2016-04-19,2016-01-07,2016-01-15,2016-05-20,31.84000015258789,32.5,INTC  160115C00032500,INTC  160115P00032500,INTC  160520C00032500,INTC  160520P00032500
INTC,2016-04-19,2016-07-20,2016-04-12,2016-04-22,2016-08-19,31.860000610351562,32.5,INTC  160422C00032500,INTC  160422P00032500,INTC  160819C00032500,INTC  160819P00032500
INTC,2016-07-20,2016-10-18,2016-07-13,2016-07-22,2016-10-21,35.0099983215332,35.0,INTC  160722C00035000,INTC  160722P00035000,INTC  161021C00035000,INTC  161021P00035000
INTC,2016-10-18,2017-01-26,2016-10-11,2016-10-21,2017-02-17,37.27000045776367,37.5,INTC  161021C00037500,INTC  161021P00037500,INTC  170217C00037500,INTC  170217P00037500
INTC,2017-01-26,2017-04-27,2017-01-19,2017-01-27,2017-05-19,36.56999969482422,37.5,INTC  170127C00037500,INTC  170127P00037500,INTC  170519C00037500,INTC  170519P00037500
INTC,2017-04-27,2017-07-27,2017-04-20,2017-04-28,2017-08-18,36.18000030517578,35.0,INTC  170428C00035000,INTC  170428P00035000,INTC  170818C00035000,INTC  170818P00035000
INTC,2017-07-27,2017-10-26,2017-07-20,2017-07-28,2017-11-17,34.75,35.0,INTC  170728C00035000,INTC  170728P00035000,INTC  171117C00035000,INTC  171117P00035000
INTC,2017-10-26,2018-01-25,2017-10-19,2017-10-27,2018-02-16,40.09000015258789,40.0,INTC  171027C00040000,INTC  171027P00040000,INTC  180216C00040000,INTC  180216P00040000
INTC,2018-01-25,2018-04-26,2018-01-18,2018-01-26,2018-05-18,44.47999954223633,45.0,INTC  180126C00045000,INTC  180126P00045000,INTC  180518C00045000,INTC  180518P00045000
INTC,2018-04-26,2018-07-26,2018-04-19,2018-04-27,2018-08-17,52.220001220703125,50.0,INTC  180427C00050000,INTC  180427P00050000,INTC  180817C00050000,INTC  180817P00050000
INTC,2018-07-26,2018-10-25,2018-07-19,2018-07-27,2018-11-16,51.97999954223633,50.0,INTC  180727C00050000,INTC  180727P00050000,INTC  181116C00050000,INTC  181116P00050000
INTC,2018-10-25,2019-01-24,2018-10-18,2018-10-26,2019-02-15,44.970001220703125,45.0,INTC  181026C00045000,INTC  181026P00045000,INTC  190215C00045000,INTC  190215P00045000
INTC,2019-01-24,2019-04-25,2019-01-17,2019-01-25,2019-05-17,48.470001220703125,47.5,INTC  190125C00047500,INTC  190125P00047500,INTC  190517C00047500,INTC  190517P00047500
INTC,2019-04-25,2019-07-25,2019-04-18,2019-04-26,2019-08-16,58.4900016784668,60.0,INTC  190426C00060000,INTC  190426P00060000,INTC  190816C00060000,INTC  190816P00060000
INTC,2019-07-25,2019-10-24,2019-07-18,2019-07-26,2019-11-15,49.939998626708984,50.0,INTC  190726C00050000,INTC  190726P00050000,INTC  191115C00050000,INTC  191115P00050000
INTC,2019-10-24,2020-01-23,2019-10-17,2019-10-25,2020-02-21,51.86000061035156,50.0,INTC  191025C00050000,INTC  191025P00050000,INTC  200221C00050000,INTC  200221P00050000
INTC,2020-01-23,2020-04-23,2020-01-16,2020-01-24,2020-05-15,59.65999984741211,60.0,INTC  200124C00060000,INTC  200124P00060000,INTC  200515C00060000,INTC  200515P00060000
INTC,2020-04-23,2020-07-23,2020-04-16,2020-04-24,2020-08-21,60.790000915527344,60.0,INTC  200424C00060000,INTC  200424P00060000,INTC  200821C00060000,INTC  200821P00060000
INTC,2020-07-23,2020-10-22,2020-07-16,2020-07-24,2020-11-20,59.13999938964844,60.0,INTC  200724C00060000,INTC  200724P00060000,INTC  201120C00060000,INTC  201120P00060000
INTC,2020-10-22,2021-01-21,2020-10-15,2020-10-23,2021-02-19,53.849998474121094,55.0,INTC  201023C00055000,INTC  201023P00055000,INTC  210219C00055000,INTC  210219P00055000
INTC,2021-01-21,2021-04-22,2021-01-14,2021-01-22,2021-05-21,59.25,60.0,INTC  210122C00060000,INTC  210122P00060000,INTC  210521C00060000,INTC  210521P00060000
INTC,2021-04-22,2021-07-22,2021-04-15,2021-04-23,2021-08-20,65.0199966430664,65.0,INTC  210423C00065000,INTC  210423P00065000,INTC  210820C00065000,INTC  210820P00065000
INTC,2021-07-22,2021-10-21,2021-07-15,2021-07-23,2021-11-19,55.810001373291016,55.0,INTC  210723C00055000,INTC  210723P00055000,INTC  211119C00055000,INTC  211119P00055000
INTC,2021-10-21,2022-01-26,2021-10-14,2021-10-22,2022-02-18,53.900001525878906,55.0,INTC  211022C00055000,INTC  211022P00055000,INTC  220218C00055000,INTC  220218P00055000
INTC,2022-01-26,2022-04-28,2022-01-19,2022-01-28,2022-05-20,53.619998931884766,55.0,INTC  220128C00055000,INTC  220128P00055000,INTC  220520C00055000,INTC  220520P00055000
INTC,2022-04-28,2022-07-28,2022-04-21,2022-04-29,2022-08-19,47.5,47.5,INTC  220429C00047500,INTC  220429P00047500,INTC  220819C00047500,INTC  220819P00047500
INTC,2022-07-28,2022-10-27,2022-07-21,2022-07-29,2022-11-18,40.61000061035156,40.0,INTC  220729C00040000,INTC  220729P00040000,INTC  221118C00040000,INTC  221118P00040000
INTC,2022-10-27,2023-01-26,2022-10-20,2022-10-28,2023-02-17,26.079999923706055,25.0,INTC  221028C00025000,INTC  221028P00025000,INTC  230217C00025000,INTC  230217P00025000
INTC,2023-01-26,2023-04-27,2023-01-19,2023-01-27,2023-05-19,28.420000076293945,27.5,INTC  230127C00027500,INTC  230127P00027500,INTC  230519C00027500,INTC  230519P00027500
INTC,2023-04-27,2023-07-27,2023-04-20,2023-04-28,2023-08-18,30.860000610351562,30.0,INTC  230428C00030000,INTC  230428P00030000,INTC  230818C00030000,INTC  230818P00030000
INTC,2023-07-27,2023-10-26,2023-07-20,2023-07-28,2023-11-17,33.369998931884766,32.5,INTC  230728C00032500,INTC  230728P00032500,INTC  231117C00032500,INTC  231117P00032500
INTC,2023-10-26,2024-01-25,2023-10-19,2023-10-27,2024-02-16,35.66999816894531,35.0,INTC  231027C00035000,INTC  231027P00035000,INTC  240216C00035000,INTC  240216P00035000
INTC,2024-01-25,2024-04-25,2024-01-18,2024-01-26,2024-05-17,46.7400016784668,47.5,INTC  240126C00047500,INTC  240126P00047500,INTC  240517C00047500,INTC  240517P00047500
INTC,2024-04-25,2024-08-01,2024-04-18,2024-04-26,2024-08-16,35.040000915527344,35.0,INTC  240426C00035000,INTC  240426P00035000,INTC  240816C00035000,INTC  240816P00035000
INTC,2024-08-01,2024-10-31,2024-07-25,2024-08-02,2024-11-15,31.100000381469727,30.0,INTC  240802C00030000,INTC  240802P00030000,INTC  241115C00030000,INTC  241115P00030000
INTC,2024-10-31,2025-01-30,2024-10-24,2024-11-01,2025-02-21,22.34000015258789,22.0,INTC  241101C00022000,INTC  241101P00022000,INTC  250221C00022000,INTC  250221P00022000
INTC,2025-01-30,2025-04-24,2025-01-23,2025-01-31,2025-05-16,21.56999969482422,22.0,INTC  250131C00022000,INTC  250131P00022000,INTC  250516C00022000,INTC  250516P00022000
INTC,2025-04-24,2025-07-24,2025-04-17,2025-04-25,2025-08-15,18.93000030517578,19.0,INTC  250425C00019000,INTC  250425P00019000,INTC  250815C00019000,INTC  250815P00019000
INTC,2025-07-24,2025-10-23,2025-07-17,2025-07-25,2025-11-21,22.799999237060547,23.0,INTC  250725C00023000,INTC  250725P00023000,INTC  251121C00023000,INTC  251121P00023000
INTC,2025-10-23,2026-01-22,2025-10-16,2025-10-24,2026-02-20,36.84000015258789,37.5,INTC  251024C00037500,INTC  251024P00037500,INTC  260220C00037500,INTC  260220P00037500
INTC,2026-01-22,2026-04-23,2026-01-15,2026-01-23,2026-05-15,48.31999969482422,47.5,INTC  260123C00047500,INTC  260123P00047500,INTC  260515C00047500,INTC  260515P00047500
INTC,2026-04-23,2026-07-23,2026-04-16,2026-04-24,2026-08-21,68.5,70.0,INTC  260424C00070000,INTC  260424P00070000,INTC  260821C00070000,INTC  260821P00070000
META,2016-01-27,2016-04-27,2016-01-20,2016-01-29,2016-05-20,94.3499984741211,95.0,META  160129C00095000,META  160129P00095000,META  160520C00095000,META  160520P00095000
META,2016-04-27,2016-07-27,2016-04-20,2016-04-29,2016-08-19,112.41999816894531,110.0,META  160429C00110000,META  160429P00110000,META  160819C00110000,META  160819P00110000
META,2016-07-27,2016-11-02,2016-07-20,2016-07-29,2016-11-18,121.91999816894531,120.0,META  160729C00120000,META  160729P00120000,META  161118C00120000,META  161118P00120000
META,2016-11-02,2017-02-01,2016-10-26,2016-11-04,2017-02-17,131.0399932861328,130.0,META  161104C00130000,META  161104P00130000,META  170217C00130000,META  170217P00130000
META,2017-02-01,2017-05-04,2017-01-25,2017-02-03,2017-05-19,131.47999572753906,130.0,META  170203C00130000,META  170203P00130000,META  170519C00130000,META  170519P00130000
META,2017-05-04,2017-07-26,2017-04-27,2017-05-05,2017-08-18,147.6999969482422,150.0,META  170505C00150000,META  170505P00150000,META  170818C00150000,META  170818P00150000
META,2017-07-26,2017-11-01,2017-07-19,2017-07-28,2017-11-17,164.13999938964844,165.0,META  170728C00165000,META  170728P00165000,META  171117C00165000,META  171117P00165000
META,2017-11-01,2018-01-31,2017-10-25,2017-11-03,2018-02-16,170.60000610351562,170.0,META  171103C00170000,META  171103P00170000,META  180216C00170000,META  180216P00170000
META,2018-01-31,2018-04-25,2018-01-24,2018-02-02,2018-05-18,186.5500030517578,185.0,META  180202C00185000,META  180202P00185000,META  180518C00185000,META  180518P00185000
META,2018-04-25,2018-07-25,2018-04-18,2018-04-27,2018-08-17,166.36000061035156,165.0,META  180427C00165000,META  180427P00165000,META  180817C00165000,META  180817P00165000
META,2018-07-25,2018-10-30,2018-07-18,2018-07-27,2018-11-16,209.36000061035156,210.0,META  180727C00210000,META  180727P00210000,META  181116C00210000,META  181116P00210000
META,2018-10-30,2019-01-30,2018-10-23,2018-11-02,2019-02-15,154.38999938964844,155.0,META  181102C00155000,META  181102P00155000,META  190215C00155000,META  190215P00155000
META,2019-01-30,2019-04-24,2019-01-23,2019-02-01,2019-05-17,144.3000030517578,145.0,META  190201C00145000,META  190201P00145000,META  190517C00145000,META  190517P00145000
META,2019-04-24,2019-07-24,2019-04-17,2019-04-26,2019-08-16,178.77999877929688,180.0,META  190426C00180000,META  190426P00180000,META  190816C00180000,META  190816P00180000
META,2019-07-24,2019-10-30,2019-07-17,2019-07-26,2019-11-15,201.8000030517578,200.0,META  190726C00200000,META  190726P00200000,META  191115C00200000,META  191115P00200000
META,2019-10-30,2020-01-29,2019-10-23,2019-11-01,2020-02-21,186.14999389648438,185.0,META  191101C00185000,META  191101P00185000,META  200221C00185000,META  200221P00185000
META,2020-01-29,2020-04-29,2020-01-22,2020-01-31,2020-05-15,221.32000732421875,220.0,META  200131C00220000,META  200131P00220000,META  200515C00220000,META  200515P00220000
META,2020-04-29,2020-07-30,2020-04-22,2020-05-01,2020-08-21,182.27999877929688,180.0,META  200501C00180000,META  200501P00180000,META  200821C00180000,META  200821P00180000
META,2020-07-30,2020-10-29,2020-07-23,2020-07-31,2020-11-20,232.60000610351562,230.0,META  200731C00230000,META  200731P00230000,META  201120C00230000,META  201120P00230000
META,2020-10-29,2021-01-27,2020-10-22,2020-10-30,2021-02-19,278.1199951171875,280.0,META  201030C00280000,META  201030P00280000,META  210219C00280000,META  210219P00280000
META,2021-01-27,2021-04-28,2021-01-20,2021-01-29,2021-05-21,267.4800109863281,270.0,META  210129C00270000,META  210129P00270000,META  210521C00270000,META  210521P00270000
META,2021-04-28,2021-07-28,2021-04-21,2021-04-30,2021-08-20,301.4700012207031,300.0,META  210430C00300000,META  210430P00300000,META  210820C00300000,META  210820P00300000
META,2021-07-28,2021-10-25,2021-07-21,2021-07-30,2021-11-19,346.2300109863281,350.0,META  210730C00350000,META  210730P00350000,META  211119C00350000,META  211119P00350000
META,2021-10-25,2022-02-02,2021-10-18,2021-10-29,2022-02-18,335.3399963378906,340.0,META  211029C00340000,META  211029P00340000,META  220218C00340000,META  220218P00340000
META,2022-02-02,2022-04-27,2022-01-26,2022-02-04,2022-05-20,294.6300048828125,290.0,META  220204C00290000,META  220204P00290000,META  220520C00290000,META  220520P00290000
META,2022-04-27,2022-07-27,2022-04-20,2022-04-29,2022-08-19,200.4199981689453,200.0,META  220429C00200000,META  220429P00200000,META  220819C00200000,META  220819P00200000
META,2022-07-27,2022-10-26,2022-07-20,2022-07-29,2022-11-18,183.08999633789062,185.0,META  220729C00185000,META  220729P00185000,META  221118C00185000,META  221118P00185000
META,2022-10-26,2023-02-01,2022-10-19,2022-10-28,2023-02-17,133.22999572753906,135.0,META  221028C00135000,META  221028P00135000,META  230217C00135000,META  230217P00135000
META,2023-02-01,2023-04-26,2023-01-25,2023-02-03,2023-05-19,141.5,140.0,META  230203C00140000,META  230203P00140000,META  230519C00140000,META  230519P00140000
META,2023-04-26,2023-07-26,2023-04-19,2023-04-28,2023-08-18,215.6999969482422,220.0,META  230428C00220000,META  230428P00220000,META  230818C00220000,META  230818P00220000
META,2023-07-26,2023-10-25,2023-07-19,2023-07-28,2023-11-17,316.010009765625,320.0,META  230728C00320000,META  230728P00320000,META  231117C00320000,META  231117P00320000
META,2023-10-25,2024-02-01,2023-10-18,2023-10-27,2024-02-16,316.9700012207031,320.0,META  231027C00320000,META  231027P00320000,META  240216C00320000,META  240216P00320000
META,2024-02-01,2024-04-24,2024-01-25,2024-02-02,2024-05-17,393.17999267578125,390.0,META  240202C00390000,META  240202P00390000,META  240517C00390000,META  240517P00390000
META,2024-04-24,2024-07-31,2024-04-17,2024-04-26,2024-08-16,494.1700134277344,490.0,META  240426C00490000,META  240426P00490000,META  240816C00490000,META  240816P00490000
META,2024-07-31,2024-10-30,2024-07-24,2024-08-02,2024-11-15,461.2699890136719,460.0,META  240802C00460000,META  240802P00460000,META  241115C00460000,META  241115P00460000
META,2024-10-30,2025-01-29,2024-10-23,2024-11-01,2025-02-21,563.6900024414062,575.0,META  241101C00575000,META  241101P00575000,META  250221C00575000,META  250221P00575000
META,2025-01-29,2025-04-30,2025-01-22,2025-01-31,2025-05-16,623.5,625.0,META  250131C00625000,META  250131P00625000,META  250516C00625000,META  250516P00625000
META,2025-04-30,2025-07-30,2025-04-23,2025-05-02,2025-08-15,520.27001953125,525.0,META  250502C00525000,META  250502P00525000,META  250815C00525000,META  250815P00525000
META,2025-07-30,2025-10-29,2025-07-23,2025-08-01,2025-11-21,713.5800170898438,725.0,META  250801C00725000,META  250801P00725000,META  251121C00725000,META  251121P00725000
META,2025-10-29,2026-01-28,2025-10-22,2025-10-31,2026-02-20,733.4099731445312,725.0,META  251031C00725000,META  251031P00725000,META  260220C00725000,META  260220P00725000
META,2026-01-28,2026-04-29,2026-01-21,2026-01-30,2026-05-15,612.9600219726562,625.0,META  260130C00625000,META  260130P00625000,META  260515C00625000,META  260515P00625000
META,2026-04-29,2026-07-29,2026-04-22,2026-05-01,2026-08-21,674.719970703125,675.0,META  260501C00675000,META  260501P00675000,META  260821C00675000,META  260821P00675000
MSFT,2016-01-28,2016-04-21,2016-01-21,2016-01-29,2016-05-20,50.47999954223633,50.0,MSFT  160129C00050000,MSFT  160129P00050000,MSFT  160520C00050000,MSFT  160520P00050000
MSFT,2016-04-21,2016-07-19,2016-04-14,2016-04-22,2016-08-19,55.36000061035156,55.0,MSFT  160422C00055000,MSFT  160422P00055000,MSFT  160819C00055000,MSFT  160819P00055000
MSFT,2016-07-19,2016-10-20,2016-07-12,2016-07-22,2016-10-21,53.209999084472656,55.0,MSFT  160722C00055000,MSFT  160722P00055000,MSFT  161021C00055000,MSFT  161021P00055000
MSFT,2016-10-20,2017-01-26,2016-10-13,2016-10-21,2017-02-17,56.91999816894531,55.0,MSFT  161021C00055000,MSFT  161021P00055000,MSFT  170217C00055000,MSFT  170217P00055000
MSFT,2017-01-26,2017-04-27,2017-01-19,2017-01-27,2017-05-19,62.29999923706055,60.0,MSFT  170127C00060000,MSFT  170127P00060000,MSFT  170519C00060000,MSFT  170519P00060000
MSFT,2017-04-27,2017-07-20,2017-04-20,2017-04-28,2017-07-21,65.5,65.0,MSFT  170428C00065000,MSFT  170428P00065000,MSFT  170721C00065000,MSFT  170721P00065000
MSFT,2017-07-20,2017-10-26,2017-07-13,2017-07-21,2017-11-17,71.7699966430664,70.0,MSFT  170721C00070000,MSFT  170721P00070000,MSFT  171117C00070000,MSFT  171117P00070000
MSFT,2017-10-26,2018-01-31,2017-10-19,2017-10-27,2018-02-16,77.91000366210938,80.0,MSFT  171027C00080000,MSFT  171027P00080000,MSFT  180216C00080000,MSFT  180216P00080000
MSFT,2018-01-31,2018-04-26,2018-01-24,2018-02-02,2018-05-18,91.81999969482422,90.0,MSFT  180202C00090000,MSFT  180202P00090000,MSFT  180518C00090000,MSFT  180518P00090000
MSFT,2018-04-26,2018-07-19,2018-04-19,2018-04-27,2018-07-20,96.11000061035156,95.0,MSFT  180427C00095000,MSFT  180427P00095000,MSFT  180720C00095000,MSFT  180720P00095000
MSFT,2018-07-19,2018-10-24,2018-07-12,2018-07-20,2018-11-16,104.19000244140625,105.0,MSFT  180720C00105000,MSFT  180720P00105000,MSFT  181116C00105000,MSFT  181116P00105000
MSFT,2018-10-24,2019-01-30,2018-10-17,2018-10-26,2019-02-15,110.70999908447266,110.0,MSFT  181026C00110000,MSFT  181026P00110000,MSFT  190215C00110000,MSFT  190215P00110000
MSFT,2019-01-30,2019-04-24,2019-01-23,2019-02-01,2019-05-17,106.70999908447266,105.0,MSFT  190201C00105000,MSFT  190201P00105000,MSFT  190517C00105000,MSFT  190517P00105000
MSFT,2019-04-24,2019-07-18,2019-04-17,2019-04-26,2019-07-19,121.7699966430664,120.0,MSFT  190426C00120000,MSFT  190426P00120000,MSFT  190719C00120000,MSFT  190719P00120000
MSFT,2019-07-18,2019-10-23,2019-07-11,2019-07-19,2019-11-15,138.39999389648438,140.0,MSFT  190719C00140000,MSFT  190719P00140000,MSFT  191115C00140000,MSFT  191115P00140000
MSFT,2019-10-23,2020-01-29,2019-10-16,2019-10-25,2020-02-21,140.41000366210938,140.0,MSFT  191025C00140000,MSFT  191025P00140000,MSFT  200221C00140000,MSFT  200221P00140000
MSFT,2020-01-29,2020-04-29,2020-01-22,2020-01-31,2020-05-15,165.6999969482422,165.0,MSFT  200131C00165000,MSFT  200131P00165000,MSFT  200515C00165000,MSFT  200515P00165000
MSFT,2020-04-29,2020-07-22,2020-04-22,2020-05-01,2020-08-21,173.52000427246094,175.0,MSFT  200501C00175000,MSFT  200501P00175000,MSFT  200821C00175000,MSFT  200821P00175000
MSFT,2020-07-22,2020-10-27,2020-07-15,2020-07-24,2020-11-20,208.0399932861328,210.0,MSFT  200724C00210000,MSFT  200724P00210000,MSFT  201120C00210000,MSFT  201120P00210000
MSFT,2020-10-27,2021-01-26,2020-10-20,2020-10-30,2021-02-19,214.64999389648438,210.0,MSFT  201030C00210000,MSFT  201030P00210000,MSFT  210219C00210000,MSFT  210219P00210000
MSFT,2021-01-26,2021-04-27,2021-01-19,2021-01-29,2021-05-21,216.44000244140625,220.0,MSFT  210129C00220000,MSFT  210129P00220000,MSFT  210521C00220000,MSFT  210521P00220000
MSFT,2021-04-27,2021-07-27,2021-04-20,2021-04-30,2021-08-20,258.260009765625,260.0,MSFT  210430C00260000,MSFT  210430P00260000,MSFT  210820C00260000,MSFT  210820P00260000
MSFT,2021-07-27,2021-10-26,2021-07-20,2021-07-30,2021-11-19,279.32000732421875,280.0,MSFT  210730C00280000,MSFT  210730P00280000,MSFT  211119C00280000,MSFT  211119P00280000
MSFT,2021-10-26,2022-01-25,2021-10-19,2021-10-29,2022-02-18,308.2300109863281,310.0,MSFT  211029C00310000,MSFT  211029P00310000,MSFT  220218C00310000,MSFT  220218P00310000
MSFT,2022-01-25,2022-04-26,2022-01-18,2022-01-28,2022-05-20,302.6499938964844,300.0,MSFT  220128C00300000,MSFT  220128P00300000,MSFT  220520C00300000,MSFT  220520P00300000
MSFT,2022-04-26,2022-07-26,2022-04-19,2022-04-29,2022-08-19,285.29998779296875,290.0,MSFT  220429C00290000,MSFT  220429P00290000,MSFT  220819C00290000,MSFT  220819P00290000
MSFT,2022-07-26,2022-10-25,2022-07-19,2022-07-29,2022-11-18,259.5299987792969,260.0,MSFT  220729C00260000,MSFT  220729P00260000,MSFT  221118C00260000,MSFT  221118P00260000
MSFT,2022-10-25,2023-01-24,2022-10-18,2022-10-28,2023-02-17,238.5,240.0,MSFT  221028C00240000,MSFT  221028P00240000,MSFT  230217C00240000,MSFT  230217P00240000
MSFT,2023-01-24,2023-04-25,2023-01-17,2023-01-27,2023-05-19,240.35000610351562,240.0,MSFT  230127C00240000,MSFT  230127P00240000,MSFT  230519C00240000,MSFT  230519P00240000
MSFT,2023-04-25,2023-07-25,2023-04-18,2023-04-28,2023-08-18,288.3699951171875,290.0,MSFT  230428C00290000,MSFT  230428P00290000,MSFT  230818C00290000,MSFT  230818P00290000
MSFT,2023-07-25,2023-10-24,2023-07-18,2023-07-28,2023-11-17,359.489990234375,360.0,MSFT  230728C00360000,MSFT  230728P00360000,MSFT  231117C00360000,MSFT  231117P00360000
MSFT,2023-10-24,2024-01-30,2023-10-17,2023-10-27,2024-02-16,332.05999755859375,330.0,MSFT  231027C00330000,MSFT  231027P00330000,MSFT  240216C00330000,MSFT  240216P00330000
MSFT,2024-01-30,2024-04-25,2024-01-23,2024-02-02,2024-05-17,398.8999938964844,400.0,MSFT  240202C00400000,MSFT  240202P00400000,MSFT  240517C00400000,MSFT  240517P00400000
MSFT,2024-04-25,2024-07-30,2024-04-18,2024-04-26,2024-08-16,404.2699890136719,400.0,MSFT  240426C00400000,MSFT  240426P00400000,MSFT  240816C00400000,MSFT  240816P00400000
MSFT,2024-07-30,2024-10-30,2024-07-23,2024-08-02,2024-11-15,444.8500061035156,440.0,MSFT  240802C00440000,MSFT  240802P00440000,MSFT  241115C00440000,MSFT  241115P00440000
MSFT,2024-10-30,2025-01-29,2024-10-23,2024-11-01,2025-02-21,424.6000061035156,420.0,MSFT  241101C00420000,MSFT  241101P00420000,MSFT  250221C00420000,MSFT  250221P00420000
MSFT,2025-01-29,2025-04-30,2025-01-22,2025-01-31,2025-05-16,446.20001220703125,450.0,MSFT  250131C00450000,MSFT  250131P00450000,MSFT  250516C00450000,MSFT  250516P00450000
MSFT,2025-04-30,2025-07-30,2025-04-23,2025-05-02,2025-08-15,374.3900146484375,370.0,MSFT  250502C00370000,MSFT  250502P00370000,MSFT  250815C00370000,MSFT  250815P00370000
MSFT,2025-07-30,2025-10-29,2025-07-23,2025-08-01,2025-11-21,505.8699951171875,500.0,MSFT  250801C00500000,MSFT  250801P00500000,MSFT  251121C00500000,MSFT  251121P00500000
MSFT,2025-10-29,2026-01-28,2025-10-22,2025-10-31,2026-02-20,520.5399780273438,525.0,MSFT  251031C00525000,MSFT  251031P00525000,MSFT  260220C00525000,MSFT  260220P00525000
MSFT,2026-01-28,2026-04-29,2026-01-21,2026-01-30,2026-05-15,444.1099853515625,440.0,MSFT  260130C00440000,MSFT  260130P00440000,MSFT  260515C00440000,MSFT  260515P00440000
MSFT,2026-04-29,2026-07-29,2026-04-22,2026-05-01,2026-08-21,432.9200134277344,430.0,MSFT  260501C00430000,MSFT  260501P00430000,MSFT  260821C00430000,MSFT  260821P00430000
MU,2016-03-30,2016-06-30,2016-03-23,2016-04-01,2016-07-15,10.649999618530273,11.0,MU    160401C00011000,MU    160401P00011000,MU    160715C00011000,MU    160715P00011000
MU,2016-06-30,2016-10-04,2016-06-23,2016-07-01,2016-10-21,14.050000190734863,14.0,MU    160701C00014000,MU    160701P00014000,MU    161021C00014000,MU    161021P00014000
MU,2016-10-04,2016-12-21,2016-09-27,2016-10-07,2017-01-20,18.0,18.0,MU    161007C00018000,MU    161007P00018000,MU    170120C00018000,MU    170120P00018000
MU,2016-12-21,2017-03-23,2016-12-14,2016-12-23,2017-04-21,20.020000457763672,20.0,MU    161223C00020000,MU    161223P00020000,MU    170421C00020000,MU    170421P00020000
MU,2017-03-23,2017-06-29,2017-03-16,2017-03-24,2017-07-21,26.040000915527344,25.0,MU    170324C00025000,MU    170324P00025000,MU    170721C00025000,MU    170721P00025000
MU,2017-06-29,2017-09-26,2017-06-22,2017-06-30,2017-10-20,31.889999389648438,32.5,MU    170630C00032500,MU    170630P00032500,MU    171020C00032500,MU    171020P00032500
MU,2017-09-26,2017-12-19,2017-09-19,2017-09-29,2018-01-19,35.95000076293945,35.0,MU    170929C00035000,MU    170929P00035000,MU    180119C00035000,MU    180119P00035000
MU,2017-12-19,2018-03-22,2017-12-12,2017-12-22,2018-04-20,41.86000061035156,42.5,MU    171222C00042500,MU    171222P00042500,MU    180420C00042500,MU    180420P00042500
MU,2018-03-22,2018-06-20,2018-03-15,2018-03-23,2018-07-20,58.84000015258789,60.0,MU    180323C00060000,MU    180323P00060000,MU    180720C00060000,MU    180720P00060000
MU,2018-06-20,2018-09-20,2018-06-13,2018-06-22,2018-09-21,60.04999923706055,60.0,MU    180622C00060000,MU    180622P00060000,MU    180921C00060000,MU    180921P00060000
MU,2018-09-20,2018-12-18,2018-09-13,2018-09-21,2018-12-21,43.619998931884766,42.5,MU    180921C00042500,MU    180921P00042500,MU    181221C00042500,MU    181221P00042500
MU,2018-12-18,2019-03-20,2018-12-11,2018-12-21,2019-04-19,35.209999084472656,35.0,MU    181221C00035000,MU    181221P00035000,MU    190419C00035000,MU    190419P00035000
MU,2019-03-20,2019-06-25,2019-03-13,2019-03-22,2019-07-19,38.83000183105469,40.0,MU    190322C00040000,MU    190322P00040000,MU    190719C00040000,MU    190719P00040000
MU,2019-06-25,2019-09-26,2019-06-18,2019-06-28,2019-10-18,34.290000915527344,35.0,MU    190628C00035000,MU    190628P00035000,MU    191018C00035000,MU    191018P00035000
MU,2019-09-26,2019-12-18,2019-09-19,2019-09-27,2019-12-20,49.81999969482422,50.0,MU    190927C00050000,MU    190927P00050000,MU    191220C00050000,MU    191220P00050000
MU,2019-12-18,2020-03-25,2019-12-11,2019-12-20,2020-04-17,49.2599983215332,50.0,MU    191220C00050000,MU    191220P00050000,MU    200417C00050000,MU    200417P00050000
MU,2020-03-25,2020-06-29,2020-03-18,2020-03-27,2020-07-17,34.689998626708984,35.0,MU    200327C00035000,MU    200327P00035000,MU    200717C00035000,MU    200717P00035000
MU,2020-06-29,2020-09-29,2020-06-22,2020-07-03,2020-10-16,51.150001525878906,50.0,MU    200703C00050000,MU    200703P00050000,MU    201016C00050000,MU    201016P00050000
MU,2020-09-29,2021-01-07,2020-09-22,2020-10-02,2021-01-15,49.70000076293945,50.0,MU    201002C00050000,MU    201002P00050000,MU    210115C00050000,MU    210115P00050000
MU,2021-01-07,2021-03-31,2020-12-31,2021-01-08,2021-04-16,75.18000030517578,75.0,MU    210108C00075000,MU    210108P00075000,MU    210416C00075000,MU    210416P00075000
MU,2021-03-31,2021-06-30,2021-03-24,2021-04-02,2021-07-16,83.0,85.0,MU    210402C00085000,MU    210402P00085000,MU    210716C00085000,MU    210716P00085000
MU,2021-06-30,2021-09-28,2021-06-23,2021-07-02,2021-10-15,79.0199966430664,80.0,MU    210702C00080000,MU    210702P00080000,MU    211015C00080000,MU    211015P00080000
MU,2021-09-28,2021-12-20,2021-09-21,2021-10-01,2022-01-21,72.13999938964844,70.0,MU    211001C00070000,MU    211001P00070000,MU    220121C00070000,MU    220121P00070000
MU,2021-12-20,2022-03-29,2021-12-13,2021-12-24,2022-04-15,84.3499984741211,85.0,MU    211224C00085000,MU    211224P00085000,MU    220415C00085000,MU    220415P00085000
MU,2022-03-29,2022-06-30,2022-03-22,2022-04-01,2022-07-15,79.12000274658203,80.0,MU    220401C00080000,MU    220401P00080000,MU    220715C00080000,MU    220715P00080000
MU,2022-06-30,2022-09-29,2022-06-23,2022-07-01,2022-10-21,56.220001220703125,55.0,MU    220701C00055000,MU    220701P00055000,MU    221021C00055000,MU    221021P00055000
MU,2022-09-29,2022-12-21,2022-09-22,2022-09-30,2023-01-20,49.65999984741211,50.0,MU    220930C00050000,MU    220930P00050000,MU    230120C00050000,MU    230120P00050000
MU,2022-12-21,2023-03-28,2022-12-14,2022-12-23,2023-04-21,54.59000015258789,55.0,MU    221223C00055000,MU    221223P00055000,MU    230421C00055000,MU    230421P00055000
MU,2023-03-28,2023-06-28,2023-03-21,2023-03-31,2023-07-21,58.630001068115234,60.0,MU    230331C00060000,MU    230331P00060000,MU    230721C00060000,MU    230721P00060000
MU,2023-06-28,2023-09-27,2023-06-21,2023-06-30,2023-10-20,65.80000305175781,65.0,MU    230630C00065000,MU    230630P00065000,MU    231020C00065000,MU    231020P00065000
MU,2023-09-27,2023-12-20,2023-09-20,2023-09-29,2024-01-19,69.68000030517578,70.0,MU    230929C00070000,MU    230929P00070000,MU    240119C00070000,MU    240119P00070000
MU,2023-12-20,2024-03-20,2023-12-13,2023-12-22,2024-04-19,79.79000091552734,80.0,MU    231222C00080000,MU    231222P00080000,MU    240419C00080000,MU    240419P00080000
MU,2024-03-20,2024-06-26,2024-03-13,2024-03-22,2024-07-19,94.16000366210938,95.0,MU    240322C00095000,MU    240322P00095000,MU    240719C00095000,MU    240719P00095000
MU,2024-06-26,2024-09-25,2024-06-19,2024-06-28,2024-10-18,153.4499969482422,155.0,MU    240628C00155000,MU    240628P00155000,MU    241018C00155000,MU    241018P00155000
MU,2024-09-25,2024-12-18,2024-09-18,2024-09-27,2024-12-20,87.3499984741211,85.0,MU    240927C00085000,MU    240927P00085000,MU    241220C00085000,MU    241220P00085000
MU,2024-12-18,2025-03-20,2024-12-11,2024-12-20,2025-03-21,102.05999755859375,100.0,MU    241220C00100000,MU    241220P00100000,MU    250321C00100000,MU    250321P00100000
MU,2025-03-20,2025-06-25,2025-03-13,2025-03-21,2025-07-18,94.87999725341797,95.0,MU    250321C00095000,MU    250321P00095000,MU    250718C00095000,MU    250718P00095000
MU,2025-06-25,2025-09-23,2025-06-18,2025-06-27,2025-10-17,121.81999969482422,120.0,MU    250627C00120000,MU    250627P00120000,MU    251017C00120000,MU    251017P00120000
MU,2025-09-23,2025-12-17,2025-09-16,2025-09-26,2025-12-19,158.82000732421875,160.0,MU    250926C00160000,MU    250926P00160000,MU    251219C00160000,MU    251219P00160000
MU,2025-12-17,2026-03-18,2025-12-10,2025-12-19,2026-03-20,263.7099914550781,260.0,MU    251219C00260000,MU    251219P00260000,MU    260320C00260000,MU    260320P00260000
MU,2026-03-18,2026-06-24,2026-03-11,2026-03-20,2026-07-17,418.69000244140625,420.0,MU    260320C00420000,MU    260320P00420000,MU    260717C00420000,MU    260717P00420000
NFLX,2016-01-19,2016-04-18,2016-01-12,2016-01-22,2016-05-20,116.57999992370605,115.0,NFLX  160122C00115000,NFLX  160122P00115000,NFLX  160520C00115000,NFLX  160520P00115000
NFLX,2016-04-18,2016-07-18,2016-04-11,2016-04-22,2016-08-19,102.67999649047852,105.0,NFLX  160422C00105000,NFLX  160422P00105000,NFLX  160819C00105000,NFLX  160819P00105000
NFLX,2016-07-18,2016-10-17,2016-07-11,2016-07-22,2016-10-21,94.67000007629395,95.0,NFLX  160722C00095000,NFLX  160722P00095000,NFLX  161021C00095000,NFLX  161021P00095000
NFLX,2016-10-17,2017-01-18,2016-10-10,2016-10-21,2017-01-20,103.33000183105469,105.0,NFLX  161021C00105000,NFLX  161021P00105000,NFLX  170120C00105000,NFLX  170120P00105000
NFLX,2017-01-18,2017-04-17,2017-01-11,2017-01-20,2017-04-21,130.50000190734863,130.0,NFLX  170120C00130000,NFLX  170120P00130000,NFLX  170421C00130000,NFLX  170421P00130000
NFLX,2017-04-17,2017-07-17,2017-04-10,2017-04-21,2017-07-21,143.85000228881836,145.0,NFLX  170421C00145000,NFLX  170421P00145000,NFLX  170721C00145000,NFLX  170721P00145000
NFLX,2017-07-17,2017-10-16,2017-07-10,2017-07-21,2017-10-20,152.67000198364258,155.0,NFLX  170721C00155000,NFLX  170721P00155000,NFLX  171020C00155000,NFLX  171020P00155000
NFLX,2017-10-16,2018-01-22,2017-10-09,2017-10-20,2018-02-16,196.87000274658203,195.0,NFLX  171020C00195000,NFLX  171020P00195000,NFLX  180216C00195000,NFLX  180216P00195000
NFLX,2018-01-22,2018-04-16,2018-01-15,2018-01-26,2018-04-20,221.2299919128418,220.0,NFLX  180126C00220000,NFLX  180126P00220000,NFLX  180420C00220000,NFLX  180420P00220000
NFLX,2018-04-16,2018-07-16,2018-04-09,2018-04-20,2018-07-20,289.9300003051758,290.0,NFLX  180420C00290000,NFLX  180420P00290000,NFLX  180720C00290000,NFLX  180720P00290000
NFLX,2018-07-16,2018-10-16,2018-07-09,2018-07-20,2018-10-19,418.9699935913086,420.0,NFLX  180720C00420000,NFLX  180720P00420000,NFLX  181019C00420000,NFLX  181019P00420000
NFLX,2018-10-16,2019-01-17,2018-10-09,2018-10-19,2019-01-18,355.7099914550781,360.0,NFLX  181019C00360000,NFLX  181019P00360000,NFLX  190118C00360000,NFLX  190118P00360000
NFLX,2019-01-17,2019-04-16,2019-01-10,2019-01-18,2019-04-19,324.65999603271484,320.0,NFLX  190118C00320000,NFLX  190118P00320000,NFLX  190419C00320000,NFLX  190419P00320000
NFLX,2019-04-16,2019-07-17,2019-04-09,2019-04-19,2019-07-19,364.7100067138672,360.0,NFLX  190419C00360000,NFLX  190419P00360000,NFLX  190719C00360000,NFLX  190719P00360000
NFLX,2019-07-17,2019-10-16,2019-07-10,2019-07-19,2019-10-18,380.99998474121094,380.0,NFLX  190719C00380000,NFLX  190719P00380000,NFLX  191018C00380000,NFLX  191018P00380000
NFLX,2019-10-16,2020-01-21,2019-10-09,2019-10-18,2020-02-21,267.53000259399414,270.0,NFLX  191018C00270000,NFLX  191018P00270000,NFLX  200221C00270000,NFLX  200221P00270000
NFLX,2020-01-21,2020-04-21,2020-01-14,2020-01-24,2020-05-15,338.6899948120117,340.0,NFLX  200124C00340000,NFLX  200124P00340000,NFLX  200515C00340000,NFLX  200515P00340000
NFLX,2020-04-21,2020-07-16,2020-04-14,2020-04-24,2020-07-17,413.5499954223633,410.0,NFLX  200424C00410000,NFLX  200424P00410000,NFLX  200717C00410000,NFLX  200717P00410000
NFLX,2020-07-16,2020-10-20,2020-07-09,2020-07-17,2020-11-20,507.760009765625,500.0,NFLX  200717C00500000,NFLX  200717P00500000,NFLX  201120C00500000,NFLX  201120P00500000
NFLX,2020-10-20,2021-01-19,2020-10-13,2020-10-23,2021-02-19,554.0900039672852,550.0,NFLX  201023C00550000,NFLX  201023P00550000,NFLX  210219C00550000,NFLX  210219P00550000
NFLX,2021-01-19,2021-04-20,2021-01-12,2021-01-22,2021-05-21,494.24999237060547,490.0,NFLX  210122C00490000,NFLX  210122P00490000,NFLX  210521C00490000,NFLX  210521P00490000
NFLX,2021-04-20,2021-07-20,2021-04-13,2021-04-23,2021-08-20,553.7300109863281,550.0,NFLX  210423C00550000,NFLX  210423P00550000,NFLX  210820C00550000,NFLX  210820P00550000
NFLX,2021-07-20,2021-10-19,2021-07-13,2021-07-23,2021-11-19,540.6800079345703,550.0,NFLX  210723C00550000,NFLX  210723P00550000,NFLX  211119C00550000,NFLX  211119P00550000
NFLX,2021-10-19,2022-01-20,2021-10-12,2021-10-22,2022-01-21,624.9399948120117,625.0,NFLX  211022C00625000,NFLX  211022P00625000,NFLX  220121C00625000,NFLX  220121P00625000
NFLX,2022-01-20,2022-04-19,2022-01-13,2022-01-21,2022-05-20,519.1999816894531,525.0,NFLX  220121C00525000,NFLX  220121P00525000,NFLX  220520C00525000,NFLX  220520P00525000
NFLX,2022-04-19,2022-07-19,2022-04-12,2022-04-22,2022-08-19,344.0999984741211,340.0,NFLX  220422C00340000,NFLX  220422P00340000,NFLX  220819C00340000,NFLX  220819P00340000
NFLX,2022-07-19,2022-10-18,2022-07-12,2022-07-22,2022-10-21,174.4499969482422,175.0,NFLX  220722C00175000,NFLX  220722P00175000,NFLX  221021C00175000,NFLX  221021P00175000
NFLX,2022-10-18,2023-01-19,2022-10-11,2022-10-21,2023-01-20,214.29000854492188,210.0,NFLX  221021C00210000,NFLX  221021P00210000,NFLX  230120C00210000,NFLX  230120P00210000
NFLX,2023-01-19,2023-04-18,2023-01-12,2023-01-20,2023-04-21,330.1300048828125,330.0,NFLX  230120C00330000,NFLX  230120P00330000,NFLX  230421C00330000,NFLX  230421P00330000
NFLX,2023-04-18,2023-07-19,2023-04-11,2023-04-21,2023-07-21,338.2099914550781,340.0,NFLX  230421C00340000,NFLX  230421P00340000,NFLX  230721C00340000,NFLX  230721P00340000
NFLX,2023-07-19,2023-10-18,2023-07-12,2023-07-21,2023-10-20,444.04998779296875,440.0,NFLX  230721C00440000,NFLX  230721P00440000,NFLX  231020C00440000,NFLX  231020P00440000
NFLX,2023-10-18,2024-01-23,2023-10-11,2023-10-20,2024-02-16,365.9299850463867,370.0,NFLX  231020C00370000,NFLX  231020P00370000,NFLX  240216C00370000,NFLX  240216P00370000
NFLX,2024-01-23,2024-04-18,2024-01-16,2024-01-26,2024-04-19,481.24000549316406,480.0,NFLX  240126C00480000,NFLX  240126P00480000,NFLX  240419C00480000,NFLX  240419P00480000
NFLX,2024-04-18,2024-07-18,2024-04-11,2024-04-19,2024-07-19,628.7799835205078,625.0,NFLX  240419C00625000,NFLX  240419P00625000,NFLX  240719C00625000,NFLX  240719P00625000
NFLX,2024-07-18,2024-10-17,2024-07-11,2024-07-19,2024-10-18,652.7500152587891,650.0,NFLX  240719C00650000,NFLX  240719P00650000,NFLX  241018C00650000,NFLX  241018P00650000
NFLX,2024-10-17,2025-01-21,2024-10-10,2024-10-18,2025-02-21,730.2899932861328,725.0,NFLX  241018C00725000,NFLX  241018P00725000,NFLX  250221C00725000,NFLX  250221P00725000
NFLX,2025-01-21,2025-04-17,2025-01-14,2025-01-24,2025-04-18,828.3999633789062,825.0,NFLX  250124C00825000,NFLX  250124P00825000,NFLX  250418C00825000,NFLX  250418P00825000
NFLX,2025-04-17,2025-07-17,2025-04-10,2025-04-18,2025-07-18,921.1699676513672,925.0,NFLX  250418C00925000,NFLX  250418P00925000,NFLX  250718C00925000,NFLX  250718P00925000
NFLX,2025-07-17,2025-10-21,2025-07-10,2025-07-18,2025-11-21,1250.5899810791016,1250.0,NFLX  250718C01250000,NFLX  250718P01250000,NFLX  251121C01250000,NFLX  251121P01250000
NFLX,2025-10-21,2026-01-20,2025-10-14,2025-10-24,2026-02-20,1215.3500366210938,1200.0,NFLX  251024C01200000,NFLX  251024P01200000,NFLX  260220C01200000,NFLX  260220P01200000
NFLX,2026-01-20,2026-04-16,2026-01-13,2026-01-23,2026-04-17,90.31999969482422,90.0,NFLX  260123C00090000,NFLX  260123P00090000,NFLX  260417C00090000,NFLX  260417P00090000
NFLX,2026-04-16,2026-07-16,2026-04-09,2026-04-17,2026-07-17,102.05000305175781,100.0,NFLX  260417C00100000,NFLX  260417P00100000,NFLX  260717C00100000,NFLX  260717P00100000
NVDA,2016-02-17,2016-05-13,2016-02-10,2016-02-19,2016-05-20,25.429999828338623,25.0,NVDA  160219C00025000,NVDA  160219P00025000,NVDA  160520C00025000,NVDA  160520P00025000
NVDA,2016-05-13,2016-08-11,2016-05-06,2016-05-20,2016-08-19,35.329999923706055,35.0,NVDA  160520C00035000,NVDA  160520P00035000,NVDA  160819C00035000,NVDA  160819P00035000
NVDA,2016-08-11,2016-11-10,2016-08-04,2016-08-12,2016-11-18,57.230000495910645,55.0,NVDA  160812C00055000,NVDA  160812P00055000,NVDA  161118C00055000,NVDA  161118P00055000
NVDA,2016-11-10,2017-02-09,2016-11-03,2016-11-11,2017-02-17,67.96000003814697,70.0,NVDA  161111C00070000,NVDA  161111P00070000,NVDA  170217C00070000,NVDA  170217P00070000
NVDA,2017-02-09,2017-05-09,2017-02-02,2017-02-10,2017-05-19,115.38999557495117,115.0,NVDA  170210C00115000,NVDA  170210P00115000,NVDA  170519C00115000,NVDA  170519P00115000
NVDA,2017-05-09,2017-08-10,2017-05-02,2017-05-12,2017-08-18,103.47999572753906,105.0,NVDA  170512C00105000,NVDA  170512P00105000,NVDA  170818C00105000,NVDA  170818P00105000
NVDA,2017-08-10,2017-11-09,2017-08-03,2017-08-11,2017-11-17,166.48000717163086,165.0,NVDA  170811C00165000,NVDA  170811P00165000,NVDA  171117C00165000,NVDA  171117P00165000
NVDA,2017-11-09,2018-02-08,2017-11-02,2017-11-10,2018-02-16,205.93999862670898,210.0,NVDA  171110C00210000,NVDA  171110P00210000,NVDA  180216C00210000,NVDA  180216P00210000
NVDA,2018-02-08,2018-05-10,2018-02-01,2018-02-09,2018-05-18,240.49999237060547,240.0,NVDA  180209C00240000,NVDA  180209P00240000,NVDA  180518C00240000,NVDA  180518P00240000
NVDA,2018-05-10,2018-08-16,2018-05-03,2018-05-11,2018-08-17,232.98999786376953,230.0,NVDA  180511C00230000,NVDA  180511P00230000,NVDA  180817C00230000,NVDA  180817P00230000
NVDA,2018-08-16,2018-11-15,2018-08-09,2018-08-17,2018-11-16,256.45999908447266,260.0,NVDA  180817C00260000,NVDA  180817P00260000,NVDA  181116C00260000,NVDA  181116P00260000
NVDA,2018-11-15,2019-02-14,2018-11-08,2018-11-16,2019-02-15,205.99000930786133,210.0,NVDA  181116C00210000,NVDA  181116P00210000,NVDA  190215C00210000,NVDA  190215P00210000
NVDA,2019-02-14,2019-05-16,2019-02-07,2019-02-15,2019-05-17,147.41999626159668,145.0,NVDA  190215C00145000,NVDA  190215P00145000,NVDA  190517C00145000,NVDA  190517P00145000
NVDA,2019-05-16,2019-08-15,2019-05-09,2019-05-17,2019-08-16,170.18999099731445,170.0,NVDA  190517C00170000,NVDA  190517P00170000,NVDA  190816C00170000,NVDA  190816P00170000
NVDA,2019-08-15,2019-11-14,2019-08-08,2019-08-16,2019-11-15,158.26000213623047,160.0,NVDA  190816C00160000,NVDA  190816P00160000,NVDA  191115C00160000,NVDA  191115P00160000
NVDA,2019-11-14,2020-02-13,2019-11-07,2019-11-15,2020-02-21,208.33999633789062,210.0,NVDA  191115C00210000,NVDA  191115P00210000,NVDA  200221C00210000,NVDA  200221P00210000
NVDA,2020-02-13,2020-05-21,2020-02-06,2020-02-14,2020-06-19,254.24999237060547,250.0,NVDA  200214C00250000,NVDA  200214P00250000,NVDA  200619C00250000,NVDA  200619P00250000
NVDA,2020-05-21,2020-08-19,2020-05-14,2020-05-22,2020-08-21,321.2200164794922,320.0,NVDA  200522C00320000,NVDA  200522P00320000,NVDA  200821C00320000,NVDA  200821P00320000
NVDA,2020-08-19,2020-11-18,2020-08-12,2020-08-21,2020-11-20,457.6100158691406,460.0,NVDA  200821C00460000,NVDA  200821P00460000,NVDA  201120C00460000,NVDA  201120P00460000
NVDA,2020-11-18,2021-02-24,2020-11-11,2020-11-20,2021-03-19,536.7200088500977,525.0,NVDA  201120C00525000,NVDA  201120P00525000,NVDA  210319C00525000,NVDA  210319P00525000
NVDA,2021-02-24,2021-05-26,2021-02-17,2021-02-26,2021-06-18,596.2400054931641,600.0,NVDA  210226C00600000,NVDA  210226P00600000,NVDA  210618C00600000,NVDA  210618P00600000
NVDA,2021-05-26,2021-08-18,2021-05-19,2021-05-28,2021-08-20,562.6300048828125,575.0,NVDA  210528C00575000,NVDA  210528P00575000,NVDA  210820C00575000,NVDA  210820P00575000
NVDA,2021-08-18,2021-11-17,2021-08-11,2021-08-20,2021-11-19,196.98999404907227,195.0,NVDA  210820C00195000,NVDA  210820P00195000,NVDA  211119C00195000,NVDA  211119P00195000
NVDA,2021-11-17,2022-02-16,2021-11-10,2021-11-19,2022-02-18,294.5899963378906,290.0,NVDA  211119C00290000,NVDA  211119P00290000,NVDA  220218C00290000,NVDA  220218P00290000
NVDA,2022-02-16,2022-05-25,2022-02-09,2022-02-18,2022-06-17,267.04999923706055,270.0,NVDA  220218C00270000,NVDA  220218P00270000,NVDA  220617C00270000,NVDA  220617P00270000
NVDA,2022-05-25,2022-08-24,2022-05-18,2022-05-27,2022-09-16,169.37999725341797,170.0,NVDA  220527C00170000,NVDA  220527P00170000,NVDA  220916C00170000,NVDA  220916P00170000
NVDA,2022-08-24,2022-11-16,2022-08-17,2022-08-26,2022-11-18,183.34999084472656,185.0,NVDA  220826C00185000,NVDA  220826P00185000,NVDA  221118C00185000,NVDA  221118P00185000
NVDA,2022-11-16,2023-02-22,2022-11-09,2022-11-18,2023-03-17,137.76000022888184,140.0,NVDA  221118C00140000,NVDA  221118P00140000,NVDA  230317C00140000,NVDA  230317P00140000
NVDA,2023-02-22,2023-05-24,2023-02-15,2023-02-24,2023-06-16,227.63999938964844,230.0,NVDA  230224C00230000,NVDA  230224P00230000,NVDA  230616C00230000,NVDA  230616P00230000
NVDA,2023-05-24,2023-08-23,2023-05-17,2023-05-26,2023-09-15,301.7799949645996,300.0,NVDA  230526C00300000,NVDA  230526P00300000,NVDA  230915C00300000,NVDA  230915P00300000
NVDA,2023-08-23,2023-11-21,2023-08-16,2023-08-25,2023-12-15,434.86000061035156,430.0,NVDA  230825C00430000,NVDA  230825P00430000,NVDA  231215C00430000,NVDA  231215P00430000
NVDA,2023-11-21,2024-02-21,2023-11-14,2023-11-24,2024-03-15,496.5599822998047,500.0,NVDA  231124C00500000,NVDA  231124P00500000,NVDA  240315C00500000,NVDA  240315P00500000
NVDA,2024-02-21,2024-05-22,2024-02-14,2024-02-23,2024-06-21,739.0000152587891,750.0,NVDA  240223C00750000,NVDA  240223P00750000,NVDA  240621C00750000,NVDA  240621P00750000
NVDA,2024-05-22,2024-08-28,2024-05-15,2024-05-24,2024-09-20,946.2999725341797,950.0,NVDA  240524C00950000,NVDA  240524P00950000,NVDA  240920C00950000,NVDA  240920P00950000
NVDA,2024-08-28,2024-11-20,2024-08-21,2024-08-30,2024-12-20,128.5,130.0,NVDA  240830C00130000,NVDA  240830P00130000,NVDA  241220C00130000,NVDA  241220P00130000
NVDA,2024-11-20,2025-02-26,2024-11-13,2024-11-22,2025-03-21,146.27000427246094,145.0,NVDA  241122C00145000,NVDA  241122P00145000,NVDA  250321C00145000,NVDA  250321P00145000
NVDA,2025-02-26,2025-05-28,2025-02-19,2025-02-28,2025-06-20,139.22999572753906,140.0,NVDA  250228C00140000,NVDA  250228P00140000,NVDA  250620C00140000,NVDA  250620P00140000
NVDA,2025-05-28,2025-08-27,2025-05-21,2025-05-30,2025-09-19,131.8000030517578,130.0,NVDA  250530C00130000,NVDA  250530P00130000,NVDA  250919C00130000,NVDA  250919P00130000
NVDA,2025-08-27,2025-11-19,2025-08-20,2025-08-29,2025-11-21,175.39999389648438,175.0,NVDA  250829C00175000,NVDA  250829P00175000,NVDA  251121C00175000,NVDA  251121P00175000
NVDA,2025-11-19,2026-02-25,2025-11-12,2025-11-21,2026-03-20,193.8000030517578,195.0,NVDA  251121C00195000,NVDA  251121P00195000,NVDA  260320C00195000,NVDA  260320P00195000
NVDA,2026-02-25,2026-05-20,2026-02-18,2026-02-27,2026-06-19,187.97999572753906,190.0,NVDA  260227C00190000,NVDA  260227P00190000,NVDA  260619C00190000,NVDA  260619P00190000
ORCL,2016-03-15,2016-06-16,2016-03-08,2016-03-18,2016-06-17,38.150001525878906,37.5,ORCL  160318C00037500,ORCL  160318P00037500,ORCL  160617C00037500,ORCL  160617P00037500
ORCL,2016-06-16,2016-09-15,2016-06-09,2016-06-17,2016-09-16,39.04999923706055,40.0,ORCL  160617C00040000,ORCL  160617P00040000,ORCL  160916C00040000,ORCL  160916P00040000
ORCL,2016-09-15,2016-12-15,2016-09-08,2016-09-16,2016-12-16,40.720001220703125,40.0,ORCL  160916C00040000,ORCL  160916P00040000,ORCL  161216C00040000,ORCL  161216P00040000
ORCL,2016-12-15,2017-03-15,2016-12-08,2016-12-16,2017-03-17,40.349998474121094,40.0,ORCL  161216C00040000,ORCL  161216P00040000,ORCL  170317C00040000,ORCL  170317P00040000
ORCL,2017-03-15,2017-06-21,2017-03-08,2017-03-17,2017-07-21,42.61000061035156,42.5,ORCL  170317C00042500,ORCL  170317P00042500,ORCL  170721C00042500,ORCL  170721P00042500
ORCL,2017-06-21,2017-09-14,2017-06-14,2017-06-23,2017-09-15,44.810001373291016,45.0,ORCL  170623C00045000,ORCL  170623P00045000,ORCL  170915C00045000,ORCL  170915P00045000
ORCL,2017-09-14,2017-12-14,2017-09-07,2017-09-15,2017-12-15,51.72999954223633,50.0,ORCL  170915C00050000,ORCL  170915P00050000,ORCL  171215C00050000,ORCL  171215P00050000
ORCL,2017-12-14,2018-03-19,2017-12-07,2017-12-15,2018-04-20,48.52000045776367,47.5,ORCL  171215C00047500,ORCL  171215P00047500,ORCL  180420C00047500,ORCL  180420P00047500
ORCL,2018-03-19,2018-06-19,2018-03-12,2018-03-23,2018-07-20,52.900001525878906,55.0,ORCL  180323C00055000,ORCL  180323P00055000,ORCL  180720C00055000,ORCL  180720P00055000
ORCL,2018-06-19,2018-09-17,2018-06-12,2018-06-22,2018-09-21,48.45000076293945,47.5,ORCL  180622C00047500,ORCL  180622P00047500,ORCL  180921C00047500,ORCL  180921P00047500
ORCL,2018-09-17,2018-12-17,2018-09-10,2018-09-21,2018-12-21,48.86000061035156,50.0,ORCL  180921C00050000,ORCL  180921P00050000,ORCL  181221C00050000,ORCL  181221P00050000
ORCL,2018-12-17,2019-03-14,2018-12-10,2018-12-21,2019-03-15,46.66999816894531,47.5,ORCL  181221C00047500,ORCL  181221P00047500,ORCL  190315C00047500,ORCL  190315P00047500
ORCL,2019-03-14,2019-06-19,2019-03-07,2019-03-15,2019-06-21,52.58000183105469,55.0,ORCL  190315C00055000,ORCL  190315P00055000,ORCL  190621C00055000,ORCL  190621P00055000
ORCL,2019-06-19,2019-09-11,2019-06-12,2019-06-21,2019-09-20,53.619998931884766,55.0,ORCL  190621C00055000,ORCL  190621P00055000,ORCL  190920C00055000,ORCL  190920P00055000
ORCL,2019-09-11,2019-12-12,2019-09-04,2019-09-13,2019-12-20,52.970001220703125,55.0,ORCL  190913C00055000,ORCL  190913P00055000,ORCL  191220C00055000,ORCL  191220P00055000
ORCL,2019-12-12,2020-03-12,2019-12-05,2019-12-13,2020-03-20,54.68000030517578,55.0,ORCL  191213C00055000,ORCL  191213P00055000,ORCL  200320C00055000,ORCL  200320P00055000
ORCL,2020-03-12,2020-06-16,2020-03-05,2020-03-13,2020-06-19,48.0,47.5,ORCL  200313C00047500,ORCL  200313P00047500,ORCL  200619C00047500,ORCL  200619P00047500
ORCL,2020-06-16,2020-09-10,2020-06-09,2020-06-19,2020-09-18,54.18000030517578,55.0,ORCL  200619C00055000,ORCL  200619P00055000,ORCL  200918C00055000,ORCL  200918P00055000
ORCL,2020-09-10,2020-12-10,2020-09-03,2020-09-11,2020-12-18,57.099998474121094,55.0,ORCL  200911C00055000,ORCL  200911P00055000,ORCL  201218C00055000,ORCL  201218P00055000
ORCL,2020-12-10,2021-03-10,2020-12-03,2020-12-11,2021-03-19,59.27000045776367,60.0,ORCL  201211C00060000,ORCL  201211P00060000,ORCL  210319C00060000,ORCL  210319P00060000
ORCL,2021-03-10,2021-06-15,2021-03-03,2021-03-12,2021-06-18,66.91000366210938,65.0,ORCL  210312C00065000,ORCL  210312P00065000,ORCL  210618C00065000,ORCL  210618P00065000
ORCL,2021-06-15,2021-09-13,2021-06-08,2021-06-18,2021-09-17,84.61000061035156,85.0,ORCL  210618C00085000,ORCL  210618P00085000,ORCL  210917C00085000,ORCL  210917P00085000
ORCL,2021-09-13,2021-12-09,2021-09-06,2021-09-17,2021-12-17,90.0,90.0,ORCL  210917C00090000,ORCL  210917P00090000,ORCL  211217C00090000,ORCL  211217P00090000
ORCL,2021-12-09,2022-03-10,2021-12-02,2021-12-10,2022-03-18,89.98999786376953,90.0,ORCL  211210C00090000,ORCL  211210P00090000,ORCL  220318C00090000,ORCL  220318P00090000
ORCL,2022-03-10,2022-06-13,2022-03-03,2022-03-11,2022-06-17,78.25,80.0,ORCL  220311C00080000,ORCL  220311P00080000,ORCL  220617C00080000,ORCL  220617P00080000
ORCL,2022-06-13,2022-09-12,2022-06-06,2022-06-17,2022-09-16,72.97000122070312,75.0,ORCL  220617C00075000,ORCL  220617P00075000,ORCL  220916C00075000,ORCL  220916P00075000
ORCL,2022-09-12,2022-12-12,2022-09-05,2022-09-16,2022-12-16,74.68000030517578,75.0,ORCL  220916C00075000,ORCL  220916P00075000,ORCL  221216C00075000,ORCL  221216P00075000
ORCL,2022-12-12,2023-03-09,2022-12-05,2022-12-16,2023-03-17,79.43000030517578,80.0,ORCL  221216C00080000,ORCL  221216P00080000,ORCL  230317C00080000,ORCL  230317P00080000
ORCL,2023-03-09,2023-06-12,2023-03-02,2023-03-10,2023-06-16,86.97000122070312,85.0,ORCL  230310C00085000,ORCL  230310P00085000,ORCL  230616C00085000,ORCL  230616P00085000
ORCL,2023-06-12,2023-09-11,2023-06-05,2023-06-16,2023-09-15,106.93000030517578,105.0,ORCL  230616C00105000,ORCL  230616P00105000,ORCL  230915C00105000,ORCL  230915P00105000
ORCL,2023-09-11,2023-12-11,2023-09-04,2023-09-15,2023-12-15,120.93000030517578,120.0,ORCL  230915C00120000,ORCL  230915P00120000,ORCL  231215C00120000,ORCL  231215P00120000
ORCL,2023-12-11,2024-03-11,2023-12-04,2023-12-15,2024-03-15,115.77999877929688,115.0,ORCL  231215C00115000,ORCL  231215P00115000,ORCL  240315C00115000,ORCL  240315P00115000
ORCL,2024-03-11,2024-06-11,2024-03-04,2024-03-15,2024-06-21,114.05999755859375,115.0,ORCL  240315C00115000,ORCL  240315P00115000,ORCL  240621C00115000,ORCL  240621P00115000
ORCL,2024-06-11,2024-09-09,2024-06-04,2024-06-14,2024-09-20,120.06999969482422,120.0,ORCL  240614C00120000,ORCL  240614P00120000,ORCL  240920C00120000,ORCL  240920P00120000
ORCL,2024-09-09,2024-12-09,2024-09-02,2024-09-13,2024-12-20,141.2899932861328,140.0,ORCL  240913C00140000,ORCL  240913P00140000,ORCL  241220C00140000,ORCL  241220P00140000
ORCL,2024-12-09,2025-03-10,2024-12-02,2024-12-13,2025-03-21,181.41000366210938,180.0,ORCL  241213C00180000,ORCL  241213P00180000,ORCL  250321C00180000,ORCL  250321P00180000
ORCL,2025-03-10,2025-06-11,2025-03-03,2025-03-14,2025-06-20,162.02000427246094,160.0,ORCL  250314C00160000,ORCL  250314P00160000,ORCL  250620C00160000,ORCL  250620P00160000
ORCL,2025-06-11,2025-09-09,2025-06-04,2025-06-13,2025-09-19,168.10000610351562,170.0,ORCL  250613C00170000,ORCL  250613P00170000,ORCL  250919C00170000,ORCL  250919P00170000
ORCL,2025-09-09,2025-12-10,2025-09-02,2025-09-12,2025-12-19,225.3000030517578,230.0,ORCL  250912C00230000,ORCL  250912P00230000,ORCL  251219C00230000,ORCL  251219P00230000
ORCL,2025-12-10,2026-03-10,2025-12-03,2025-12-12,2026-03-20,207.72999572753906,210.0,ORCL  251212C00210000,ORCL  251212P00210000,ORCL  260320C00210000,ORCL  260320P00210000
ORCL,2026-03-10,2026-06-10,2026-03-03,2026-03-13,2026-06-19,149.00999450683594,150.0,ORCL  260313C00150000,ORCL  260313P00150000,ORCL  260619C00150000,ORCL  260619P00150000
PDD,2018-11-20,2019-03-13,2018-11-13,2018-11-23,2019-03-15,17.149999618530273,17.0,PDD   181123C00017000,PDD   181123P00017000,PDD   190315C00017000,PDD   190315P00017000
PDD,2019-03-13,2019-05-20,2019-03-06,2019-03-15,2019-06-21,29.989999771118164,30.0,PDD   190315C00030000,PDD   190315P00030000,PDD   190621C00030000,PDD   190621P00030000
PDD,2019-05-20,2019-08-21,2019-05-13,2019-05-24,2019-09-20,20.75,21.0,PDD   190524C00021000,PDD   190524P00021000,PDD   190920C00021000,PDD   190920P00021000
PDD,2019-08-21,2019-11-20,2019-08-14,2019-08-23,2019-12-20,23.559999465942383,24.0,PDD   190823C00024000,PDD   190823P00024000,PDD   191220C00024000,PDD   191220P00024000
PDD,2019-11-20,2020-03-11,2019-11-13,2019-11-22,2020-03-20,41.689998626708984,42.5,PDD   191122C00042500,PDD   191122P00042500,PDD   200320C00042500,PDD   200320P00042500
PDD,2020-03-11,2020-05-22,2020-03-04,2020-03-13,2020-06-19,36.290000915527344,37.5,PDD   200313C00037500,PDD   200313P00037500,PDD   200619C00037500,PDD   200619P00037500
PDD,2020-05-22,2020-08-21,2020-05-15,2020-05-29,2020-09-18,61.29999923706055,60.0,PDD   200529C00060000,PDD   200529P00060000,PDD   200918C00060000,PDD   200918P00060000
PDD,2020-08-21,2020-11-12,2020-08-14,2020-08-28,2020-11-20,85.04000091552734,85.0,PDD   200828C00085000,PDD   200828P00085000,PDD   201120C00085000,PDD   201120P00085000
PDD,2020-11-12,2021-03-17,2020-11-05,2020-11-13,2021-03-19,113.06999969482422,115.0,PDD   201113C00115000,PDD   201113P00115000,PDD   210319C00115000,PDD   210319P00115000
PDD,2021-03-17,2021-05-26,2021-03-10,2021-03-19,2021-06-18,148.13999938964844,150.0,PDD   210319C00150000,PDD   210319P00150000,PDD   210618C00150000,PDD   210618P00150000
PDD,2021-05-26,2021-08-24,2021-05-19,2021-05-28,2021-09-17,127.16999816894531,125.0,PDD   210528C00125000,PDD   210528P00125000,PDD   210917C00125000,PDD   210917P00125000
PDD,2021-08-24,2021-11-26,2021-08-17,2021-08-27,2021-12-17,79.44999694824219,80.0,PDD   210827C00080000,PDD   210827P00080000,PDD   211217C00080000,PDD   211217P00080000
PDD,2021-11-26,2022-03-21,2021-11-19,2021-12-03,2022-04-15,81.87000274658203,80.0,PDD   211203C00080000,PDD   211203P00080000,PDD   220415C00080000,PDD   220415P00080000
PDD,2022-03-21,2022-05-27,2022-03-14,2022-03-25,2022-06-17,25.530000686645508,25.0,PDD   220325C00025000,PDD   220325P00025000,PDD   220617C00025000,PDD   220617P00025000
PDD,2022-05-27,2022-08-29,2022-05-20,2022-06-03,2022-09-16,40.900001525878906,40.0,PDD   220603C00040000,PDD   220603P00040000,PDD   220916C00040000,PDD   220916P00040000
PDD,2022-08-29,2022-11-28,2022-08-22,2022-09-02,2022-12-16,47.93000030517578,47.5,PDD   220902C00047500,PDD   220902P00047500,PDD   221216C00047500,PDD   221216P00047500
PDD,2022-11-28,2023-03-20,2022-11-21,2022-12-02,2023-04-21,67.62000274658203,70.0,PDD   221202C00070000,PDD   221202P00070000,PDD   230421C00070000,PDD   230421P00070000
PDD,2023-03-20,2023-05-26,2023-03-13,2023-03-24,2023-06-16,91.16999816894531,90.0,PDD   230324C00090000,PDD   230324P00090000,PDD   230616C00090000,PDD   230616P00090000
PDD,2023-05-26,2023-08-29,2023-05-19,2023-06-02,2023-09-15,60.529998779296875,60.0,PDD   230602C00060000,PDD   230602P00060000,PDD   230915C00060000,PDD   230915P00060000
PDD,2023-08-29,2023-11-28,2023-08-22,2023-09-01,2023-12-15,77.48999786376953,75.0,PDD   230901C00075000,PDD   230901P00075000,PDD   231215C00075000,PDD   231215P00075000
PDD,2023-11-28,2024-03-20,2023-11-21,2023-12-01,2024-04-19,117.33999633789062,115.0,PDD   231201C00115000,PDD   231201P00115000,PDD   240419C00115000,PDD   240419P00115000
PDD,2024-03-20,2024-05-22,2024-03-13,2024-03-22,2024-06-21,122.36000061035156,120.0,PDD   240322C00120000,PDD   240322P00120000,PDD   240621C00120000,PDD   240621P00120000
PDD,2024-05-22,2024-08-26,2024-05-15,2024-05-24,2024-09-20,141.3000030517578,140.0,PDD   240524C00140000,PDD   240524P00140000,PDD   240920C00140000,PDD   240920P00140000
PDD,2024-08-26,2024-11-21,2024-08-19,2024-08-30,2024-12-20,151.11000061035156,150.0,PDD   240830C00150000,PDD   240830P00150000,PDD   241220C00150000,PDD   241220P00150000
PDD,2024-11-21,2025-03-20,2024-11-14,2024-11-22,2025-03-21,112.33000183105469,110.0,PDD   241122C00110000,PDD   241122P00110000,PDD   250321C00110000,PDD   250321P00110000
PDD,2025-03-20,2025-05-27,2025-03-13,2025-03-21,2025-06-20,118.76000213623047,120.0,PDD   250321C00120000,PDD   250321P00120000,PDD   250620C00120000,PDD   250620P00120000
PDD,2025-05-27,2025-08-25,2025-05-20,2025-05-30,2025-09-19,117.37999725341797,115.0,PDD   250530C00115000,PDD   250530P00115000,PDD   250919C00115000,PDD   250919P00115000
PDD,2025-08-25,2025-11-18,2025-08-18,2025-08-29,2025-11-21,118.33999633789062,120.0,PDD   250829C00120000,PDD   250829P00120000,PDD   251121C00120000,PDD   251121P00120000
PDD,2025-11-18,2026-03-25,2025-11-11,2025-11-21,2026-04-17,137.11000061035156,135.0,PDD   251121C00135000,PDD   251121P00135000,PDD   260417C00135000,PDD   260417P00135000
PDD,2026-03-25,2026-05-27,2026-03-18,2026-03-27,2026-06-19,100.72000122070312,100.0,PDD   260327C00100000,PDD   260327P00100000,PDD   260619C00100000,PDD   260619P00100000
PLTR,2020-11-12,2021-02-16,2020-11-05,2020-11-13,2021-02-19,11.880000114440918,12.0,PLTR  201113C00012000,PLTR  201113P00012000,PLTR  210219C00012000,PLTR  210219P00012000
PLTR,2021-02-16,2021-05-11,2021-02-09,2021-02-19,2021-05-21,38.16999816894531,37.5,PLTR  210219C00037500,PLTR  210219P00037500,PLTR  210521C00037500,PLTR  210521P00037500
PLTR,2021-05-11,2021-08-12,2021-05-04,2021-05-14,2021-08-20,21.639999389648438,22.0,PLTR  210514C00022000,PLTR  210514P00022000,PLTR  210820C00022000,PLTR  210820P00022000
PLTR,2021-08-12,2021-11-09,2021-08-05,2021-08-13,2021-11-19,22.520000457763672,23.0,PLTR  210813C00023000,PLTR  210813P00023000,PLTR  211119C00023000,PLTR  211119P00023000
PLTR,2021-11-09,2022-02-17,2021-11-02,2021-11-12,2022-02-18,25.920000076293945,25.0,PLTR  211112C00025000,PLTR  211112P00025000,PLTR  220218C00025000,PLTR  220218P00025000
PLTR,2022-02-17,2022-05-09,2022-02-10,2022-02-18,2022-05-20,13.5600004196167,14.0,PLTR  220218C00014000,PLTR  220218P00014000,PLTR  220520C00014000,PLTR  220520P00014000
PLTR,2022-05-09,2022-08-08,2022-05-02,2022-05-13,2022-08-19,10.739999771118164,11.0,PLTR  220513C00011000,PLTR  220513P00011000,PLTR  220819C00011000,PLTR  220819P00011000
PLTR,2022-08-08,2022-11-07,2022-08-01,2022-08-12,2022-11-18,10.470000267028809,10.0,PLTR  220812C00010000,PLTR  220812P00010000,PLTR  221118C00010000,PLTR  221118P00010000
PLTR,2022-11-07,2023-02-13,2022-10-31,2022-11-11,2023-02-17,8.789999961853027,9.0,PLTR  221111C00009000,PLTR  221111P00009000,PLTR  230217C00009000,PLTR  230217P00009000
PLTR,2023-02-13,2023-05-08,2023-02-06,2023-02-17,2023-05-19,8.3100004196167,8.0,PLTR  230217C00008000,PLTR  230217P00008000,PLTR  230519C00008000,PLTR  230519P00008000
PLTR,2023-05-08,2023-08-07,2023-05-01,2023-05-12,2023-08-18,7.78000020980835,8.0,PLTR  230512C00008000,PLTR  230512P00008000,PLTR  230818C00008000,PLTR  230818P00008000
PLTR,2023-08-07,2023-11-02,2023-07-31,2023-08-11,2023-11-17,19.84000015258789,20.0,PLTR  230811C00020000,PLTR  230811P00020000,PLTR  231117C00020000,PLTR  231117P00020000
PLTR,2023-11-02,2024-02-05,2023-10-26,2023-11-03,2024-02-16,15.289999961853027,15.0,PLTR  231103C00015000,PLTR  231103P00015000,PLTR  240216C00015000,PLTR  240216P00015000
PLTR,2024-02-05,2024-05-06,2024-01-29,2024-02-09,2024-05-17,17.09000015258789,17.0,PLTR  240209C00017000,PLTR  240209P00017000,PLTR  240517C00017000,PLTR  240517P00017000
PLTR,2024-05-06,2024-08-05,2024-04-29,2024-05-10,2024-08-16,22.829999923706055,23.0,PLTR  240510C00023000,PLTR  240510P00023000,PLTR  240816C00023000,PLTR  240816P00023000
PLTR,2024-08-05,2024-11-04,2024-07-29,2024-08-09,2024-11-15,27.079999923706055,27.5,PLTR  240809C00027500,PLTR  240809P00027500,PLTR  241115C00027500,PLTR  241115P00027500
PLTR,2024-11-04,2025-02-03,2024-10-28,2024-11-08,2025-02-21,44.970001220703125,45.0,PLTR  241108C00045000,PLTR  241108P00045000,PLTR  250221C00045000,PLTR  250221P00045000
PLTR,2025-02-03,2025-05-05,2025-01-27,2025-02-07,2025-05-16,75.44000244140625,75.0,PLTR  250207C00075000,PLTR  250207P00075000,PLTR  250516C00075000,PLTR  250516P00075000
PLTR,2025-05-05,2025-08-04,2025-04-28,2025-05-09,2025-08-15,114.6500015258789,115.0,PLTR  250509C00115000,PLTR  250509P00115000,PLTR  250815C00115000,PLTR  250815P00115000
PLTR,2025-08-04,2025-11-03,2025-07-28,2025-08-08,2025-11-21,157.8800048828125,160.0,PLTR  250808C00160000,PLTR  250808P00160000,PLTR  251121C00160000,PLTR  251121P00160000
PLTR,2025-11-03,2026-02-02,2025-10-27,2025-11-07,2026-02-20,189.17999267578125,190.0,PLTR  251107C00190000,PLTR  251107P00190000,PLTR  260220C00190000,PLTR  260220P00190000
PLTR,2026-02-02,2026-08-03,2026-01-26,2026-02-06,2026-08-21,167.47000122070312,165.0,PLTR  260206C00165000,PLTR  260206P00165000,PLTR  260821C00165000,PLTR  260821P00165000
QCOM,2016-01-27,2016-04-20,2016-01-20,2016-01-29,2016-05-20,45.93000030517578,45.0,QCOM  160129C00045000,QCOM  160129P00045000,QCOM  160520C00045000,QCOM  160520P00045000
QCOM,2016-04-20,2016-07-20,2016-04-13,2016-04-22,2016-08-19,51.91999816894531,50.0,QCOM  160422C00050000,QCOM  160422P00050000,QCOM  160819C00050000,QCOM  160819P00050000
QCOM,2016-07-20,2016-11-02,2016-07-13,2016-07-22,2016-11-18,54.83000183105469,55.0,QCOM  160722C00055000,QCOM  160722P00055000,QCOM  161118C00055000,QCOM  161118P00055000
QCOM,2016-11-02,2017-01-25,2016-10-26,2016-11-04,2017-02-17,68.19999694824219,70.0,QCOM  161104C00070000,QCOM  161104P00070000,QCOM  170217C00070000,QCOM  170217P00070000
QCOM,2017-01-25,2017-04-19,2017-01-18,2017-01-27,2017-04-21,65.12999725341797,65.0,QCOM  170127C00065000,QCOM  170127P00065000,QCOM  170421C00065000,QCOM  170421P00065000
QCOM,2017-04-19,2017-07-19,2017-04-12,2017-04-21,2017-07-21,53.38999938964844,55.0,QCOM  170421C00055000,QCOM  170421P00055000,QCOM  170721C00055000,QCOM  170721P00055000
QCOM,2017-07-19,2017-11-01,2017-07-12,2017-07-21,2017-11-17,56.20000076293945,55.0,QCOM  170721C00055000,QCOM  170721P00055000,QCOM  171117C00055000,QCOM  171117P00055000
QCOM,2017-11-01,2018-01-31,2017-10-25,2017-11-03,2018-02-16,53.84000015258789,55.0,QCOM  171103C00055000,QCOM  171103P00055000,QCOM  180216C00055000,QCOM  180216P00055000
QCOM,2018-01-31,2018-04-25,2018-01-24,2018-02-02,2018-05-18,67.9800033569336,70.0,QCOM  180202C00070000,QCOM  180202P00070000,QCOM  180518C00070000,QCOM  180518P00070000
QCOM,2018-04-25,2018-07-25,2018-04-18,2018-04-27,2018-08-17,55.22999954223633,55.0,QCOM  180427C00055000,QCOM  180427P00055000,QCOM  180817C00055000,QCOM  180817P00055000
QCOM,2018-07-25,2018-11-07,2018-07-18,2018-07-27,2018-11-16,58.7599983215332,60.0,QCOM  180727C00060000,QCOM  180727P00060000,QCOM  181116C00060000,QCOM  181116P00060000
QCOM,2018-11-07,2019-01-30,2018-10-31,2018-11-09,2019-02-15,62.88999938964844,65.0,QCOM  181109C00065000,QCOM  181109P00065000,QCOM  190215C00065000,QCOM  190215P00065000
QCOM,2019-01-30,2019-05-01,2019-01-23,2019-02-01,2019-05-17,51.77000045776367,50.0,QCOM  190201C00050000,QCOM  190201P00050000,QCOM  190517C00050000,QCOM  190517P00050000
QCOM,2019-05-01,2019-07-31,2019-04-24,2019-05-03,2019-08-16,86.83000183105469,85.0,QCOM  190503C00085000,QCOM  190503P00085000,QCOM  190816C00085000,QCOM  190816P00085000
QCOM,2019-07-31,2019-11-06,2019-07-24,2019-08-02,2019-11-15,75.87000274658203,75.0,QCOM  190802C00075000,QCOM  190802P00075000,QCOM  191115C00075000,QCOM  191115P00075000
QCOM,2019-11-06,2020-02-05,2019-10-30,2019-11-08,2020-02-21,81.44000244140625,80.0,QCOM  191108C00080000,QCOM  191108P00080000,QCOM  200221C00080000,QCOM  200221P00080000
QCOM,2020-02-05,2020-04-29,2020-01-29,2020-02-07,2020-05-15,88.2300033569336,90.0,QCOM  200207C00090000,QCOM  200207P00090000,QCOM  200515C00090000,QCOM  200515P00090000
QCOM,2020-04-29,2020-07-29,2020-04-22,2020-05-01,2020-08-21,74.68000030517578,75.0,QCOM  200501C00075000,QCOM  200501P00075000,QCOM  200821C00075000,QCOM  200821P00075000
QCOM,2020-07-29,2020-11-04,2020-07-22,2020-07-31,2020-11-20,92.5999984741211,95.0,QCOM  200731C00095000,QCOM  200731P00095000,QCOM  201120C00095000,QCOM  201120P00095000
QCOM,2020-11-04,2021-02-03,2020-10-28,2020-11-06,2021-02-19,121.58000183105469,120.0,QCOM  201106C00120000,QCOM  201106P00120000,QCOM  210219C00120000,QCOM  210219P00120000
QCOM,2021-02-03,2021-04-28,2021-01-27,2021-02-05,2021-05-21,153.6699981689453,155.0,QCOM  210205C00155000,QCOM  210205P00155000,QCOM  210521C00155000,QCOM  210521P00155000
QCOM,2021-04-28,2021-07-28,2021-04-21,2021-04-30,2021-08-20,136.19000244140625,135.0,QCOM  210430C00135000,QCOM  210430P00135000,QCOM  210820C00135000,QCOM  210820P00135000
QCOM,2021-07-28,2021-11-03,2021-07-21,2021-07-30,2021-11-19,142.1699981689453,140.0,QCOM  210730C00140000,QCOM  210730P00140000,QCOM  211119C00140000,QCOM  211119P00140000
QCOM,2021-11-03,2022-02-02,2021-10-27,2021-11-05,2022-02-18,131.1999969482422,130.0,QCOM  211105C00130000,QCOM  211105P00130000,QCOM  220218C00130000,QCOM  220218P00130000
QCOM,2022-02-02,2022-04-27,2022-01-26,2022-02-04,2022-05-20,167.0,165.0,QCOM  220204C00165000,QCOM  220204P00165000,QCOM  220520C00165000,QCOM  220520P00165000
QCOM,2022-04-27,2022-07-27,2022-04-20,2022-04-29,2022-08-19,140.33999633789062,140.0,QCOM  220429C00140000,QCOM  220429P00140000,QCOM  220819C00140000,QCOM  220819P00140000
QCOM,2022-07-27,2022-11-02,2022-07-20,2022-07-29,2022-11-18,151.7100067138672,150.0,QCOM  220729C00150000,QCOM  220729P00150000,QCOM  221118C00150000,QCOM  221118P00150000
QCOM,2022-11-02,2023-02-02,2022-10-26,2022-11-04,2023-02-17,118.11000061035156,120.0,QCOM  221104C00120000,QCOM  221104P00120000,QCOM  230217C00120000,QCOM  230217P00120000
QCOM,2023-02-02,2023-05-03,2023-01-26,2023-02-03,2023-05-19,133.9600067138672,135.0,QCOM  230203C00135000,QCOM  230203P00135000,QCOM  230519C00135000,QCOM  230519P00135000
QCOM,2023-05-03,2023-08-02,2023-04-26,2023-05-05,2023-08-18,114.16000366210938,115.0,QCOM  230505C00115000,QCOM  230505P00115000,QCOM  230818C00115000,QCOM  230818P00115000
QCOM,2023-08-02,2023-11-01,2023-07-26,2023-08-04,2023-11-17,124.0199966430664,125.0,QCOM  230804C00125000,QCOM  230804P00125000,QCOM  231117C00125000,QCOM  231117P00125000
QCOM,2023-11-01,2024-01-31,2023-10-25,2023-11-03,2024-02-16,104.77999877929688,105.0,QCOM  231103C00105000,QCOM  231103P00105000,QCOM  240216C00105000,QCOM  240216P00105000
QCOM,2024-01-31,2024-05-01,2024-01-24,2024-02-02,2024-05-17,154.3699951171875,155.0,QCOM  240202C00155000,QCOM  240202P00155000,QCOM  240517C00155000,QCOM  240517P00155000
QCOM,2024-05-01,2024-07-31,2024-04-24,2024-05-03,2024-08-16,163.6300048828125,165.0,QCOM  240503C00165000,QCOM  240503P00165000,QCOM  240816C00165000,QCOM  240816P00165000
QCOM,2024-07-31,2024-11-06,2024-07-24,2024-08-02,2024-11-15,181.07000732421875,180.0,QCOM  240802C00180000,QCOM  240802P00180000,QCOM  241115C00180000,QCOM  241115P00180000
QCOM,2024-11-06,2025-02-05,2024-10-30,2024-11-08,2025-02-21,167.6199951171875,170.0,QCOM  241108C00170000,QCOM  241108P00170000,QCOM  250221C00170000,QCOM  250221P00170000
QCOM,2025-02-05,2025-04-30,2025-01-29,2025-02-07,2025-05-16,171.7100067138672,170.0,QCOM  250207C00170000,QCOM  250207P00170000,QCOM  250516C00170000,QCOM  250516P00170000
QCOM,2025-04-30,2025-07-30,2025-04-23,2025-05-02,2025-08-15,140.4600067138672,140.0,QCOM  250502C00140000,QCOM  250502P00140000,QCOM  250815C00140000,QCOM  250815P00140000
QCOM,2025-07-30,2025-11-05,2025-07-23,2025-08-01,2025-11-21,159.8800048828125,160.0,QCOM  250801C00160000,QCOM  250801P00160000,QCOM  251121C00160000,QCOM  251121P00160000
QCOM,2025-11-05,2026-02-04,2025-10-29,2025-11-07,2026-02-20,178.6699981689453,180.0,QCOM  251107C00180000,QCOM  251107P00180000,QCOM  260220C00180000,QCOM  260220P00180000
QCOM,2026-02-04,2026-04-29,2026-01-28,2026-02-06,2026-05-15,152.6999969482422,155.0,QCOM  260206C00155000,QCOM  260206P00155000,QCOM  260515C00155000,QCOM  260515P00155000
QCOM,2026-04-29,2026-07-29,2026-04-22,2026-05-01,2026-08-21,136.07000732421875,135.0,QCOM  260501C00135000,QCOM  260501P00135000,QCOM  260821C00135000,QCOM  260821P00135000
TSLA,2016-02-10,2016-05-04,2016-02-03,2016-02-12,2016-05-20,173.48000049591064,175.0,TSLA  160212C00175000,TSLA  160212P00175000,TSLA  160520C00175000,TSLA  160520P00175000
TSLA,2016-05-04,2016-08-03,2016-04-27,2016-05-06,2016-08-19,251.47001266479492,250.0,TSLA  160506C00250000,TSLA  160506P00250000,TSLA  160819C00250000,TSLA  160819P00250000
TSLA,2016-08-03,2016-10-26,2016-07-27,2016-08-05,2016-11-18,228.49000453948975,230.0,TSLA  160805C00230000,TSLA  160805P00230000,TSLA  161118C00230000,TSLA  161118P00230000
TSLA,2016-10-26,2017-02-22,2016-10-19,2016-10-28,2017-03-17,203.56000900268555,200.0,TSLA  161028C00200000,TSLA  161028P00200000,TSLA  170317C00200000,TSLA  170317P00200000
TSLA,2017-02-22,2017-05-03,2017-02-15,2017-02-24,2017-05-19,279.76000785827637,280.0,TSLA  170224C00280000,TSLA  170224P00280000,TSLA  170519C00280000,TSLA  170519P00280000
TSLA,2017-05-03,2017-08-02,2017-04-26,2017-05-05,2017-08-18,310.1699924468994,310.0,TSLA  170505C00310000,TSLA  170505P00310000,TSLA  170818C00310000,TSLA  170818P00310000
TSLA,2017-08-02,2017-11-01,2017-07-26,2017-08-04,2017-11-17,343.84998321533203,340.0,TSLA  170804C00340000,TSLA  170804P00340000,TSLA  171117C00340000,TSLA  171117P00340000
TSLA,2017-11-01,2018-02-07,2017-10-25,2017-11-03,2018-02-16,325.84001541137695,330.0,TSLA  171103C00330000,TSLA  171103P00330000,TSLA  180216C00330000,TSLA  180216P00330000
TSLA,2018-02-07,2018-05-02,2018-01-31,2018-02-09,2018-05-18,354.30999755859375,350.0,TSLA  180209C00350000,TSLA  180209P00350000,TSLA  180518C00350000,TSLA  180518P00350000
TSLA,2018-05-02,2018-08-01,2018-04-25,2018-05-04,2018-08-17,280.6900119781494,280.0,TSLA  180504C00280000,TSLA  180504P00280000,TSLA  180817C00280000,TSLA  180817P00280000
TSLA,2018-08-01,2018-10-24,2018-07-25,2018-08-03,2018-11-16,308.7399959564209,310.0,TSLA  180803C00310000,TSLA  180803P00310000,TSLA  181116C00310000,TSLA  181116P00310000
TSLA,2018-10-24,2019-01-30,2018-10-17,2018-10-26,2019-02-15,271.78001403808594,270.0,TSLA  181026C00270000,TSLA  181026P00270000,TSLA  190215C00270000,TSLA  190215P00270000
TSLA,2019-01-30,2019-04-24,2019-01-23,2019-02-01,2019-05-17,287.58999824523926,290.0,TSLA  190201C00290000,TSLA  190201P00290000,TSLA  190517C00290000,TSLA  190517P00290000
TSLA,2019-04-24,2019-07-24,2019-04-17,2019-04-26,2019-08-16,271.2300109863281,270.0,TSLA  190426C00270000,TSLA  190426P00270000,TSLA  190816C00270000,TSLA  190816P00270000
TSLA,2019-07-24,2019-10-23,2019-07-17,2019-07-26,2019-11-15,254.86001014709473,250.0,TSLA  190726C00250000,TSLA  190726P00250000,TSLA  191115C00250000,TSLA  191115P00250000
TSLA,2019-10-23,2020-01-29,2019-10-16,2019-10-25,2020-02-21,259.75001335144043,260.0,TSLA  191025C00260000,TSLA  191025P00260000,TSLA  200221C00260000,TSLA  200221P00260000
TSLA,2020-01-29,2020-04-29,2020-01-22,2020-01-31,2020-05-15,569.5600318908691,575.0,TSLA  200131C00575000,TSLA  200131P00575000,TSLA  200515C00575000,TSLA  200515P00575000
TSLA,2020-04-29,2020-07-22,2020-04-22,2020-05-01,2020-08-21,732.1100234985352,725.0,TSLA  200501C00725000,TSLA  200501P00725000,TSLA  200821C00725000,TSLA  200821P00725000
TSLA,2020-07-22,2020-10-21,2020-07-15,2020-07-24,2020-11-20,1546.0099411010742,1550.0,TSLA  200724C01550000,TSLA  200724P01550000,TSLA  201120C01550000,TSLA  201120P01550000
TSLA,2020-10-21,2021-01-27,2020-10-14,2020-10-23,2021-02-19,461.29998779296875,460.0,TSLA  201023C00460000,TSLA  201023P00460000,TSLA  210219C00460000,TSLA  210219P00460000
TSLA,2021-01-27,2021-04-26,2021-01-20,2021-01-29,2021-05-21,850.4500122070312,850.0,TSLA  210129C00850000,TSLA  210129P00850000,TSLA  210521C00850000,TSLA  210521P00850000
TSLA,2021-04-26,2021-07-26,2021-04-19,2021-04-30,2021-08-20,714.6300201416016,725.0,TSLA  210430C00725000,TSLA  210430P00725000,TSLA  210820C00725000,TSLA  210820P00725000
TSLA,2021-07-26,2021-10-20,2021-07-19,2021-07-30,2021-11-19,646.2199859619141,650.0,TSLA  210730C00650000,TSLA  210730P00650000,TSLA  211119C00650000,TSLA  211119P00650000
TSLA,2021-10-20,2022-01-26,2021-10-13,2021-10-22,2022-02-18,811.0799560546875,800.0,TSLA  211022C00800000,TSLA  211022P00800000,TSLA  220218C00800000,TSLA  220218P00800000
TSLA,2022-01-26,2022-04-20,2022-01-19,2022-01-28,2022-05-20,995.6499938964844,1000.0,TSLA  220128C01000000,TSLA  220128P01000000,TSLA  220520C01000000,TSLA  220520P01000000
TSLA,2022-04-20,2022-07-20,2022-04-13,2022-04-22,2022-08-19,1022.3700256347656,1000.0,TSLA  220422C01000000,TSLA  220422P01000000,TSLA  220819C01000000,TSLA  220819P01000000
TSLA,2022-07-20,2022-10-19,2022-07-13,2022-07-22,2022-10-21,711.1199798583984,700.0,TSLA  220722C00700000,TSLA  220722P00700000,TSLA  221021C00700000,TSLA  221021P00700000
TSLA,2022-10-19,2023-01-25,2022-10-12,2022-10-21,2023-02-17,217.24000549316406,220.0,TSLA  221021C00220000,TSLA  221021P00220000,TSLA  230217C00220000,TSLA  230217P00220000
TSLA,2023-01-25,2023-04-19,2023-01-18,2023-01-27,2023-04-21,128.77999877929688,130.0,TSLA  230127C00130000,TSLA  230127P00130000,TSLA  230421C00130000,TSLA  230421P00130000
TSLA,2023-04-19,2023-07-19,2023-04-12,2023-04-21,2023-07-21,180.5399932861328,180.0,TSLA  230421C00180000,TSLA  230421P00180000,TSLA  230721C00180000,TSLA  230721P00180000
TSLA,2023-07-19,2023-10-18,2023-07-12,2023-07-21,2023-10-20,271.989990234375,270.0,TSLA  230721C00270000,TSLA  230721P00270000,TSLA  231020C00270000,TSLA  231020P00270000
TSLA,2023-10-18,2024-01-24,2023-10-11,2023-10-20,2024-02-16,262.989990234375,260.0,TSLA  231020C00260000,TSLA  231020P00260000,TSLA  240216C00260000,TSLA  240216P00260000
TSLA,2024-01-24,2024-04-23,2024-01-17,2024-01-26,2024-05-17,215.5500030517578,220.0,TSLA  240126C00220000,TSLA  240126P00220000,TSLA  240517C00220000,TSLA  240517P00220000
TSLA,2024-04-23,2024-07-24,2024-04-16,2024-04-26,2024-08-16,157.11000061035156,155.0,TSLA  240426C00155000,TSLA  240426P00155000,TSLA  240816C00155000,TSLA  240816P00155000
TSLA,2024-07-24,2024-10-23,2024-07-17,2024-07-26,2024-11-15,248.5,250.0,TSLA  240726C00250000,TSLA  240726P00250000,TSLA  241115C00250000,TSLA  241115P00250000
TSLA,2024-10-23,2025-01-29,2024-10-16,2024-10-25,2025-02-21,221.3300018310547,220.0,TSLA  241025C00220000,TSLA  241025P00220000,TSLA  250221C00220000,TSLA  250221P00220000
TSLA,2025-01-29,2025-04-22,2025-01-22,2025-01-31,2025-05-16,415.1099853515625,420.0,TSLA  250131C00420000,TSLA  250131P00420000,TSLA  250516C00420000,TSLA  250516P00420000
TSLA,2025-04-22,2025-07-23,2025-04-15,2025-04-25,2025-08-15,254.11000061035156,250.0,TSLA  250425C00250000,TSLA  250425P00250000,TSLA  250815C00250000,TSLA  250815P00250000
TSLA,2025-07-23,2025-10-22,2025-07-16,2025-07-25,2025-11-21,321.6700134277344,320.0,TSLA  250725C00320000,TSLA  250725P00320000,TSLA  251121C00320000,TSLA  251121P00320000
TSLA,2025-10-22,2026-01-28,2025-10-15,2025-10-24,2026-02-20,435.1499938964844,440.0,TSLA  251024C00440000,TSLA  251024P00440000,TSLA  260220C00440000,TSLA  260220P00440000
TSLA,2026-01-28,2026-04-22,2026-01-21,2026-01-30,2026-05-15,431.44000244140625,430.0,TSLA  260130C00430000,TSLA  260130P00430000,TSLA  260515C00430000,TSLA  260515P00430000
TSLA,2026-04-22,2026-07-22,2026-04-15,2026-04-24,2026-08-21,391.95001220703125,390.0,TSLA  260424C00390000,TSLA  260424P00390000,TSLA  260821C00390000,TSLA  260821P00390000
ZM,2019-06-06,2019-09-05,2019-05-30,2019-06-07,2019-09-20,80.41999816894531,80.0,ZM    190607C00080000,ZM    190607P00080000,ZM    190920C00080000,ZM    190920P00080000
ZM,2019-09-05,2019-12-05,2019-08-29,2019-09-06,2019-12-20,90.87000274658203,90.0,ZM    190906C00090000,ZM    190906P00090000,ZM    191220C00090000,ZM    191220P00090000
ZM,2019-12-05,2020-03-04,2019-11-28,2019-12-06,2020-03-20,74.08000183105469,75.0,ZM    191206C00075000,ZM    191206P00075000,ZM    200320C00075000,ZM    200320P00075000
ZM,2020-03-04,2020-06-02,2020-02-26,2020-03-06,2020-06-19,106.87999725341797,105.0,ZM    200306C00105000,ZM    200306P00105000,ZM    200619C00105000,ZM    200619P00105000
ZM,2020-06-02,2020-08-31,2020-05-26,2020-06-05,2020-09-18,164.0,165.0,ZM    200605C00165000,ZM    200605P00165000,ZM    200918C00165000,ZM    200918P00165000
ZM,2020-08-31,2020-11-30,2020-08-24,2020-09-04,2020-12-18,282.2799987792969,280.0,ZM    200904C00280000,ZM    200904P00280000,ZM    201218C00280000,ZM    201218P00280000
ZM,2020-11-30,2021-03-01,2020-11-23,2020-12-04,2021-03-19,430.2799987792969,430.0,ZM    201204C00430000,ZM    201204P00430000,ZM    210319C00430000,ZM    210319P00430000
ZM,2021-03-01,2021-06-01,2021-02-22,2021-03-05,2021-06-18,394.3399963378906,390.0,ZM    210305C00390000,ZM    210305P00390000,ZM    210618C00390000,ZM    210618P00390000
ZM,2021-06-01,2021-08-30,2021-05-25,2021-06-04,2021-09-17,321.2799987792969,320.0,ZM    210604C00320000,ZM    210604P00320000,ZM    210917C00320000,ZM    210917P00320000
ZM,2021-08-30,2021-11-22,2021-08-23,2021-09-03,2021-12-17,341.29998779296875,340.0,ZM    210903C00340000,ZM    210903P00340000,ZM    211217C00340000,ZM    211217P00340000
ZM,2021-11-22,2022-02-28,2021-11-15,2021-11-26,2022-03-18,263.7099914550781,260.0,ZM    211126C00260000,ZM    211126P00260000,ZM    220318C00260000,ZM    220318P00260000
ZM,2022-02-28,2022-05-23,2022-02-21,2022-03-04,2022-06-17,126.95999908447266,125.0,ZM    220304C00125000,ZM    220304P00125000,ZM    220617C00125000,ZM    220617P00125000
ZM,2022-05-23,2022-08-22,2022-05-16,2022-05-27,2022-09-16,88.91999816894531,90.0,ZM    220527C00090000,ZM    220527P00090000,ZM    220916C00090000,ZM    220916P00090000
ZM,2022-08-22,2022-11-21,2022-08-15,2022-08-26,2022-12-16,113.2300033569336,115.0,ZM    220826C00115000,ZM    220826P00115000,ZM    221216C00115000,ZM    221216P00115000
ZM,2022-11-21,2023-02-27,2022-11-14,2022-11-25,2023-03-17,84.3499984741211,85.0,ZM    221125C00085000,ZM    221125P00085000,ZM    230317C00085000,ZM    230317P00085000
ZM,2023-02-27,2023-05-22,2023-02-20,2023-03-03,2023-06-16,76.11000061035156,75.0,ZM    230303C00075000,ZM    230303P00075000,ZM    230616C00075000,ZM    230616P00075000
ZM,2023-05-22,2023-08-21,2023-05-15,2023-05-26,2023-09-15,66.02999877929688,65.0,ZM    230526C00065000,ZM    230526P00065000,ZM    230915C00065000,ZM    230915P00065000
ZM,2023-08-21,2023-11-20,2023-08-14,2023-08-25,2023-12-15,67.55000305175781,70.0,ZM    230825C00070000,ZM    230825P00070000,ZM    231215C00070000,ZM    231215P00070000
ZM,2023-11-20,2024-02-26,2023-11-13,2023-11-24,2024-03-15,61.540000915527344,60.0,ZM    231124C00060000,ZM    231124P00060000,ZM    240315C00060000,ZM    240315P00060000
ZM,2024-02-26,2024-05-20,2024-02-19,2024-03-01,2024-06-21,62.119998931884766,60.0,ZM    240301C00060000,ZM    240301P00060000,ZM    240621C00060000,ZM    240621P00060000
ZM,2024-05-20,2024-08-21,2024-05-13,2024-05-24,2024-09-20,63.11000061035156,65.0,ZM    240524C00065000,ZM    240524P00065000,ZM    240920C00065000,ZM    240920P00065000
ZM,2024-08-21,2024-11-25,2024-08-14,2024-08-23,2024-12-20,57.0,55.0,ZM    240823C00055000,ZM    240823P00055000,ZM    241220C00055000,ZM    241220P00055000
ZM,2024-11-25,2025-02-24,2024-11-18,2024-11-29,2025-03-21,78.93000030517578,80.0,ZM    241129C00080000,ZM    241129P00080000,ZM    250321C00080000,ZM    250321P00080000
ZM,2025-02-24,2025-05-21,2025-02-17,2025-02-28,2025-06-20,85.0999984741211,85.0,ZM    250228C00085000,ZM    250228P00085000,ZM    250620C00085000,ZM    250620P00085000
ZM,2025-05-21,2025-08-21,2025-05-14,2025-05-23,2025-09-19,83.2699966430664,85.0,ZM    250523C00085000,ZM    250523P00085000,ZM    250919C00085000,ZM    250919P00085000
ZM,2025-08-21,2025-11-24,2025-08-14,2025-08-22,2025-12-19,71.86000061035156,70.0,ZM    250822C00070000,ZM    250822P00070000,ZM    251219C00070000,ZM    251219P00070000
ZM,2025-11-24,2026-02-25,2025-11-17,2025-11-28,2026-03-20,81.86000061035156,80.0,ZM    251128C00080000,ZM    251128P00080000,ZM    260320C00080000,ZM    260320P00080000
ZM,2026-02-25,2026-08-20,2026-02-18,2026-02-27,2026-08-21,91.12000274658203,90.0,ZM    260227C00090000,ZM    260227P00090000,ZM    260821C00090000,ZM    260821P00090000
