date,gross_notional,net_exposure,open_legs,daily_pnl,daily_trade_flow,cum_pnl
2016-01-07,163.0,-163.0,2,0.0,163.0,0.0
2016-01-08,176.0,-176.0,2,-13.0,0.0,-13.0
2016-01-11,149.0,-149.0,2,26.999999999999993,0.0,13.999999999999993
2016-01-12,1646.0,-1646.0,6,4.0,1501.0,17.999999999999993
2016-01-13,1908.0,-1908.0,6,-262.0000000000001,0.0,-244.0000000000001
2016-01-14,1736.0,-1736.0,6,172.0000000000001,0.0,-72.0
2016-01-15,2012.9999771118164,-2012.9999771118164,6,-276.9999771118164,273.9999771118164,-348.9999771118164
2016-01-19,3759.0,-779.0,8,143.9999999999999,2164.0,-204.99997711181652
2016-01-20,3576.0,-586.0000000000001,10,567.9999999999999,375.0,363.00002288818337
2016-01-21,11642.0,-7352.0,20,-424.99999999999983,7771.0,-61.99997711181646
2016-01-22,12240.000452041626,-7888.000452041626,20,-536.0004520416257,1476.0004520416257,-598.0004291534422
2016-01-25,27336.0,-530.0000000000005,20,231.9999999999999,16850.0,-366.00042915344227
2016-01-26,26697.0,-597.0000000000005,20,-66.99999999999916,0.0,-433.0004291534414
2016-01-27,25655.0,-255.0,20,341.99999999999903,0.0,-91.00042915344238
2016-01-28,29501.0,-541.0000000000002,20,-286.0000000000007,0.0,-377.00042915344306
2016-01-29,19668.0009765625,2565.9990234375,20,3106.999023437501,2501.0009765625,2729.9985942840576
2016-02-01,17320.0,4420.0,8,-647.0000000000003,0.0,2082.998594284057
2016-02-02,16710.0,4980.0,8,559.9999999999999,0.0,2642.998594284057
2016-02-03,16705.0,6310.999999999999,14,3324.0000000000005,2571.0,5966.998594284058
2016-02-04,15068.0,7503.999999999999,14,1193.0,0.0,7159.998594284058
2016-02-05,17315.000549316406,8124.999450683594,14,620.9994506835943,2124.0005493164062,7780.998044967652
2016-02-08,16963.0,10495.0,12,246.0,0.0,8026.998044967652
2016-02-09,17333.0,10763.0,12,267.9999999999994,0.0,8294.998044967651
2016-02-10,17227.0,9677.0,12,-1085.9999999999998,0.0,7208.998044967651
2016-02-11,15865.0,10381.0,12,704.0000000000009,0.0,7912.998044967652
2016-02-12,15067.00044631958,9852.99955368042,12,-528.0004463195808,2607.00044631958,7384.997598648071
2016-02-16,11645.0,11645.0,8,-815.0000000000002,0.0,6569.997598648071
2016-02-17,11211.0,11211.0,8,-433.99999999999994,0.0,6135.997598648071
2016-02-18,12233.0,12233.0,10,266.00000000000017,756.0,6401.997598648071
2016-02-19,11438.0,11438.0,10,-795.0000000000001,0.0,5606.997598648071
2016-02-22,19160.0,19160.0,12,-337.9999999999998,8060.0,5268.997598648071
2016-02-23,23816.0,23816.0,16,-234.99999999999986,4891.0,5033.997598648071
2016-02-24,23610.0,23610.0,16,-206.0000000000002,0.0,4827.997598648071
2016-02-25,24255.0,22215.0,18,-375.0000000000006,1020.0,4452.99759864807
2016-02-26,24223.0,21803.0,18,-411.9999999999994,0.0,4040.997598648071
2016-02-29,23848.0,21388.0,18,-415.0000000000002,0.0,3625.9975986480704
2016-03-01,23220.0,20720.0,18,-667.9999999999998,0.0,2957.9975986480704
2016-03-02,23161.0,20801.0,18,80.99999999999952,0.0,3038.99759864807
2016-03-03,23020.0,20640.0,18,-160.99999999999966,0.0,2877.9975986480704
2016-03-04,22761.99994659424,19550.00005340576,18,-1089.9999465942376,1605.9999465942383,1787.9976520538328
2016-03-07,21819.0,21819.0,16,662.9999999999999,0.0,2450.9976520538326
2016-03-08,22188.0,21776.0,18,162.99999999999903,206.0,2613.9976520538316
2016-03-09,22213.0,21777.0,18,1.000000000000366,0.0,2614.997652053832
2016-03-10,24016.0,22574.0,22,39.000000000000156,1802.0,2653.997652053832
2016-03-11,23388.0,21804.0,22,-769.9999999999995,0.0,1883.9976520538326
2016-03-14,23019.0,21453.0,22,-351.0,0.0,1532.9976520538326
2016-03-15,23192.0,21622.0,22,169.00000000000003,0.0,1701.9976520538326
2016-03-16,22949.0,21207.0,22,-415.0000000000004,0.0,1286.997652053832
2016-03-17,23156.0,21156.0,22,-50.999999999999766,0.0,1235.9976520538323
2016-03-18,23177.999771118164,20698.000228881836,22,-457.99977111816463,1239.999771118164,777.9978809356677
2016-03-21,29548.0,29548.0,24,-542.9999999999994,8152.999999999999,234.99788093566826
2016-03-22,28770.0,28770.0,24,-777.9999999999989,0.0,-543.0021190643306
2016-03-23,28125.0,27913.0,28,-1015.0000000000008,370.0,-1558.0021190643315
2016-03-24,28510.0,28274.0,28,361.0,0.0,-1197.0021190643315
2016-03-28,28007.0,27785.0,28,-489.0,0.0,-1686.0021190643315
2016-03-29,28812.0,28588.0,28,803.0,0.0,-883.0021190643315
2016-03-30,28653.0,28419.0,28,-169.0000000000006,0.0,-1052.0021190643322
2016-03-31,28353.0,28229.0,28,-189.99999999999955,0.0,-1242.0021190643317
2016-04-01,28959.99997329712,28954.00002670288,28,725.0000267028812,2.9999732971191397,-517.0020923614505
2016-04-04,29284.0,29284.0,26,327.00000000000045,0.0,-190.00209236145008
2016-04-05,29770.0,29770.0,26,485.99999999999983,0.0,295.99790763854975
2016-04-06,31953.0,31953.0,26,2182.999999999999,0.0,2478.997907638549
2016-04-07,30403.0,30403.0,26,-1550.0,0.0,928.9979076385489
2016-04-08,29305.0,29305.0,26,-1097.9999999999993,0.0,-169.00209236145042
2016-04-11,30131.0,27681.0,28,-398.9999999999996,1225.0,-568.00209236145
2016-04-12,30418.0,27528.0,30,11.999999999998991,165.0,-556.002092361451
2016-04-13,32524.0,28906.0,32,1742.0,364.0,1185.997907638549
2016-04-14,37023.0,24537.0,36,100.9999999999998,4470.0,1286.9979076385487
2016-04-15,37372.0,24442.0,36,-94.99999999999909,1440.0,1191.9979076385496
2016-04-18,40748.0,27650.0,40,626.9999999999991,4211.0,1818.9979076385487
2016-04-19,39429.0,25837.0,42,-2352.9999999999995,2537.0,-534.0020923614509
2016-04-20,38523.0,26215.0,40,1040.0000000000002,7339.0,505.99790763854935
2016-04-21,36783.0,12187.0,38,-1011.0000000000005,5678.0,-505.0020923614511
2016-04-22,35816.99954223633,12363.000457763672,38,176.000457763672,5304.999542236328,-329.0016345977791
2016-04-25,29885.0,17775.0,28,106.99999999999929,1077.0,-222.00163459777983
2016-04-26,28449.0,16463.0,26,-234.99999999999886,0.0,-457.00163459777866
2016-04-27,32563.0,15067.000000000002,30,-1080.9999999999995,11534.0,-1538.0016345977783
2016-04-28,25942.0,6574.000000000001,28,-962.0000000000003,482.0,-2500.001634597779
2016-04-29,23446.999542236328,7289.000457763672,28,715.0004577636715,5254.999542236328,-1785.0011768341074
2016-05-02,17894.0,12646.0,22,101.9999999999985,0.0,-1683.001176834109
2016-05-03,27213.0,21313.0,24,-1487.999999999999,15824.0,-3171.0011768341083
2016-05-04,21913.0,14821.0,22,-822.9999999999991,690.0,-3994.0011768341074
2016-05-05,23114.0,14392.0,22,-879.0000000000008,1140.0,-4873.001176834108
2016-05-06,22698.99966430664,14845.000335693358,22,453.000335693359,3926.9996643066406,-4420.000841140749
2016-05-09,19040.0,19040.0,18,268.00000000000017,0.0,-4152.000841140749
2016-05-10,20081.0,20081.0,18,1040.9999999999998,0.0,-3111.000841140749
2016-05-11,21300.0,20994.0,20,1066.000000000001,153.0,-2045.000841140748
2016-05-12,21724.0,21404.0,20,409.99999999999955,0.0,-1635.0008411407484
2016-05-13,21119.0,20781.0,20,-622.9999999999993,0.0,-2258.000841140748
2016-05-16,20629.0,20331.0,20,-450.00000000000034,0.0,-2708.0008411407484
2016-05-17,19767.0,19465.0,20,-866.0000000000005,356.0,-3574.000841140749
2016-05-18,19335.0,19023.0,18,-85.99999999999955,0.0,-3660.0008411407484
2016-05-19,19353.0,19275.0,18,252.00000000000097,0.0,-3408.0008411407475
2016-05-20,19380.99993133545,19287.00006866455,18,12.000068664549815,46.99993133544922,-3396.0007724761977
2016-05-23,19744.0,19744.0,20,-508.9999999999996,919.0,-3905.000772476197
2016-05-24,27345.0,27345.0,22,441.00000000000045,7160.0,-3464.0007724761967
2016-05-25,27052.0,27052.0,22,-293.00000000000045,0.0,-3757.000772476197
2016-05-26,28301.0,26361.0,24,278.99999999999926,970.0,-3478.000772476198
2016-05-27,27796.0,25736.0,24,-624.9999999999995,0.0,-4103.000772476198
2016-05-31,28524.0,26344.0,24,607.9999999999994,0.0,-3495.0007724761986
2016-06-01,28329.0,26189.0,24,-155.00000000000074,2390.0,-3650.0007724761995
2016-06-02,26316.0,24296.0,22,497.0000000000014,0.0,-3153.000772476198
2016-06-03,25882.000518798828,24369.999481201172,22,73.99948120117088,756.0005187988281,-3079.001291275027
2016-06-06,25221.0,25221.0,20,95.00000000000104,0.0,-2984.0012912750262
2016-06-07,24767.0,24767.0,20,-453.9999999999999,0.0,-3438.0012912750262
2016-06-08,24416.0,24416.0,20,-351.00000000000034,0.0,-3789.0012912750267
2016-06-09,25179.0,24801.0,24,208.99999999999997,554.0,-3580.0012912750267
2016-06-10,29286.0,28874.0,26,-316.9999999999994,4390.0,-3897.0012912750262
2016-06-13,29434.0,29004.0,26,129.99999999999878,0.0,-3767.0012912750276
2016-06-14,29881.0,29465.0,26,461.00000000000074,0.0,-3306.0012912750267
2016-06-15,29164.0,28720.0,26,-745.0000000000007,191.0,-4051.001291275027
2016-06-16,29393.0,28967.0,24,438.0000000000001,0.0,-3613.001291275027
2016-06-17,29515.999969482422,29452.000030517578,24,485.00003051757915,31.999969482421868,-3128.001260757448
2016-06-20,31002.0,31002.0,24,-219.0000000000015,3086.0,-3347.0012607574495
2016-06-21,29463.0,29463.0,22,-189.99999999999943,0.0,-3537.001260757449
2016-06-22,30816.0,30816.0,22,1353.0000000000011,0.0,-2184.001260757448
2016-06-23,31143.0,30903.0,26,-98.00000000000033,425.0,-2282.0012607574486
2016-06-24,33288.0,32994.0,26,2091.0,0.0,-191.00126075744856
2016-06-27,33594.0,33186.0,26,191.9999999999991,0.0,0.9987392425505277
2016-06-28,32562.0,32294.0,26,-891.9999999999994,0.0,-891.0012607574489
2016-06-29,31580.0,31352.0,26,-942.0000000000009,234.99999999999997,-1833.00126075745
2016-06-30,30034.0,29832.0,24,-1284.9999999999995,0.0,-3118.0012607574495
2016-07-01,29409.0,29109.0,24,-722.9999999999999,150.0,-3841.0012607574495
2016-07-05,30093.0,30093.0,22,834.0000000000006,0.0,-3007.001260757449
2016-07-06,30541.0,30541.0,22,447.9999999999991,0.0,-2559.00126075745
2016-07-07,30369.0,30369.0,22,-171.99999999999937,0.0,-2731.0012607574495
2016-07-08,29403.0,29403.0,22,-966.0000000000009,0.0,-3697.0012607574504
2016-07-11,29785.0,27745.0,24,-637.9999999999997,1020.0,-4335.00126075745
2016-07-12,29529.0,26897.0,28,-1056.0,760.0,-5391.00126075745
2016-07-13,29998.0,26462.0,34,-316.99999999999915,754.0,-5708.001260757449
2016-07-14,29214.0,25560.0,38,-985.0000000000013,213.0,-6693.00126075745
2016-07-15,28316.0,24812.0,38,-748.0,1248.0,-7441.00126075745
2016-07-18,30318.0,26824.0,44,-1039.9999999999995,4606.0,-8481.00126075745
2016-07-19,31321.0,27077.0,46,-111.00000000000023,2367.0,-8592.00126075745
2016-07-20,30952.0,26406.0,44,718.000000000001,522.0,-7874.001260757449
2016-07-21,51560.0,27638.0,50,-413.0000000000002,19935.0,-8287.00126075745
2016-07-22,51269.00040435791,26494.99959564209,50,-1143.0004043579097,1801.0004043579102,-9430.00166511536
2016-07-25,47727.0,27431.0,40,-865.0000000000009,858.0,-10295.00166511536
2016-07-26,46600.0,26342.0,38,-230.99999999999935,777.0,-10526.00166511536
2016-07-27,48209.0,23705.0,38,34.99999999999975,17474.0,-10491.00166511536
2016-07-28,32702.0,7870.0,34,-256.00000000000017,0.0,-10747.00166511536
2016-07-29,26370.99917602539,10073.00082397461,34,2203.00082397461,6138.999176025391,-8544.00084114075
2016-08-01,20342.0,17032.0,26,820.0000000000003,0.0,-7724.000841140751
2016-08-02,20274.0,17124.0,26,91.99999999999952,2876.0,-7632.000841140752
2016-08-03,17195.0,14125.0,24,-122.99999999999986,0.0,-7755.000841140752
2016-08-04,17344.0,14654.0,28,1466.0,937.0,-6289.000841140752
2016-08-05,17364.999305725098,15381.000694274902,28,727.000694274902,2.99930572509765,-5562.000146865849
2016-08-08,17050.0,15146.0,26,-237.99999999999957,0.0,-5800.000146865849
2016-08-09,17158.0,15252.0,26,106.00000000000014,0.0,-5694.000146865849
2016-08-10,17746.0,15530.0,30,138.99999999999994,1660.0,-5555.000146865849
2016-08-11,17088.0,13754.0,30,-403.9999999999999,141.0,-5959.000146865849
2016-08-12,17826.99990081787,12975.000099182129,30,-778.9999008178709,2444.999900817871,-6738.00004768372
2016-08-15,16942.0,16326.0,26,-15.999999999999986,1554.0,-6754.00004768372
2016-08-16,16803.0,16211.0,26,-115.00000000000028,0.0,-6869.00004768372
2016-08-17,16643.0,16109.0,26,-102.00000000000024,0.0,-6971.00004768372
2016-08-18,16602.0,16194.0,26,84.99999999999963,0.0,-6886.00004768372
2016-08-19,16516.99998474121,15985.000015258789,26,-208.99998474121085,265.9999847412109,-7095.000032424931
2016-08-22,16937.0,16937.0,24,-451.9999999999992,1138.0,-7547.00003242493
2016-08-23,25945.0,25945.0,28,45.99999999999953,8962.0,-7501.000032424931
2016-08-24,24578.0,24578.0,28,-1366.9999999999993,0.0,-8868.00003242493
2016-08-25,26210.0,24010.0,30,531.9999999999997,1100.0,-8336.00003242493
2016-08-26,26404.0,24224.0,30,214.0,0.0,-8122.00003242493
2016-08-29,26144.0,24164.0,30,-60.00000000000057,0.0,-8182.000032424931
2016-08-30,25548.0,23368.0,30,-795.999999999999,0.0,-8978.00003242493
2016-08-31,25533.0,23433.0,30,64.99999999999962,2170.0,-8913.00003242493
2016-09-01,27861.0,25981.0,30,312.99999999999943,4405.0,-8600.00003242493
2016-09-02,26970.99917602539,26593.00082397461,30,612.0008239746103,188.99917602539065,-7987.99920845032
2016-09-06,28213.0,28213.0,28,1430.9999999999995,0.0,-6556.999208450321
2016-09-07,27843.0,27843.0,28,-370.0000000000002,0.0,-6926.999208450321
2016-09-08,27880.0,27522.0,32,-492.0000000000002,529.0,-7418.999208450321
2016-09-09,26749.0,26351.0,32,-1171.0,0.0,-8589.999208450321
2016-09-12,27005.0,26637.0,32,285.99999999999966,0.0,-8303.999208450321
2016-09-13,26984.0,26628.0,32,-8.999999999999318,0.0,-8312.999208450321
2016-09-14,27194.0,26834.0,32,206.0000000000001,172.0,-8106.999208450321
2016-09-15,27645.0,27281.0,30,619.0,0.0,-7487.999208450321
2016-09-16,26922.00018310547,26705.99981689453,30,-575.0001831054694,108.00018310546875,-8062.999391555791
2016-09-19,27602.0,27602.0,30,-631.9999999999991,1420.0,-8694.99939155579
2016-09-20,30110.0,30110.0,32,367.99999999999847,2140.0,-8326.999391555792
2016-09-21,30980.0,30980.0,32,870.0000000000008,0.0,-7456.999391555791
2016-09-22,32575.0,32575.0,32,1595.0000000000002,0.0,-5861.999391555791
2016-09-23,32029.0,32029.0,32,-545.9999999999998,0.0,-6407.999391555791
2016-09-26,30493.0,30493.0,32,-1535.9999999999995,0.0,-7943.99939155579
2016-09-27,32718.0,32460.0,36,1739.0000000000002,486.0,-6204.99939155579
2016-09-28,33490.0,33180.0,36,720.0000000000005,0.0,-5484.99939155579
2016-09-29,33467.0,33163.0,36,-17.000000000001705,0.0,-5501.999391555792
2016-09-30,33696.0,33424.0,36,261.0000000000007,0.0,-5240.999391555791
2016-10-03,32902.0,32640.0,36,-783.9999999999999,373.0,-6024.999391555791
2016-10-04,32621.0,32361.0,34,93.99999999999943,0.0,-5930.999391555792
2016-10-05,33655.0,33555.0,34,1194.0000000000005,0.0,-4736.999391555792
2016-10-06,33935.0,33855.0,34,299.9999999999997,0.0,-4436.999391555792
2016-10-07,33354.999938964844,33277.000061035156,34,-577.9999389648436,38.99993896484375,-5014.999330520635
2016-10-10,35094.0,32974.0,34,717.9999999999998,1060.0,-4296.999330520635
2016-10-11,33804.0,31316.0,36,-1504.0000000000007,154.0,-5800.999330520636
2016-10-12,35595.0,31941.0,40,-140.00000000000006,1695.0,-5940.999330520636
2016-10-13,34793.0,30207.0,42,-1415.9999999999995,318.0,-7356.999330520635
2016-10-14,34453.0,29951.0,42,-255.99999999999966,1307.0,-7612.999330520635
2016-10-17,32720.0,28290.0,38,-354.0000000000009,245.0,-7966.999330520636
2016-10-18,35608.0,29690.0,40,875.0,1880.0,-7091.999330520636
2016-10-19,41488.0,32100.0,44,-364.9999999999998,6165.0,-7456.999330520636
2016-10-20,62099.0,31705.0,50,-1056.9999999999989,22028.0,-8513.999330520635
2016-10-21,62620.00004577637,31497.999954223633,50,-207.00004577636815,2977.000045776367,-8720.999376297004
2016-10-24,62835.0,37947.0,46,2320.0000000000005,2935.0,-6400.999376297004
2016-10-25,59988.0,35366.0,44,-798.0000000000003,3024.0,-7198.999376297004
2016-10-26,57246.0,31986.0,48,-782.0000000000007,20238.0,-7980.999376297005
2016-10-27,37620.0,14274.0,42,-87.9999999999992,0.0,-8068.999376297004
2016-10-28,30041.995803833008,18764.004196166992,42,4490.004196166992,4524.995803833008,-3578.995180130012
2016-10-31,25049.0,23057.0,32,-232.00000000000017,0.0,-3810.995180130012
2016-11-01,24974.0,22888.0,32,-168.99999999999972,2855.0,-3979.9951801300117
2016-11-02,22368.0,20238.0,28,205.00000000000026,0.0,-3774.9951801300112
2016-11-03,23205.0,19575.0,30,29.999999999999247,693.0,-3744.995180130012
2016-11-04,23470.99969482422,19855.00030517578,30,280.0003051757825,1069.9996948242188,-3464.9948749542295
2016-11-07,21531.0,20215.0,26,-710.0000000000011,0.0,-4174.994874954231
2016-11-08,21302.0,20016.0,26,-198.9999999999995,0.0,-4373.99487495423
2016-11-09,21166.0,19706.0,28,-155.0000000000005,1621.0,-4528.994874954231
2016-11-10,21540.0,19954.0,26,1714.000000000001,0.0,-2814.99487495423
2016-11-11,22618.99993133545,18705.00006866455,26,-1248.9999313354492,1796.9999313354492,-4063.994806289679
2016-11-14,22337.0,22029.0,24,1526.9999999999989,0.0,-2536.99480628968
2016-11-15,20566.0,20294.0,24,-1734.9999999999989,195.0,-4271.994806289679
2016-11-16,19747.0,19459.0,22,-639.9999999999999,235.0,-4911.994806289679
2016-11-17,19204.0,18652.0,20,-572.0000000000014,0.0,-5483.99480628968
2016-11-18,18748.999969482422,18285.000030517578,20,-366.9999694824207,231.99996948242188,-5850.994775772101
2016-11-21,18028.0,18028.0,20,-1187.0000000000005,698.0,-7037.994775772102
2016-11-22,28192.0,28192.0,24,132.99999999999994,10031.0,-6904.994775772102
2016-11-23,27910.0,27910.0,24,-281.9999999999993,0.0,-7186.994775772101
2016-11-25,27910.0,27910.0,24,0.0,0.0,-7186.994775772101
2016-11-28,27776.0,27776.0,24,-134.00000000000068,0.0,-7320.994775772102
2016-11-29,27486.0,27486.0,24,-290.00000000000074,0.0,-7610.994775772103
2016-11-30,28287.0,28287.0,24,801.0000000000005,0.0,-6809.994775772102
2016-12-01,29878.0,29878.0,24,1591.000000000001,0.0,-5218.994775772101
2016-12-02,29474.0,29474.0,24,-404.000000000001,0.0,-5622.994775772102
2016-12-05,27313.0,27313.0,24,-2161.0,0.0,-7783.994775772102
2016-12-06,29570.0,29570.0,26,261.00000000000085,1996.0,-7522.994775772101
2016-12-07,28656.0,28656.0,26,-914.0000000000001,1105.0,-8436.994775772102
2016-12-08,28398.0,27030.0,30,-185.00000000000017,1032.0,-8621.994775772102
2016-12-09,27463.0,26081.0,30,-948.9999999999999,0.0,-9570.994775772102
2016-12-12,27367.0,25891.0,30,-190.00000000000034,0.0,-9760.994775772102
2016-12-13,26953.0,25419.0,30,-471.9999999999995,0.0,-10232.994775772102
2016-12-14,28271.0,26505.0,34,811.9999999999994,729.0,-9420.994775772102
2016-12-15,28078.0,26348.0,32,14.000000000000412,0.0,-9406.994775772102
2016-12-16,27359.99984741211,26594.00015258789,32,246.00015258789034,234.99984741210938,-9160.994623184211
2016-12-19,29233.0,28981.0,30,-277.99999999999966,2430.0,-9438.994623184211
2016-12-20,29378.0,29112.0,30,131.00000000000017,302.0,-9307.994623184211
2016-12-21,29281.0,29033.0,28,222.99999999999955,0.0,-9084.994623184211
2016-12-22,30336.0,29622.0,28,589.0000000000006,0.0,-8495.994623184211
2016-12-23,30631.000022888184,29978.999977111816,28,356.99997711181555,326.0000228881836,-8138.994646072396
2016-12-27,30730.0,30730.0,26,425.0000000000006,0.0,-7713.994646072395
2016-12-28,29906.0,29906.0,26,-824.0000000000002,0.0,-8537.994646072395
2016-12-29,29907.0,29907.0,26,1.000000000000142,0.0,-8536.994646072395
2016-12-30,30436.0,30436.0,26,529.0,0.0,-8007.994646072395
2017-01-03,28701.0,28701.0,26,-1735.0000000000011,0.0,-9742.994646072397
2017-01-04,28449.0,28449.0,26,-251.99999999999937,0.0,-9994.994646072397
2017-01-05,27548.0,27548.0,26,-901.0,0.0,-10895.994646072397
2017-01-06,27214.0,27214.0,26,-334.00000000000057,0.0,-11229.994646072397
2017-01-09,27597.0,27597.0,26,383.00000000000074,0.0,-10846.994646072397
2017-01-10,26903.0,26903.0,26,-694.0000000000003,0.0,-11540.994646072397
2017-01-11,29656.0,26146.0,32,-302.0,3055.0,-11842.994646072397
2017-01-12,29285.0,25775.0,32,-371.00000000000045,0.0,-12213.994646072397
2017-01-13,30100.0,26530.0,32,755.0000000000008,0.0,-11458.994646072397
2017-01-17,29136.0,25566.0,32,-963.9999999999995,3778.0,-12422.994646072397
2017-01-18,25805.0,21145.0,28,-643.0000000000014,0.0,-13065.994646072399
2017-01-19,29937.0,18317.0,34,1208.0000000000005,4036.0,-11857.994646072399
2017-01-20,28944.999961853027,18261.000038146973,34,-55.99996185302723,1564.9999618530273,-11913.994607925426
2017-01-23,33729.0,25063.0,40,1214.9999999999998,4833.0,-10698.994607925426
2017-01-24,35118.0,25234.0,44,469.0000000000002,3154.0,-10229.994607925426
2017-01-25,35324.0,24348.0,42,601.0000000000001,6101.0,-9628.994607925426
2017-01-26,34595.0,13431.0,40,421.0000000000001,5237.0,-9207.994607925426
2017-01-27,32247.9981842041,15418.001815795898,40,1987.0018157958996,2628.998184204101,-7220.992792129527
2017-01-30,29162.0,17674.0,34,-373.000000000001,778.0,-7593.9927921295275
2017-01-31,28029.0,16453.0,32,-443.0000000000004,0.0,-8036.9927921295275
2017-02-01,29239.0,16423.0,32,-29.999999999999716,6450.0,-8066.9927921295275
2017-02-02,23734.0,9416.0,30,532.9999999999998,1090.0,-7533.9927921295275
2017-02-03,24049.003395080566,9188.996604919434,30,-227.00339508056553,6365.003395080566,-7760.996187210093
2017-02-06,18269.0,16219.0,22,665.0000000000002,0.0,-7095.996187210093
2017-02-07,18820.0,16570.0,22,350.99999999999943,0.0,-6744.996187210094
2017-02-08,19537.0,17079.0,24,658.0000000000005,4865.0,-6086.996187210094
2017-02-09,15471.0,13153.0,22,789.9999999999999,0.0,-5296.996187210094
2017-02-10,14654.999534606934,14105.000465393066,22,952.0004653930654,137.9995346069336,-4344.995721817028
2017-02-13,15728.0,15492.0,20,1249.000000000001,0.0,-3095.9957218170275
2017-02-14,15559.0,15335.0,20,-156.9999999999997,107.0,-3252.995721817027
2017-02-15,17420.0,13388.0,20,49.9999999999996,1890.0,-3202.9957218170275
2017-02-16,16807.0,12271.000000000002,20,-1116.9999999999993,0.0,-4319.995721817027
2017-02-17,17019.00016784668,12720.99983215332,20,449.9998321533193,124.00016784667969,-3869.995889663707
2017-02-21,33429.0,29699.0,24,688.9999999999997,23874.0,-3180.9958896637077
2017-02-22,29094.0,23254.0,26,-415.9999999999999,3820.0,-3596.9958896637077
2017-02-23,29493.0,22395.0,26,-859.0000000000003,0.0,-4455.995889663708
2017-02-24,29243.000190734863,22502.999809265137,26,107.9998092651359,2300.0001907348637,-4347.996080398572
2017-02-27,26477.0,24297.0,24,-505.9999999999996,0.0,-4853.996080398572
2017-02-28,26332.0,24292.0,24,-5.000000000000697,0.0,-4858.996080398573
2017-03-01,27304.0,25214.0,24,922.0000000000011,0.0,-3936.9960803985723
2017-03-02,26281.0,24711.0,24,-502.9999999999998,0.0,-4439.996080398572
2017-03-03,26244.000732421875,24579.999267578125,24,-131.0007324218761,832.000732421875,-4570.996812820448
2017-03-06,25280.0,25280.0,22,-131.9999999999991,0.0,-4702.996812820447
2017-03-07,25048.0,25048.0,22,-232.00000000000003,0.0,-4934.996812820447
2017-03-08,25198.0,24880.0,24,-9.000000000000501,159.0,-4943.996812820448
2017-03-09,27106.0,25806.0,28,76.99999999999969,1821.0,-4866.996812820448
2017-03-10,27442.0,26100.0,28,294.00000000000114,1542.0,-4572.996812820447
2017-03-13,26023.0,24653.0,26,94.99999999999919,0.0,-4477.996812820448
2017-03-14,25689.0,24339.0,26,-314.0,298.0,-4791.996812820448
2017-03-15,25444.0,24120.0,24,79.00000000000033,0.0,-4712.996812820448
2017-03-16,26230.0,24056.0,28,-362.00000000000114,690.0,-5074.996812820449
2017-03-17,26354.000198364258,23935.999801635742,28,-120.00019836425687,1017.0001983642578,-5194.997011184706
2017-03-20,30892.0,30504.0,30,-490.0000000000004,6041.0,-5684.997011184706
2017-03-21,29473.0,29111.0,30,-1393.0,0.0,-7077.997011184706
2017-03-22,29890.0,29478.0,30,367.0000000000002,613.0,-6710.997011184706
2017-03-23,28708.0,28276.0,28,-588.9999999999995,0.0,-7299.997011184705
2017-03-24,28536.000030517578,27849.999969482422,28,-426.0000305175788,343.00003051757807,-7725.997041702284
2017-03-27,28221.0,28221.0,26,28.000000000000227,0.0,-7697.997041702284
2017-03-28,28384.0,28384.0,26,163.00000000000023,0.0,-7534.997041702284
2017-03-29,29124.0,29124.0,26,740.0000000000001,0.0,-6794.997041702284
2017-03-30,28978.0,28978.0,26,-146.00000000000028,0.0,-6940.997041702284
2017-03-31,29007.0,29007.0,26,28.999999999999723,0.0,-6911.997041702284
2017-04-03,30007.0,30007.0,26,999.9999999999997,0.0,-5911.997041702284
2017-04-04,31149.0,31149.0,26,1142.0000000000014,0.0,-4769.997041702283
2017-04-05,30328.0,30328.0,26,-821.0000000000013,0.0,-5590.997041702284
2017-04-06,29438.0,29438.0,26,-889.999999999999,0.0,-6480.997041702283
2017-04-07,29258.0,29258.0,26,-180.00000000000017,0.0,-6660.997041702283
2017-04-10,31448.0,29088.0,28,1009.9999999999991,1180.0,-5650.997041702284
2017-04-11,30830.0,28410.0,28,-677.9999999999989,0.0,-6328.997041702283
2017-04-12,32542.0,28496.0,36,-1118.0000000000002,2840.0,-7446.997041702283
2017-04-13,31363.0,27153.0,36,-1343.0,1527.0,-8789.997041702283
2017-04-17,30749.0,26601.0,34,974.9999999999998,1385.0,-7814.997041702283
2017-04-18,28195.0,25771.0,32,555.0000000000005,0.0,-7259.997041702283
2017-04-19,30432.0,26530.0,36,-507.0000000000007,2414.0,-7766.997041702284
2017-04-20,38007.0,20721.0,48,492.0000000000008,8051.0,-7274.997041702283
2017-04-21,37946.000175476074,19931.999824523926,48,-789.0001754760742,466.0001754760742,-8063.9972171783575
2017-04-24,39380.0,21754.0,48,1148.0,472.0,-6915.9972171783575
2017-04-25,43905.0,23537.0,52,1018.9999999999998,2849.0,-5896.9972171783575
2017-04-26,44496.0,19830.0,52,-579.0,16988.0,-6475.9972171783575
2017-04-27,29645.0,4799.0,44,-77.99999999999986,0.0,-6553.9972171783575
2017-04-28,30640.004821777344,4089.995178222656,44,-709.0048217773447,11079.004821777344,-7263.002038955702
2017-05-01,31304.0,25828.0,34,1089.0,12892.0,-6174.002038955702
2017-05-02,29253.0,21849.0,34,-406.9999999999992,5034.0,-6581.002038955701
2017-05-03,23993.0,17745.0,32,9.999999999999545,0.0,-6571.002038955701
2017-05-04,23647.0,17949.0,32,203.9999999999999,0.0,-6367.002038955701
2017-05-05,22522.9997215271,18979.0002784729,32,1030.000278472901,841.9997215270996,-5337.0017604828
2017-05-08,22471.0,20681.0,26,859.9999999999995,1382.0,-4477.001760482801
2017-05-09,21727.0,19717.0,24,417.9999999999998,0.0,-4059.001760482801
2017-05-10,28343.0,24675.0,28,-330.0000000000007,5612.0,-4389.001760482802
2017-05-11,29083.0,22569.0,32,-1275.9999999999984,830.0,-5665.0017604828
2017-05-12,30668.999557495117,24045.000442504883,32,1476.0004425048826,2288.9995574951167,-4189.001317977917
2017-05-15,28252.0,26060.0,30,-274.0000000000002,0.0,-4463.001317977917
2017-05-16,28828.0,26474.0,30,413.9999999999999,197.0,-4049.001317977917
2017-05-17,26248.0,24174.0,28,-2102.999999999999,0.0,-6152.001317977916
2017-05-18,26993.0,25833.0,28,1658.9999999999995,0.0,-4493.001317977916
2017-05-19,39140.000396728516,37921.999603271484,30,-391.00039672851585,13089.000396728516,-4884.001714706432
2017-05-22,43724.0,43724.0,28,1106.9999999999993,4085.9999999999995,-3777.0017147064327
2017-05-23,44876.0,44876.0,30,-197.9999999999999,1350.0,-3975.0017147064327
2017-05-24,46204.0,46204.0,30,1328.0000000000011,0.0,-2647.001714706432
2017-05-25,53208.0,50748.0,34,2693.9999999999995,4310.0,46.99828529356773
2017-05-26,53546.0,51086.0,34,337.99999999999994,0.0,384.9982852935677
2017-05-30,54808.0,52508.0,34,1422.000000000001,0.0,1806.9982852935686
2017-05-31,53515.0,51075.0,34,-1433.0000000000011,3045.0,373.9982852935675
2017-06-01,50224.0,47664.0,32,-366.0000000000001,0.0,7.998285293567392
2017-06-02,52653.999114990234,49748.000885009766,32,2084.0008850097665,1452.9991149902344,2091.999170303334
2017-06-05,53016.0,53016.0,30,1814.9999999999982,0.0,3906.999170303332
2017-06-06,51584.0,51584.0,30,-1431.9999999999989,0.0,2474.999170303333
2017-06-07,53203.0,53203.0,30,1619.0,0.0,4093.999170303333
2017-06-08,56557.0,56557.0,30,3354.0,0.0,7447.999170303333
2017-06-09,48190.0,48190.0,30,-8367.0,0.0,-919.0008296966671
2017-06-12,47338.0,47338.0,30,-852.000000000001,0.0,-1771.000829696668
2017-06-13,51477.0,50007.0,34,1754.0000000000018,2385.0,-17.000829696666187
2017-06-14,51808.0,49906.0,38,-268.00000000000125,557.0,-285.00082969666744
2017-06-15,50373.0,48429.0,38,-1476.9999999999984,0.0,-1762.0008296966657
2017-06-16,50079.0,48271.0,38,-158.0000000000001,0.0,-1920.0008296966657
2017-06-19,53821.0,52071.0,42,2248.999999999997,3546.0,328.9991703033311
2017-06-20,51383.0,49551.0,40,-524.9999999999975,377.0,-196.00082969666641
2017-06-21,53820.0,52360.0,38,3186.0000000000014,0.0,2989.9991703033347
2017-06-22,54641.0,52075.0,40,0.9999999999993747,286.0,2990.9991703033343
2017-06-23,55429.00044250488,52544.99955749512,40,469.9995574951143,1136.0004425048828,3460.9987277984487
2017-06-26,51658.0,51094.0,36,-2586.9999999999973,0.0,873.9987277984515
2017-06-27,46607.0,45989.0,36,-5105.000000000001,0.0,-4231.001272201549
2017-06-28,49689.0,49065.0,36,3075.9999999999995,768.0,-1155.0012722015495
2017-06-29,44862.0,44168.0,34,-4129.0,0.0,-5284.001272201549
2017-06-30,42949.999938964844,42422.000061035156,34,-1745.9999389648424,263.9999389648437,-7030.001211166391
2017-07-03,42686.0,42686.0,32,0.0,0.0,-7030.001211166391
2017-07-05,40843.0,40843.0,32,-1843.0000000000014,0.0,-8873.001211166393
2017-07-06,38841.0,38841.0,32,-2002.0000000000002,0.0,-10875.001211166393
2017-07-07,40532.0,40532.0,32,1690.9999999999998,0.0,-9184.001211166393
2017-07-10,44969.0,42149.0,34,3027.0000000000005,1410.0,-6157.001211166393
2017-07-11,45472.0,42532.0,34,383.0000000000008,0.0,-5774.001211166392
2017-07-12,49272.0,45748.0,36,3502.9999999999995,287.0,-2271.0012111663923
2017-07-13,48402.0,44366.0,38,-1058.999999999999,323.0,-3330.0012111663914
2017-07-14,50783.0,46505.0,38,2138.9999999999986,1876.9999999999998,-1191.0012111663927
2017-07-17,53272.0,40862.0,38,333.99999999999955,4100.0,-857.0012111663932
2017-07-18,59121.0,41229.0,42,1175.9999999999993,2346.0,318.9987888336061
2017-07-19,62303.0,43977.0,40,524.9999999999987,4636.0,843.9987888336049
2017-07-20,78448.0,50388.0,44,41.000000000003126,17284.0,884.9987888336079
2017-07-21,78717.00016784668,49298.99983215332,44,-1089.0001678466792,18374.00016784668,-204.0013790130713
2017-07-24,63574.0,42784.0,44,2436.0,4058.0,2231.9986209869285
2017-07-25,59980.0,44694.0,44,3178.0000000000014,2275.0,5409.998620986929
2017-07-26,69784.0,51606.0,48,2681.9999999999995,24606.0,8091.998620986929
2017-07-27,54165.0,32057.0,44,-4033.0000000000005,0.0,4058.998620986929
2017-07-28,51047.00280380249,34726.99719619751,44,2669.9971961975107,4835.00280380249,6728.995817184439
2017-07-31,44723.0,37997.0,34,-1565.0,757.0,5163.995817184439
2017-08-01,43395.0,36643.0,32,-597.0000000000008,2805.0,4566.995817184438
2017-08-02,39302.0,33786.0,30,-51.999999999999034,0.0,4514.995817184439
2017-08-03,42751.0,37941.0,34,2399.999999999999,10556.0,6914.995817184438
2017-08-04,37208.00087738037,30677.99912261963,32,-1302.0008773803706,1830.000877380371,5612.994939804068
2017-08-07,36395.0,33355.0,28,846.9999999999995,0.0,6459.994939804068
2017-08-08,36277.0,33267.0,28,-87.99999999999949,0.0,6371.994939804069
2017-08-09,36522.0,33168.0,30,32.99999999999973,132.0,6404.994939804069
2017-08-10,37689.0,32171.0,32,28.000000000000227,1025.0,6432.994939804069
2017-08-11,36389.0002822876,32080.999717712402,32,-90.00028228759659,904.0002822875977,6342.994657516472
2017-08-14,34602.0,32358.0,30,-627.000000000001,0.0,5715.994657516471
2017-08-15,34945.0,32547.0,30,189.00000000000085,116.0,5904.994657516472
2017-08-16,34744.0,32236.0,28,-195.00000000000074,3982.0,5709.994657516471
2017-08-17,32738.0,26586.0,26,-217.99999999999977,1450.0,5491.994657516471
2017-08-18,34193.99991607666,27308.00008392334,28,-847.9999160766597,3532.99991607666,4643.994741439812
2017-08-21,43620.0,40800.0,30,-232.00000000000102,11761.0,4411.994741439811
2017-08-22,42721.0,39741.0,32,-1336.999999999999,278.0,3074.994741439812
2017-08-23,43506.0,40566.0,32,825.0000000000002,2300.0,3899.994741439812
2017-08-24,41188.0,38148.0,30,-118.00000000000017,0.0,3781.994741439812
2017-08-25,39709.99998474121,38828.00001525879,30,680.0000152587884,440.99998474121094,4461.9947566986
2017-08-28,38790.0,38790.0,28,-478.99999999999864,0.0,3982.9947566986016
2017-08-29,37982.0,37982.0,28,-808.0000000000016,0.0,3174.9947566986
2017-08-30,41623.0,41623.0,30,330.9999999999995,3310.0,3505.9947566985998
2017-08-31,40768.0,40768.0,30,-854.9999999999992,0.0,2650.9947566986007
2017-09-01,40675.0,40675.0,30,-92.99999999999939,0.0,2557.994756698601
2017-09-05,41138.0,41138.0,30,462.9999999999996,0.0,3020.9947566986007
2017-09-06,40423.0,40423.0,30,-715.0000000000009,0.0,2305.9947566985998
2017-09-07,40900.0,40372.0,34,-256.9999999999993,734.0,2048.9947566986
2017-09-08,41014.0,40482.0,34,110.00000000000017,658.0,2158.9947566986
2017-09-11,40669.0,40021.0,32,197.00000000000023,0.0,2355.9947566986
2017-09-12,43257.0,41155.0,36,218.99999999999918,2345.0,2574.9947566985993
2017-09-13,42743.0,40539.0,36,-616.0000000000001,0.0,1958.9947566985993
2017-09-14,43113.0,40929.0,36,390.00000000000006,0.0,2348.9947566985993
2017-09-15,42818.99983215332,41127.00016784668,36,198.00016784668094,125.99983215332031,2546.9949245452804
2017-09-18,44910.0,43600.0,36,1889.9999999999995,2059.0,4436.99492454528
2017-09-19,43314.0,41446.0,38,-930.9999999999995,987.0,3505.9949245452804
2017-09-20,42304.0,40588.0,38,-857.9999999999998,0.0,2647.994924545281
2017-09-21,41662.0,39856.0,38,-732.000000000001,0.0,1915.99492454528
2017-09-22,41044.0,39132.0,38,-723.9999999999998,650.0,1191.9949245452801
2017-09-25,41319.0,40709.0,36,926.9999999999995,411.0,2118.99492454528
2017-09-26,40356.0,39778.0,34,-520.0000000000001,0.0,1598.99492454528
2017-09-27,39287.0,38843.0,34,-934.9999999999997,0.0,663.9949245452802
2017-09-28,39061.0,38447.0,34,-396.0000000000001,0.0,267.9949245452801
2017-09-29,38130.00018310547,37263.99981689453,34,-1183.0001831054685,433.00018310546886,-915.0052585601884
2017-10-02,37591.0,37591.0,32,-106.00000000000077,0.0,-1021.0052585601892
2017-10-03,38334.0,38334.0,32,743.0000000000005,0.0,-278.00525856018874
2017-10-04,38102.0,38102.0,32,-231.99999999999955,0.0,-510.0052585601883
2017-10-05,38092.0,38092.0,32,-10.000000000000377,0.0,-520.0052585601886
2017-10-06,37880.0,37880.0,32,-211.99999999999946,0.0,-732.005258560188
2017-10-09,39280.0,35940.0,34,-270.00000000000114,1670.0,-1002.0052585601892
2017-10-10,39970.0,36660.0,34,720.000000000001,0.0,-282.00525856018817
2017-10-11,42475.0,37725.0,38,-95.00000000000031,2600.0,-377.0052585601885
2017-10-12,41155.0,36345.0,38,-1379.9999999999995,0.0,-1757.005258560188
2017-10-13,41446.0,36676.0,38,331.0,4408.0,-1426.005258560188
2017-10-16,36892.0,31982.0,36,-286.0000000000002,0.0,-1712.0052585601882
2017-10-17,35210.0,32308.0,38,472.9999999999998,147.0,-1239.0052585601884
2017-10-18,37825.0,34741.0,42,1190.0000000000007,2537.0,-49.00525856018771
2017-10-19,48278.0,26860.0,54,457.00000000000057,10538.0,407.99474143981286
2017-10-20,47629.999755859375,26950.000244140625,54,90.00024414062398,105.999755859375,497.99498558043683
2017-10-23,48041.0,27051.0,52,-242.00000000000045,427.0,255.99498558043638
2017-10-24,57222.0,38020.0,52,-100.99999999999923,12232.0,154.99498558043715
2017-10-25,64264.0,39268.0,56,-1074.0000000000002,23949.0,-919.005014419563
2017-10-26,52139.0,23287.0,54,-623.0000000000009,3475.0,-1542.0050144195638
2017-10-27,68101.99800109863,22318.00199890137,54,-968.9980010986276,17970.998001098633,-2511.003015518191
2017-10-30,63699.0,52677.0,44,1547.9999999999975,10840.0,-963.0030155181937
2017-10-31,64101.0,52147.0,44,-529.9999999999981,3535.0,-1493.0030155181917
2017-11-01,60901.0,48619.0,40,6.9999999999990905,4872.0,-1486.0030155181926
2017-11-02,61707.0,45469.0,40,-403.00000000000045,5655.0,-1889.003015518193
2017-11-03,63777.00060272217,48110.99939727783,40,2641.999397277831,6143.000602722168,752.9963817596381
2017-11-06,58323.0,54743.0,34,694.0000000000006,205.0,1446.9963817596386
2017-11-07,58950.0,55250.0,34,506.9999999999989,0.0,1953.9963817596374
2017-11-08,63390.0,59392.0,40,1114.0000000000027,7779.0,3067.99638175964
2017-11-09,56796.0,52080.0,40,-2533.000000000002,336.0,534.9963817596381
2017-11-10,55767.00032043457,53008.99967956543,40,928.9996795654299,614.0003204345703,1463.996061325068
2017-11-13,54113.0,52811.0,38,-812.0000000000002,0.0,651.9960613250678
2017-11-14,54242.0,53060.0,38,248.99999999999926,178.0,900.9960613250671
2017-11-15,53021.0,51815.0,36,-1067.0,0.0,-166.0039386749329
2017-11-16,56994.0,55888.0,38,1387.9999999999998,2685.0,1221.9960613250669
2017-11-17,56228.00019836426,55693.99980163574,40,-1564.0001983642564,1637.0001983642578,-342.0041370391896
2017-11-20,55326.0,55326.0,34,-634.9999999999994,0.0,-977.004137039189
2017-11-21,57557.0,57557.0,34,2231.0000000000005,0.0,1253.9958629608113
2017-11-22,58542.0,58542.0,34,984.9999999999991,0.0,2238.9958629608104
2017-11-24,58542.0,58542.0,34,0.0,0.0,2238.9958629608104
2017-11-27,63389.0,63389.0,34,4847.0,0.0,7085.99586296081
2017-11-28,61483.0,61483.0,34,-1905.999999999998,0.0,5179.995862960812
2017-11-29,62018.0,58938.0,38,-5115.000000000003,5650.0,64.99586296080906
2017-11-30,62896.0,59196.0,38,258.0000000000023,0.0,322.99586296081134
2017-12-01,60540.0,57360.0,38,-1836.0000000000014,0.0,-1513.00413703919
2017-12-04,58396.0,54816.0,38,-2544.000000000001,0.0,-4057.004137039191
2017-12-05,57043.0,53983.0,38,-832.9999999999995,1750.0,-4890.00413703919
2017-12-06,56997.0,53797.0,38,809.000000000001,755.0,-4081.004137039189
2017-12-07,57653.0,54313.0,40,1441.0000000000016,925.0,-2640.0041370391873
2017-12-08,57578.00077819824,53619.99922180176,40,-693.000778198244,1009.0007781982422,-3333.0049152374313
2017-12-11,56839.0,55009.0,38,380.0000000000007,0.0,-2953.0049152374304
2017-12-12,56235.0,54485.0,38,-524.0000000000001,0.0,-3477.0049152374304
2017-12-13,56060.0,54482.0,38,-3.0000000000008242,2396.0,-3480.0049152374313
2017-12-14,54591.0,53121.0,34,1035.0000000000007,0.0,-2445.0049152374304
2017-12-15,54313.999450683594,53812.000549316406,34,691.0005493164065,250.9994506835937,-1754.004365921024
2017-12-18,57417.0,57417.0,36,2553.999999999999,1727.0,799.9956340789752
2017-12-19,54817.0,54817.0,34,-1672.9999999999982,0.0,-873.004365921023
2017-12-20,53270.0,53270.0,34,-1547.0000000000014,0.0,-2420.004365921024
2017-12-21,52345.0,52345.0,34,-924.9999999999993,0.0,-3345.0043659210232
2017-12-22,51304.0,51304.0,34,-1040.9999999999993,0.0,-4386.004365921022
2017-12-26,51057.0,51057.0,34,-247.0000000000012,0.0,-4633.004365921023
2017-12-27,50914.0,50914.0,34,-143.0000000000004,0.0,-4776.004365921023
2017-12-28,50604.0,50604.0,34,-309.99999999999994,0.0,-5086.004365921023
2017-12-29,48771.0,48771.0,34,-1832.9999999999995,0.0,-6919.004365921022
2018-01-02,51981.0,51981.0,34,3210.0,0.0,-3709.0043659210223
2018-01-03,54359.0,54359.0,34,2378.000000000001,0.0,-1331.0043659210214
2018-01-04,55439.0,55439.0,34,1080.000000000001,0.0,-251.0043659210205
2018-01-05,58941.0,58941.0,34,3501.999999999998,0.0,3250.9956340789777
2018-01-08,61184.0,61184.00000000001,34,2243.0000000000027,0.0,5493.99563407898
2018-01-09,60762.0,60762.0,34,-422.0000000000026,0.0,5071.995634078978
2018-01-10,63364.0,61804.0,38,-317.9999999999983,2920.0,4753.9956340789795
2018-01-11,65569.0,63809.0,38,2004.9999999999986,0.0,6758.995634078978
2018-01-12,70793.0,69053.0,38,5244.0,0.0,12002.995634078978
2018-01-16,76016.0,70476.0,42,-22.000000000001734,6275.0,11980.995634078976
2018-01-17,76929.0,69509.0,40,243.00000000000253,0.0,12223.995634078978
2018-01-18,77026.0,68356.0,42,-953.0000000000009,200.0,11270.995634078976
2018-01-19,78485.0004272461,69574.9995727539,42,1218.9995727539058,5526.000427246094,12489.995206832882
2018-01-22,81532.0,77638.0,40,5767.0,2718.0,18256.995206832882
2018-01-23,89682.0,82752.0,42,5249.999999999999,136.0,23506.995206832882
2018-01-24,90285.0,79707.0,46,-2255.9999999999964,1355.0,21250.995206832886
2018-01-25,126084.0,77026.0,56,3159.999999999997,71452.0,24410.995206832882
2018-01-26,90708.99926757812,38563.000732421875,54,1774.0007324218736,5967.999267578125,26184.995939254757
2018-01-29,89036.0,43972.0,50,-558.9999999999973,194.0,25625.99593925476
2018-01-30,85499.0,41719.0,48,-2059.000000000001,2370.0,23566.99593925476
2018-01-31,83997.0,36589.0,46,-104.99999999999957,26897.0,23461.99593925476
2018-02-01,57226.0,11068.0,40,816.0,2095.0,24277.99593925476
2018-02-02,53348.99766921997,15591.00233078003,40,4523.002330780028,14218.99766921997,28800.99827003479
2018-02-05,43315.0,31419.0,26,-865.9999999999986,2695.0,27934.99827003479
2018-02-06,41642.0,31882.0,24,682.9999999999993,2655.0,28617.99827003479
2018-02-07,40643.0,30495.0,28,1322.0000000000016,3714.0,29939.99827003479
2018-02-08,44369.0,30457.0,26,2551.9999999999986,0.0,32491.99827003479
2018-02-09,39219.99809265137,28410.001907348633,26,-2046.998092651367,4749.998092651367,30445.000177383423
2018-02-12,32074.0,30806.0,22,-2354.000000000001,0.0,28091.000177383423
2018-02-13,31947.0,30791.0,22,-14.999999999998309,1152.0,28076.000177383423
2018-02-14,30411.0,28819.0,20,-1089.0000000000014,269.0,26987.000177383423
2018-02-15,30995.0,28791.0,20,-27.9999999999998,0.0,26959.000177383423
2018-02-16,60578.000061035156,58205.999938964844,26,-280.00006103515557,30881.000061035156,26679.000116348267
2018-02-20,59395.0,59395.0,24,-1025.0000000000014,1028.0,25654.000116348267
2018-02-21,62029.0,62029.0,26,-80.99999999999827,2715.0,25573.000116348267
2018-02-22,61136.0,61136.0,26,-893.0000000000005,0.0,24680.000116348267
2018-02-23,60881.0,60881.0,26,-255.0000000000011,0.0,24425.000116348267
2018-02-26,62593.0,62593.0,26,1712.0000000000005,0.0,26137.000116348267
2018-02-27,63271.0,63271.0,26,677.9999999999993,0.0,26815.000116348267
2018-02-28,64272.0,64272.0,26,1001.0000000000014,0.0,27816.000116348267
2018-03-01,66386.0,66386.0,26,2114.0000000000005,0.0,29930.000116348267
2018-03-02,65614.0,65614.0,26,-772.0000000000035,0.0,29158.000116348263
2018-03-05,68577.0,68577.0,28,1078.0000000000023,1885.0,30236.000116348267
2018-03-06,71271.0,71271.0,30,1574.000000000001,1120.0,31810.000116348267
2018-03-07,71678.0,71678.0,32,-174.00000000000094,581.0,31636.000116348267
2018-03-08,75817.0,71147.0,38,-1615.9999999999998,5755.0,30020.000116348267
2018-03-09,75958.0,71238.0,38,90.99999999999986,0.0,30111.000116348267
2018-03-12,78145.0,72135.0,40,1182.0000000000023,285.0,31293.00011634827
2018-03-13,77688.0,71552.0,40,-583.0000000000014,0.0,30710.00011634827
2018-03-14,78055.0,72217.0,40,664.9999999999995,5612.0,31375.00011634827
2018-03-15,74439.0,66505.0,40,-967.000000000001,2023.0,30408.00011634827
2018-03-16,69404.99981689453,65479.00018310547,40,-1025.9998168945297,1041.9998168945312,29382.00029945374
2018-03-19,69534.0,67678.0,36,1156.9999999999995,0.0,30539.00029945374
2018-03-20,72970.0,70278.0,36,2600.000000000001,0.0,33139.00029945374
2018-03-21,71549.0,68991.0,36,-1286.999999999999,0.0,31852.000299453743
2018-03-22,73901.0,70727.0,36,1736.0000000000007,0.0,33588.00029945374
2018-03-23,75109.0,71909.0,36,1181.999999999999,1600.0,34770.00029945374
2018-03-26,73468.0,73468.0,32,-41.00000000000193,0.0,34729.00029945374
2018-03-27,75818.0,75818.0,32,2349.9999999999986,0.0,37079.00029945374
2018-03-28,75919.0,75919.0,32,101.0,0.0,37180.00029945374
2018-03-29,69644.0,69644.0,32,-6275.0,0.0,30905.000299453743
2018-04-02,72894.0,72894.0,32,3250.0,0.0,34155.00029945374
2018-04-03,69496.0,69496.0,32,-3397.999999999999,0.0,30757.000299453743
2018-04-04,65653.0,65653.0,32,-3843.000000000001,0.0,26914.000299453743
2018-04-05,66708.0,66708.0,34,-22.999999999998863,1078.0,26891.000299453743
2018-04-06,68501.0,68501.0,34,1793.000000000001,0.0,28684.000299453743
2018-04-09,71426.0,64986.0,36,-295.000000000001,3220.0,28389.000299453743
2018-04-10,68052.0,61762.0,36,-3223.999999999999,0.0,25165.000299453743
2018-04-11,73603.0,64433.0,40,771.0000000000005,4200.0,25936.000299453743
2018-04-12,71806.0,62426.0,40,-2007.0000000000014,0.0,23929.000299453743
2018-04-13,70980.0,61670.0,40,-755.9999999999999,11619.0,23173.000299453743
2018-04-16,74768.0,56188.0,40,-922.9999999999997,17620.0,22250.000299453743
2018-04-17,76915.0,51965.0,42,-3523.0000000000005,700.0,18727.000299453743
2018-04-18,77054.0,52954.0,46,1303.0,314.0,20030.000299453743
2018-04-19,94375.0,43183.0,54,568.0000000000007,12289.0,20598.000299453743
2018-04-20,93232.0,44838.0,54,1654.9999999999986,18515.0,22253.000299453743
2018-04-23,81783.0,45831.0,54,194.00000000000142,9979.0,22447.000299453743
2018-04-24,103212.0,66612.0,58,-2949.0000000000027,29229.999999999996,19498.00029945374
2018-04-25,101628.0,62636.0,56,629.0000000000001,17220.0,20127.00029945374
2018-04-26,79579.0,49327.0,50,1401.000000000001,0.0,21528.00029945374
2018-04-27,70725.99726486206,50722.00273513794,52,2605.0027351379413,6427.997264862061,24133.003034591682
2018-04-30,64567.0,55357.0,38,-582.9999999999995,1038.0,23550.003034591682
2018-05-01,62137.0,52363.0,36,-1955.9999999999998,5186.0,21594.003034591682
2018-05-02,57362.0,46462.0,34,-715.0,0.0,20879.003034591682
2018-05-03,56862.0,46854.0,36,2171.999999999999,3583.0,23051.003034591682
2018-05-04,56874.0015335083,43607.9984664917,36,-1681.0015335083006,3530.001533508301,21370.00150108338
2018-05-07,61130.0,52450.0,34,-944.9999999999998,6495.0,20425.00150108338
2018-05-08,61285.0,52243.0,34,-207.00000000000102,0.0,20218.00150108338
2018-05-09,63580.0,53456.0,36,1463.0000000000018,2540.0,21681.00150108338
2018-05-10,62011.0,50301.0,36,-507.00000000000284,358.0,21174.001501083378
2018-05-11,59555.99917602539,49638.00082397461,36,-662.999176025389,4388.999176025391,20511.002325057987
2018-05-14,54022.0,53016.0,32,-1010.9999999999999,0.0,19500.002325057987
2018-05-15,52340.0,51324.0,32,-1692.000000000001,1041.0,17808.002325057987
2018-05-16,50525.0,49579.0,28,-703.999999999999,0.0,17104.002325057987
2018-05-17,52918.0,52100.0,30,-824.0000000000005,3345.0,16280.002325057987
2018-05-18,52816.000259399414,51359.999740600586,30,-740.0002593994137,728.0002593994141,15540.002065658573
2018-05-21,60005.0,60005.0,38,81.9999999999988,7835.0,15622.002065658571
2018-05-22,58503.0,58503.0,38,-1501.9999999999995,0.0,14120.002065658571
2018-05-23,60352.0,60352.0,38,1849.0000000000005,0.0,15969.002065658571
2018-05-24,60765.0,60765.0,38,413.00000000000045,0.0,16382.002065658571
2018-05-25,60175.0,60175.0,38,-590.0000000000009,0.0,15792.00206565857
2018-05-29,60539.0,60539.0,38,364.0000000000009,0.0,16156.00206565857
2018-05-30,60618.0,60618.0,38,79.00000000000136,0.0,16235.002065658571
2018-05-31,65284.0,63184.0,42,535.9999999999998,4130.0,16771.00206565857
2018-06-01,68350.0,65860.0,42,2675.9999999999986,0.0,19447.00206565857
2018-06-04,72963.0,70423.0,42,4562.999999999999,0.0,24010.00206565857
2018-06-05,74905.0,72315.0,42,1892.0000000000002,0.0,25902.00206565857
2018-06-06,77115.0,74005.0,42,1690.000000000001,1570.0,27592.00206565857
2018-06-07,76884.0,71054.0,44,-3180.999999999999,4310.0,24411.00206565857
2018-06-08,74300.00088500977,70345.99911499023,44,-708.0008850097681,797.0008850097656,23703.0011806488
2018-06-11,75259.0,72979.0,42,1836.0000000000032,0.0,25539.001180648804
2018-06-12,77526.0,74838.0,44,2123.0000000000005,264.0,27662.001180648804
2018-06-13,79868.0,76002.0,46,1674.9999999999995,4077.0,29337.001180648804
2018-06-14,82401.0,78277.0,44,5840.999999999999,0.0,35178.001180648804
2018-06-15,79253.00073242188,77322.99926757812,44,-954.0007324218757,182.000732421875,34224.00044822693
2018-06-18,82503.0,80947.0,42,3441.999999999999,806.0000000000001,37666.00044822693
2018-06-19,81461.0,79899.0,40,-241.9999999999996,720.0,37424.00044822693
2018-06-20,85998.0,84210.0,40,3971.000000000002,1060.0,41395.00044822693
2018-06-21,81796.0,80646.0,40,-3564.0000000000005,0.0,37831.00044822693
2018-06-22,77722.00030517578,76461.99969482422,40,-4184.000305175781,630.0003051757812,33647.00014305115
2018-06-25,70459.0,70459.0,36,-6633.000000000001,0.0,27014.000143051147
2018-06-26,72708.0,72708.0,36,2249.000000000001,0.0,29263.000143051147
2018-06-27,70362.0,70362.0,36,-2345.9999999999986,0.0,26917.000143051147
2018-06-28,73123.0,73123.0,36,2760.999999999998,0.0,29678.000143051147
2018-06-29,70046.0,70046.0,36,-3076.999999999999,0.0,26601.000143051147
2018-07-02,72120.0,72120.0,36,2073.9999999999973,0.0,28675.000143051144
2018-07-03,72120.0,72120.0,36,0.0,0.0,28675.000143051144
2018-07-05,68873.0,68873.0,36,-3246.9999999999977,0.0,25428.000143051147
2018-07-06,70882.0,70882.0,36,2008.9999999999993,0.0,27437.000143051147
2018-07-09,78564.0,70584.0,38,3692.0000000000027,3990.0,31129.00014305115
2018-07-10,78788.0,70568.0,38,-16.000000000002217,0.0,31113.000143051147
2018-07-11,82758.0,72738.0,42,739.9999999999985,3370.0,31853.000143051147
2018-07-12,90441.0,79619.0,44,7262.000000000002,381.0,39115.00014305115
2018-07-13,90716.0,79664.0,44,44.99999999999774,10369.0,39160.00014305115
2018-07-16,84807.0,62629.0,44,-646.0000000000002,6020.0,38514.00014305115
2018-07-17,96579.0,72771.0,46,3027.0000000000036,7935.0,41541.00014305115
2018-07-18,97604.0,69612.0,48,-1833.0000000000036,1520.0,39708.00014305115
2018-07-19,129263.0,77647.0,54,-5141.999999999999,36309.0,34566.00014305115
2018-07-20,127764.99987792969,77293.00012207031,54,-353.99987792968784,24002.999877929688,34212.00026512146
2018-07-23,100348.0,67340.0,46,-2956.000000000002,0.0,31256.00026512146
2018-07-24,105549.0,70287.0,50,1894.0000000000025,3748.0,33150.00026512146
2018-07-25,112982.0,67974.0,48,1472.999999999999,36588.0,34623.00026512146
2018-07-26,80805.0,32497.0,42,-1514.0000000000014,0.0,33109.00026512146
2018-07-27,67114.00659942627,43833.99340057373,44,10231.99340057373,9060.00659942627,43340.99366569519
2018-07-30,59430.0,51634.0,32,-154.99999999999955,2573.0,43185.99366569519
2018-07-31,56283.0,49007.0,30,-53.999999999999886,3900.0,43131.99366569519
2018-08-01,52319.0,45211.0,28,103.99999999999976,0.0,43235.99366569519
2018-08-02,53695.0,43143.0,28,-2068.0,0.0,41167.99366569519
2018-08-03,52513.999031066895,42282.000968933105,28,-860.9990310668943,5115.9990310668945,40306.994634628296
2018-08-06,53848.0,53848.0,26,-1394.9999999999995,7845.0,38911.994634628296
2018-08-07,54781.0,54781.0,26,933.0,0.0,39844.994634628296
2018-08-08,55919.0,55515.0,28,936.0000000000003,202.0,40780.994634628296
2018-08-09,61098.0,57362.0,32,-172.9999999999992,5330.0,40607.994634628296
2018-08-10,61808.0,58030.0,34,154.99999999999824,513.0,40762.994634628296
2018-08-13,62540.0,58784.0,34,754.0000000000002,0.0,41516.994634628296
2018-08-14,63644.0,60058.0,34,1274.0000000000007,197.0,42790.994634628296
2018-08-15,64252.0,60502.0,32,640.9999999999993,3765.0,43431.994634628296
2018-08-16,63560.0,57806.0,32,-210.99999999999875,3700.0,43220.994634628296
2018-08-17,63267.99954223633,57708.00045776367,32,-97.99954223632903,1604.9995422363281,43122.99509239197
2018-08-20,61043.0,58739.0,30,-1476.0000000000025,902.0,41646.99509239197
2018-08-21,70511.0,68237.0,34,-1971.9999999999993,11470.0,39674.99509239197
2018-08-22,70951.0,68585.0,34,348.0000000000015,1475.0,40022.99509239197
2018-08-23,69264.0,68262.0,34,540.000000000002,612.0,40562.99509239197
2018-08-24,67880.9995727539,67035.0004272461,34,-1226.999572753907,422.99957275390636,39335.99551963806
2018-08-27,68179.0,68179.0,32,720.9999999999974,0.0,40056.99551963806
2018-08-28,67124.0,67124.0,32,-1054.9999999999986,0.0,39001.99551963806
2018-08-29,72515.0,72515.0,32,5391.000000000001,0.0,44392.99551963806
2018-08-30,73155.0,70715.0,34,-580.0000000000015,1220.0,43812.99551963806
2018-08-31,73059.0,70679.0,34,-35.999999999999915,0.0,43776.99551963806
2018-09-04,76315.0,73775.0,34,3095.999999999998,0.0,46872.99551963806
2018-09-05,75582.0,73142.0,34,-632.9999999999992,2975.0,46239.99551963806
2018-09-06,75596.0,70666.0,36,-1495.999999999998,4525.0,44743.99551963806
2018-09-07,74985.99942016602,69850.00057983398,38,-1094.999420166017,1536.9994201660156,43648.996099472046
2018-09-10,74203.0,70977.0,40,-390.9999999999983,826.0,43257.996099472046
2018-09-11,75934.0,72714.0,40,1736.9999999999984,0.0,44994.996099472046
2018-09-12,75303.0,72155.0,40,-558.9999999999978,2037.0000000000002,44435.996099472046
2018-09-13,72679.0,68723.0,40,-987.0000000000014,408.0,43448.996099472046
2018-09-14,71548.00024414062,67245.99975585938,40,-1477.0002441406239,1787.000244140625,41971.99585533142
2018-09-17,69760.0,68404.0,36,6.999999999999446,0.0,41978.99585533142
2018-09-18,66899.0,65823.0,36,-2581.0000000000023,0.0,39397.99585533142
2018-09-19,65398.0,64438.0,36,-1384.9999999999993,1486.0,38012.99585533142
2018-09-20,62928.0,61866.0,34,-1085.9999999999986,0.0,36926.99585533142
2018-09-21,61039.00001525879,60370.99998474121,34,-1495.0000152587893,334.00001525878906,35431.99584007263
2018-09-24,62861.0,62861.0,32,-105.99999999999973,2262.0,35325.99584007263
2018-09-25,64023.0,64023.0,32,1162.0000000000014,0.0,36487.99584007263
2018-09-26,63066.0,63066.0,32,-957.0000000000023,0.0,35530.99584007263
2018-09-27,65816.0,65816.0,32,2750.0,0.0,38280.99584007263
2018-09-28,66183.0,66183.0,32,367.0,0.0,38647.99584007263
2018-10-01,65592.0,65592.0,32,-591.0000000000009,0.0,38056.99584007263
2018-10-02,63486.0,63486.0,32,-2105.9999999999973,0.0,35950.99584007263
2018-10-03,62417.0,62417.0,32,-1069.000000000001,0.0,34881.99584007263
2018-10-04,62450.0,62450.0,32,33.00000000000034,0.0,34914.99584007263
2018-10-05,62786.0,62786.0,32,335.9999999999991,0.0,35250.99584007263
2018-10-08,63266.0,63266.0,32,480.00000000000045,0.0,35730.99584007263
2018-10-09,71844.0,64814.0,36,-1432.0000000000005,10010.0,34298.99584007263
2018-10-10,82278.0,70208.0,38,6574.0,1180.0,40872.99584007263
2018-10-11,83661.0,71341.0,38,1132.9999999999995,0.0,42005.99584007263
2018-10-12,72942.0,63342.0,38,-7998.999999999998,0.0,34006.99584007263
2018-10-15,74717.0,65017.0,38,1674.999999999998,8623.0,35681.99584007263
2018-10-16,59914.0,49714.0,36,-6680.0,1375.0,29001.995840072632
2018-10-17,68015.0,56037.0,42,2586.999999999999,10849.0,31588.995840072632
2018-10-18,121825.0,71311.0,50,4347.000000000001,50973.0,35935.99584007263
2018-10-19,120117.00115966797,67830.99884033203,50,-3480.001159667966,3309.0011596679688,32455.994680404667
2018-10-22,115795.0,72599.0,48,-1191.0000000000043,2650.0,31264.994680404663
2018-10-23,119470.0,70392.0,50,-1302.0000000000016,7357.0,29962.994680404663
2018-10-24,130714.0,71362.0,44,7422.000000000005,36010.0,37384.99468040467
2018-10-25,88725.0,36923.0,38,1571.0,0.0,38955.99468040467
2018-10-26,89698.99337768555,44231.00662231445,42,5993.006622314452,23718.993377685547,44949.00130271912
2018-10-29,77910.0,71728.0,30,7703.0,1320.0,52652.00130271912
2018-10-30,72942.0,67530.0,28,-2878.0000000000023,0.0,49774.00130271912
2018-10-31,67738.0,62950.0,32,-5597.999999999998,4535.0,44176.00130271912
2018-11-01,61679.0,56809.0,30,-3488.000000000001,2005.0,40688.00130271912
2018-11-02,61010.000244140625,55695.999755859375,28,891.9997558593756,1294.000244140625,41580.0010585785
2018-11-05,58799.0,56405.0,28,-425.0000000000007,160.0,41155.0010585785
2018-11-06,58647.0,56363.0,28,-41.99999999999899,534.0,41113.0010585785
2018-11-07,55931.0,52583.0,28,-2995.0,251.0,38118.0010585785
2018-11-08,59060.0,54716.0,30,2362.999999999998,230.0,40481.0010585785
2018-11-09,59596.999267578125,56517.000732421875,30,1801.0007324218777,842.999267578125,42282.00179100037
2018-11-12,61317.0,59551.0,26,2190.999999999998,0.0,44473.00179100037
2018-11-13,60911.0,59493.0,26,-57.99999999999943,257.0,44415.00179100037
2018-11-14,63791.0,62333.0,24,3096.9999999999977,6123.0,47512.00179100037
2018-11-15,56109.0,54979.0,22,-1231.0000000000005,0.0,46281.00179100037
2018-11-16,55883.00016784668,55484.99983215332,22,505.99983215332213,199.0001678466797,46787.001623153694
2018-11-19,64428.0,64428.0,20,6734.999999999999,2009.0,53522.001623153694
2018-11-20,79223.0,79223.0,22,534.9999999999998,14260.0,54057.001623153694
2018-11-21,77108.0,77108.0,24,-4189.999999999998,2075.0,49867.001623153694
2018-11-23,77033.0,77033.0,24,-75.0,0.0,49792.001623153694
2018-11-26,71833.0,71833.0,24,-5199.999999999998,0.0,44592.001623153694
2018-11-27,71111.0,71111.0,26,-1348.9999999999993,627.0,43243.001623153694
2018-11-28,65408.0,65408.0,26,-5703.000000000003,0.0,37540.001623153694
2018-11-29,65965.0,63045.0,28,-902.9999999999977,1460.0,36637.001623153694
2018-11-30,66905.0,64025.0,28,979.9999999999977,0.0,37617.001623153694
2018-12-03,64728.0,62248.0,28,-1777.0,0.0,35840.001623153694
2018-12-04,67084.0,64354.0,28,2106.0,1960.0,37946.001623153694
2018-12-06,67584.0,60464.0,28,-489.99999999999744,1440.0,37456.001623153694
2018-12-07,72091.99909973145,66054.00090026855,28,5590.000900268554,1143.999099731445,43046.00252342225
2018-12-10,69325.0,66275.0,26,-923.000000000001,0.0,42123.00252342225
2018-12-11,68776.0,65946.0,26,-328.99999999999795,0.0,41794.00252342225
2018-12-12,65693.0,63113.0,26,-2833.000000000001,1662.0,38961.00252342225
2018-12-13,64314.0,61964.0,24,513.0000000000014,0.0,39474.00252342225
2018-12-14,68048.0,64048.0,24,2084.0,2391.0,41558.00252342225
2018-12-17,69190.0,69190.0,20,3532.9999999999986,851.0,45091.00252342225
2018-12-18,65003.0,65003.0,18,-3335.9999999999986,0.0,41755.00252342225
2018-12-19,67997.0,67997.0,20,2374.999999999998,619.0,44130.00252342225
2018-12-20,70717.0,70717.0,20,2720.0000000000045,0.0,46850.002523422256
2018-12-21,80971.0,80971.0,20,10253.999999999996,0.0,57104.002523422256
2018-12-24,80971.0,80971.0,20,0.0,0.0,57104.002523422256
2018-12-26,76783.0,76783.0,24,-11198.0,7010.0,45906.002523422256
2018-12-27,75348.0,75348.0,24,-1435.0000000000027,0.0,44471.002523422256
2018-12-28,73746.0,73746.0,24,-1602.0,0.0,42869.002523422256
2018-12-31,68082.0,68082.0,24,-5663.999999999995,0.0,37205.00252342226
2019-01-02,63809.0,63809.0,26,-4888.000000000003,615.0,32317.00252342226
2019-01-03,68999.0,68999.0,26,5190.000000000001,0.0,37507.00252342226
2019-01-04,56858.0,56858.0,26,-12140.999999999998,0.0,25366.002523422263
2019-01-07,53964.0,53964.0,26,-2894.000000000001,0.0,22472.002523422263
2019-01-08,50769.0,50769.0,26,-3194.999999999999,0.0,19277.002523422263
2019-01-09,50256.0,50256.0,26,-512.9999999999994,0.0,18764.002523422263
2019-01-10,49306.0,49306.0,26,-949.9999999999993,0.0,17814.002523422263
2019-01-11,48479.0,48479.0,26,-827.0000000000006,0.0,16987.002523422263
2019-01-14,47655.0,47655.0,26,-824.000000000002,0.0,16163.002523422261
2019-01-15,44430.0,44430.0,26,-3224.9999999999977,0.0,12938.002523422263
2019-01-16,43656.0,43656.0,26,-774.0000000000006,2920.0,12164.002523422263
2019-01-17,39924.0,39924.0,24,-812.0000000000013,0.0,11352.002523422261
2019-01-18,35750.0,35750.0,24,-4173.999999999999,0.0,7178.002523422262
2019-01-22,45296.0,41368.0,36,3099.0000000000014,7837.0,10277.002523422263
2019-01-23,55218.0,40548.0,44,-2250.9999999999995,13829.0,8026.002523422263
2019-01-24,64844.0,28526.0,44,-737.0000000000028,10845.0,7289.00252342226
2019-01-25,62926.0,27190.0,44,-1335.9999999999986,0.0,5953.002523422261
2019-01-28,70622.0,23670.0,46,2339.999999999999,7745.0,8293.00252342226
2019-01-29,72884.0,23788.0,42,2002.999999999999,8580.0,10296.00252342226
2019-01-30,59624.0,10190.0,34,-5018.0,13300.0,5278.002523422259
2019-01-31,45339.0,-3451.0,32,-341.00000000000097,0.0,4937.0025234222585
2019-02-01,35890.997566223145,4887.0024337768555,32,8338.002433776855,16011.997566223145,13275.004957199115
2019-02-04,20244.0,7704.0,14,-275.00000000000017,180.0,13000.004957199115
2019-02-05,19328.0,7968.0,12,444.0,0.0,13444.004957199115
2019-02-06,17050.0,10708.0,14,2971.0,230.99999999999997,16415.004957199115
2019-02-07,16420.0,9884.0,18,646.9999999999998,1471.0,17062.004957199115
2019-02-08,15476.998962402344,11463.001037597656,18,1579.0010375976562,237.9989624023437,18641.00599479677
2019-02-11,15445.0,12077.0,16,376.00000000000057,0.0,19017.00599479677
2019-02-12,36122.0,32632.0,18,-119.99999999999966,20791.0,18897.00599479677
2019-02-13,34213.0,30773.0,16,-1743.0000000000007,588.0,17154.00599479677
2019-02-14,35569.0,32171.0,18,156.0000000000009,1830.0,17310.00599479677
2019-02-15,34499.00038909912,31464.99961090088,18,-706.000389099122,1517.000389099121,16604.00560569765
2019-02-19,53699.0,53699.0,26,-1144.0000000000007,21861.0,15460.00560569765
2019-02-20,52411.0,52411.0,26,-1287.9999999999998,0.0,14172.00560569765
2019-02-21,51759.0,51759.0,26,-651.9999999999993,0.0,13520.00560569765
2019-02-22,51123.0,51123.0,26,-635.9999999999989,0.0,12884.005605697652
2019-02-25,51528.0,51528.0,26,404.99999999999864,0.0,13289.00560569765
2019-02-26,50950.0,50950.0,26,-577.9999999999998,0.0,12711.00560569765
2019-02-27,51266.0,51266.0,26,316.0000000000002,0.0,13027.00560569765
2019-02-28,51085.0,51085.0,26,-180.99999999999787,0.0,12846.005605697652
2019-03-01,51307.0,51307.0,26,221.99999999999875,0.0,13068.00560569765
2019-03-04,52760.0,52760.0,26,1452.9999999999995,0.0,14521.00560569765
2019-03-05,52730.0,52730.0,26,-30.000000000000966,0.0,14491.005605697648
2019-03-06,52229.0,51559.0,28,-835.9999999999974,335.0,13655.00560569765
2019-03-07,61770.0,54622.0,40,-1410.0000000000016,10921.0,12245.005605697648
2019-03-08,61277.0,54043.0,40,-578.9999999999995,0.0,11666.005605697648
2019-03-11,62324.0,55758.0,40,1715.0,0.0,13381.005605697648
2019-03-12,62634.0,56212.0,40,453.99999999999983,0.0,13835.005605697648
2019-03-13,64473.0,56605.0,44,-111.99999999999932,5835.0,13723.005605697648
2019-03-14,59251.0,50509.0,40,-1426.0,0.0,12297.005605697648
2019-03-15,58671.99978637695,51890.00021362305,40,1381.000213623046,3073.9997863769527,13678.005819320693
2019-03-18,57486.0,56878.0,32,1914.0000000000016,0.0,15592.005819320695
2019-03-19,60352.0,59742.0,32,2864.0,0.0,18456.005819320693
2019-03-20,63871.0,63271.0,32,3529.0,0.0,21985.005819320693
2019-03-21,68620.0,67796.0,32,4525.0,0.0,26510.005819320693
2019-03-22,62237.99989318848,61914.00010681152,32,-5881.999893188477,161.99989318847656,20628.005926132217
2019-03-25,61280.0,61280.0,30,-796.0000000000009,0.0,19832.005926132217
2019-03-26,60605.0,60605.0,30,-675.0000000000003,0.0,19157.005926132217
2019-03-27,58814.0,58814.0,30,-1791.0,0.0,17366.005926132217
2019-03-28,58372.0,58372.0,30,-442.0,0.0,16924.005926132217
2019-03-29,58578.0,58578.0,30,205.99999999999866,0.0,17130.005926132217
2019-04-01,62416.0,62416.0,30,3838.0000000000005,0.0,20968.005926132217
2019-04-02,63043.0,63043.0,30,627.0000000000023,0.0,21595.00592613222
2019-04-03,64401.0,64401.0,30,1357.999999999999,0.0,22953.00592613222
2019-04-04,64510.0,64510.0,30,108.99999999999955,0.0,23062.00592613222
2019-04-05,65234.0,65234.0,30,724.0000000000005,0.0,23786.00592613222
2019-04-08,65939.0,65939.0,30,704.9999999999995,0.0,24491.00592613222
2019-04-09,63934.0,63934.0,30,-2004.9999999999984,0.0,22486.00592613222
2019-04-10,65142.0,65142.0,30,1207.9999999999964,0.0,23694.005926132217
2019-04-11,64739.0,64739.0,30,-402.99999999999744,0.0,23291.00592613222
2019-04-12,66100.0,66100.0,30,1360.999999999999,0.0,24652.00592613222
2019-04-15,65091.0,65091.0,30,-1008.9999999999986,0.0,23643.00592613222
2019-04-16,68348.0,68348.0,30,3256.999999999998,0.0,26900.005926132217
2019-04-17,81732.0,75746.0,38,2796.0000000000014,10588.0,29696.005926132217
2019-04-18,89295.0,66601.0,42,-861.0000000000013,8284.0,28835.005926132217
2019-04-22,99990.0,65512.0,46,3571.000000000001,6080.0,32406.005926132217
2019-04-23,114132.0,72256.0,56,4615.0,12267.0,37021.00592613222
2019-04-24,103235.0,63331.0,54,-2433.0000000000014,26371.0,34588.00592613222
2019-04-25,77982.0,36452.0,52,-1044.0000000000014,0.0,33544.00592613222
2019-04-26,81390.00398635864,34523.99601364136,52,-1928.0039863586408,36986.00398635864,31616.001939773574
2019-04-29,45178.0,27540.0,40,-588.0000000000018,7561.0,31028.001939773574
2019-04-30,37461.0,21585.0,34,1606.000000000001,0.0,32634.001939773574
2019-05-01,73101.0,54345.0,38,-2159.999999999999,34920.0,30474.001939773574
2019-05-02,71175.0,52033.0,38,-2311.9999999999995,0.0,28162.001939773574
2019-05-03,70711.99843597412,56732.00156402588,38,4699.001564025881,6989.998435974121,32861.00350379945
2019-05-06,62356.0,62356.0,28,-1366.0000000000005,0.0,31495.003503799453
2019-05-07,63109.0,63109.0,28,752.9999999999982,0.0,32248.003503799453
2019-05-08,66451.0,63409.0,36,-1381.9999999999986,4724.0,30866.003503799453
2019-05-09,68315.0,61127.0,42,-903.9999999999986,2538.0,29962.003503799453
2019-05-10,65388.0,59098.0,42,-2029.0000000000011,0.0,27933.003503799453
2019-05-13,66784.0,59436.0,42,337.9999999999992,0.0,28271.003503799453
2019-05-14,64799.0,58767.0,42,-668.9999999999997,2943.0,27602.003503799453
2019-05-15,58023.0,53037.0,38,-2787.0,1883.0,24815.003503799453
2019-05-16,56012.0,51344.0,34,189.99999999999915,0.0,25005.003503799453
2019-05-17,57337.99931335449,51748.00068664551,34,404.0006866455085,3514.999313354492,25409.00419044496
2019-05-20,60334.0,60334.0,28,2252.0,4259.0,27661.00419044496
2019-05-21,57507.0,57507.0,28,-2827.0000000000005,0.0,24834.00419044496
2019-05-22,59938.0,59938.0,28,2431.000000000001,0.0,27265.00419044496
2019-05-23,63444.0,63444.0,30,1880.999999999999,1625.0,29146.00419044496
2019-05-24,63630.0,63630.0,30,185.99999999999937,0.0,29332.00419044496
2019-05-28,63695.0,63695.0,30,65.00000000000057,0.0,29397.00419044496
2019-05-29,65099.0,65099.0,30,1404.0000000000007,0.0,30801.00419044496
2019-05-30,64420.0,64420.0,30,-679.0000000000023,0.0,30122.004190444957
2019-05-31,67069.0,67069.0,30,2649.0000000000014,0.0,32771.00419044496
2019-06-03,75230.0,75230.0,30,8161.000000000001,0.0,40932.00419044496
2019-06-04,67788.0,67788.0,30,-7442.000000000001,0.0,33490.00419044496
2019-06-05,68116.0,68116.0,30,327.99999999999886,0.0,33818.00419044496
2019-06-06,71918.0,68678.0,34,-1967.999999999999,5770.0,31850.00419044496
2019-06-07,69079.0,65259.0,34,-3418.999999999999,0.0,28431.00419044496
2019-06-10,67298.0,63278.0,34,-1980.9999999999986,0.0,26450.00419044496
2019-06-11,71985.0,64595.0,38,-713.0000000000023,5040.0,25737.004190444957
2019-06-12,72963.0,65499.0,42,632.9999999999991,2895.0,26370.004190444957
2019-06-13,68876.0,61606.0,40,-1822.999999999998,0.0,24547.00419044496
2019-06-14,67136.9995880127,63021.000411987305,40,1415.0004119873042,406.9995880126953,25962.004602432266
2019-06-17,64404.0,61286.0,38,-2141.9999999999995,1878.0,23820.004602432266
2019-06-18,61159.0,57565.0,40,-2304.0000000000023,1367.0,21516.004602432262
2019-06-19,61056.0,57290.0,38,13.000000000003268,0.0,21529.004602432266
2019-06-20,62096.0,55844.0,38,-1446.0000000000014,0.0,20083.004602432266
2019-06-21,59860.99855041504,55095.00144958496,38,-748.9985504150395,2044.998550415039,19334.006052017226
2019-06-24,58856.0,58254.0,36,603.9999999999998,1220.0,19938.006052017226
2019-06-25,59367.0,58707.0,34,1163.0,0.0,21101.006052017226
2019-06-26,59919.0,59463.0,34,756.0000000000008,0.0,21857.006052017226
2019-06-27,60222.0,59576.0,34,113.00000000000017,0.0,21970.006052017226
2019-06-28,58744.00001525879,58025.99998474121,34,-1550.0000152587888,359.000015258789,20420.006036758437
2019-07-01,56177.0,56177.0,32,-2208.0000000000005,0.0,18212.006036758437
2019-07-02,54721.0,54721.0,32,-1455.999999999999,0.0,16756.006036758437
2019-07-03,54721.0,54721.0,32,0.0,0.0,16756.006036758437
2019-07-05,51676.0,51676.0,32,-3045.000000000002,0.0,13711.006036758436
2019-07-08,53250.0,53250.0,32,1574.0000000000005,0.0,15285.006036758436
2019-07-09,54556.0,54556.0,32,1305.9999999999989,0.0,16591.006036758434
2019-07-10,66668.0,59348.0,40,-17.999999999997726,12130.0,16573.006036758437
2019-07-11,64748.0,56702.0,42,-2178.000000000001,468.0,14395.006036758437
2019-07-12,64893.0,56439.0,42,-262.9999999999983,0.0,14132.00603675844
2019-07-15,64262.0,55522.0,42,-917.000000000001,0.0,13215.006036758437
2019-07-16,62600.0,53834.0,42,-1688.0000000000023,0.0,11527.006036758436
2019-07-17,70390.0,56832.0,46,-897.0,9881.0,10630.006036758436
2019-07-18,124015.0,75005.0,54,-2926.999999999999,51334.0,7703.0060367584365
2019-07-19,122805.99977111816,73038.00022888184,54,-1966.9997711181607,8189.999771118164,5736.006265640276
2019-07-22,115659.0,83963.0,50,2128.9999999999986,606.0,7865.006265640275
2019-07-23,118333.0,82515.0,56,616.9999999999994,4975.0,8482.006265640275
2019-07-24,116121.0,79407.0,58,-801.9999999999998,30718.0,7680.006265640275
2019-07-25,83352.0,47422.0,52,-2823.0,0.0,4857.006265640275
2019-07-26,75135.00965881348,35094.99034118652,52,-12327.009658813475,17572.009658813477,-7470.0033931732
2019-07-29,69441.0,64881.0,44,12214.0,2652.0,4743.9966068268
2019-07-30,66782.0,62126.0,38,-102.99999999999994,1036.0,4640.9966068268
2019-07-31,64533.0,59663.0,36,-1426.9999999999995,0.0,3213.996606826801
2019-08-01,68621.0,64291.0,38,2273.0000000000014,2355.0,5486.996606826802
2019-08-02,70302.99948883057,65281.00051116943,38,990.0005111694325,2510.9994888305664,6476.997117996235
2019-08-05,73755.0,73755.0,30,5962.999999999999,0.0,12439.997117996234
2019-08-06,69007.0,69007.0,30,-4747.999999999996,0.0,7691.997117996238
2019-08-07,70663.0,69931.0,32,1289.9999999999989,366.0,8981.997117996236
2019-08-08,70776.0,65564.0,38,-4622.000000000003,4655.0,4359.997117996233
2019-08-09,72569.0,67311.0,38,1747.0,0.0,6106.997117996233
2019-08-12,74361.0,69209.0,38,1898.0000000000016,0.0,8004.997117996235
2019-08-13,69603.0,64735.0,38,-4474.0,299.0,3530.997117996235
2019-08-14,76896.0,71712.0,38,6591.999999999999,5202.0,10122.997117996234
2019-08-15,72063.0,66965.0,32,-229.00000000000017,0.0,9893.997117996234
2019-08-16,67252.00037384033,63635.99962615967,32,-3329.000373840331,1808.0003738403318,6564.996744155903
2019-08-19,67511.0,67511.0,30,-2278.0,4345.0,4286.996744155903
2019-08-20,67923.0,67923.0,30,411.9999999999998,0.0,4698.996744155903
2019-08-21,66974.0,66974.0,30,-949.0000000000014,0.0,3749.9967441559015
2019-08-22,68337.0,68337.0,30,1363.0000000000007,0.0,5112.996744155902
2019-08-23,72006.0,72006.0,30,3668.9999999999995,0.0,8781.996744155902
2019-08-26,70038.0,70038.0,30,-1968.0000000000005,0.0,6813.996744155902
2019-08-27,70440.0,70440.0,30,401.9999999999999,0.0,7215.996744155902
2019-08-28,70563.0,70563.0,30,123.00000000000074,0.0,7338.996744155903
2019-08-29,66656.0,66656.0,30,-3907.000000000001,0.0,3431.996744155902
2019-08-30,67362.0,67362.0,30,706.0000000000002,0.0,4137.996744155902
2019-09-03,67269.0,67269.0,30,-92.99999999999936,0.0,4044.9967441559024
2019-09-04,66502.0,66084.0,34,-1594.9999999999995,828.0,2449.996744155903
2019-09-05,68048.0,64256.0,36,-97.99999999999994,1730.0,2351.996744155903
2019-09-06,67616.0,63622.0,36,-633.9999999999992,0.0,1717.9967441559038
2019-09-09,66466.0,62534.0,36,-1088.0000000000027,0.0,629.9967441559011
2019-09-10,69226.0,62166.0,38,1192.0000000000005,1914.0,1821.9967441559015
2019-09-11,69286.0,62464.0,36,652.000000000002,2875.0,2473.996744155904
2019-09-12,65556.0,58810.0,34,-779.0000000000009,0.0,1694.996744155903
2019-09-13,62690.999588012695,59717.000411987305,34,907.000411987304,156.9995880126953,2601.9971561432067
2019-09-16,64387.0,61527.0,30,1653.0000000000005,1395.0,4254.997156143207
2019-09-17,61629.0,58669.0,28,-1462.9999999999993,0.0,2791.9971561432076
2019-09-18,61867.0,60859.0,28,2189.9999999999995,0.0,4981.997156143207
2019-09-19,61495.0,60113.0,30,-351.00000000000193,395.0,4630.997156143205
2019-09-20,63601.99963378906,62436.00036621094,30,2323.00036621094,208.9996337890625,6953.997522354144
2019-09-23,66957.0,66217.0,32,451.9999999999992,3120.0,7405.997522354143
2019-09-24,71642.0,70850.0,32,4633.0,0.0,12038.997522354144
2019-09-25,69351.0,68617.0,32,-2233.0000000000005,1448.0,9805.997522354144
2019-09-26,70388.0,69638.0,30,2468.9999999999964,0.0,12274.99752235414
2019-09-27,69942.00009155273,68583.99990844727,30,-1054.0000915527312,679.0000915527344,11220.99743080141
2019-09-30,67537.0,67537.0,28,-1725.9999999999989,0.0,9494.997430801412
2019-10-01,66272.0,66272.0,28,-1265.000000000001,0.0,8229.99743080141
2019-10-02,67172.0,67172.0,28,900.0000000000002,0.0,9129.99743080141
2019-10-03,68075.0,68075.0,28,903.0000000000008,0.0,10032.99743080141
2019-10-04,67539.0,67539.0,30,-1378.0000000000036,842.0,8654.997430801406
2019-10-07,67117.0,67117.0,30,-422.0000000000002,0.0,8232.997430801406
2019-10-08,69412.0,69412.0,30,2295.000000000003,0.0,10527.99743080141
2019-10-09,72612.0,64062.0,34,-1075.0000000000018,4275.0,9452.997430801408
2019-10-10,72156.0,62926.0,34,-1135.9999999999968,0.0,8316.997430801412
2019-10-11,72074.0,62834.0,34,-92.00000000000182,0.0,8224.99743080141
2019-10-14,71349.0,62199.0,34,-635.0000000000006,0.0,7589.997430801409
2019-10-15,72104.0,62254.0,34,55.000000000001194,15026.0,7644.99743080141
2019-10-16,57368.0,43362.0,34,-1018.0000000000022,2848.0,6626.997430801408
2019-10-17,63867.0,36763.0,38,1251.0000000000005,7850.0,7877.997430801408
2019-10-18,64294.00050354004,39821.99949645996,38,3058.9994964599628,972.0005035400391,10936.99692726137
2019-10-21,71476.0,39354.0,42,-1508.000000000003,11668.0,9428.996927261367
2019-10-22,74774.0,39992.0,44,1485.9999999999995,4596.0,10914.996927261367
2019-10-23,73628.0,36932.0,42,1858.0000000000016,25388.0,12772.996927261369
2019-10-24,50283.0,10627.0,38,-2087.0000000000005,0.0,10685.996927261369
2019-10-25,54146.004554748535,13593.995445251465,42,1501.9954452514648,26474.004554748535,12187.992372512834
2019-10-28,58854.0,36440.0,38,-1368.0000000000014,27731.0,10819.992372512832
2019-10-29,47647.0,36843.0,34,3619.000000000001,3253.0,14438.992372512832
2019-10-30,45939.0,34389.0,36,176.99999999999812,1578.0,14615.99237251283
2019-10-31,44682.0,34670.0,36,281.0000000000011,1749.0,14896.992372512832
2019-11-01,44211.99890136719,30754.001098632812,34,-2166.9989013671875,5601.9989013671875,12729.993471145644
2019-11-04,41241.0,38429.0,28,2072.9999999999995,0.0,14802.993471145644
2019-11-05,41679.0,38493.0,30,234.00000000000057,1270.0,15036.993471145644
2019-11-06,39806.0,35730.0,30,-1414.9999999999995,248.0,13621.993471145644
2019-11-07,42508.0,33460.0,34,-452.0000000000002,1818.0,13169.993471145644
2019-11-08,48250.000244140625,38519.999755859375,38,204.9997558593742,7474.000244140625,13374.99322700502
2019-11-11,44726.0,40404.0,34,-734.9999999999998,0.0,12639.99322700502
2019-11-12,44645.0,40441.0,34,36.999999999998664,259.0,12676.993227005018
2019-11-13,43900.0,39844.0,32,-337.99999999999744,4848.0,12338.99322700502
2019-11-14,38969.0,34337.0,30,-659.0000000000013,0.0,11679.993227005018
2019-11-15,37881.99935913086,34688.00064086914,30,351.00064086914153,1596.9993591308594,12030.99386787416
2019-11-18,40344.0,40344.0,24,898.9999999999994,3160.0,12929.99386787416
2019-11-19,54335.0,54335.0,26,-9.000000000001137,14000.0,12920.993867874158
2019-11-20,53093.0,53093.0,26,-1241.999999999999,0.0,11678.99386787416
2019-11-21,54222.0,54222.0,26,1128.9999999999986,0.0,12807.993867874158
2019-11-22,53041.0,53041.0,26,-1180.999999999999,0.0,11626.99386787416
2019-11-25,53968.0,53968.0,26,927.0000000000007,0.0,12553.99386787416
2019-11-26,52974.0,52974.0,26,-994.0000000000002,0.0,11559.99386787416
2019-11-27,55428.0,55428.0,26,2454.000000000001,0.0,14013.99386787416
2019-11-29,55428.0,55428.0,26,0.0,0.0,14013.99386787416
2019-12-02,51079.0,51079.0,26,-4349.0,0.0,9664.99386787416
2019-12-03,52312.0,52312.0,26,1233.0,0.0,10897.99386787416
2019-12-04,53130.0,53130.0,28,98.0000000000003,720.0,10995.99386787416
2019-12-05,61842.0,55432.0,38,616.0,8096.0,11611.99386787416
2019-12-06,62865.0,56195.0,38,763.0000000000001,0.0,12374.99386787416
2019-12-09,71211.0,64757.0,40,-383.0000000000003,8945.0,11991.99386787416
2019-12-10,70975.0,64719.0,40,-38.00000000000105,0.0,11953.993867874158
2019-12-11,72943.0,65477.0,44,189.0000000000006,6954.0,12142.993867874158
2019-12-12,67898.0,60128.0,38,233.99999999999966,0.0,12376.993867874158
2019-12-13,64426.000228881836,58869.999771118164,38,-1258.0002288818366,2385.000228881836,11118.993638992322
2019-12-16,65733.0,64831.0,32,3576.0000000000014,0.0,14694.993638992324
2019-12-17,65452.0,64600.0,32,-230.99999999999818,414.0,14463.993638992326
2019-12-18,66733.0,65801.0,30,1614.9999999999977,0.0,16078.993638992324
2019-12-19,74071.0,73147.0,32,3035.9999999999995,4310.0,19114.993638992324
2019-12-20,73247.0001373291,72234.9998626709,32,-912.0001373291022,506.00013732910156,18202.993501663223
2019-12-23,84760.0,84760.0,38,1400.0000000000018,10619.0,19602.993501663223
2019-12-24,83921.0,83921.0,38,-839.0000000000006,0.0,18763.993501663223
2019-12-26,89852.0,89852.0,38,5931.0,0.0,24694.993501663223
2019-12-27,89049.0,89049.0,38,-803.0000000000016,0.0,23891.993501663223
2019-12-30,82793.0,82793.0,38,-6255.999999999997,0.0,17635.993501663226
2019-12-31,83270.0,83270.0,38,476.99999999999807,0.0,18112.993501663223
2020-01-02,92036.0,92036.0,38,8766.000000000002,0.0,26878.993501663223
2020-01-03,88928.0,88928.0,38,-3108.0000000000005,0.0,23770.993501663223
2020-01-06,95406.0,95406.0,38,6477.999999999998,0.0,30248.993501663223
2020-01-07,96647.0,96647.0,38,1241.0000000000007,0.0,31489.993501663223
2020-01-08,99841.0,99841.0,38,3194.0000000000005,0.0,34683.99350166322
2020-01-09,101766.0,101766.0,38,1925.0,0.0,36608.99350166322
2020-01-10,100516.0,100516.0,38,-1250.0000000000007,0.0,35358.99350166322
2020-01-13,110176.0,110176.0,38,9660.000000000002,0.0,45018.99350166322
2020-01-14,111194.0,105614.0,40,-1772.0000000000032,2790.0,43246.99350166322
2020-01-15,108826.0,103456.0,40,-2158.0000000000005,0.0,41088.99350166322
2020-01-16,111432.0,105636.0,44,1738.0000000000023,998.0,42826.99350166322
2020-01-17,113955.0,108181.0,44,2544.999999999999,7066.0,45371.99350166322
2020-01-21,115403.0,104467.0,48,4364.000000000002,8257.0,49735.99350166322
2020-01-22,121150.0,96004.0,52,3287.9999999999986,11351.0,53023.99350166322
2020-01-23,135933.0,93159.0,58,226.00000000000074,17276.0,53249.99350166322
2020-01-24,132555.00201416016,86760.99798583984,58,-6398.00201416016,2163.0020141601562,46851.991487503066
2020-01-27,131229.0,72263.0,56,-9060.999999999998,44216.0,37790.991487503066
2020-01-28,94280.0,41952.0,52,6305.000000000001,2343.0,44095.991487503066
2020-01-29,90362.0,41118.0,52,2036.0000000000005,14357.0,46131.991487503066
2020-01-30,76364.0,27358.0,48,69.99999999999864,0.0,46201.991487503066
2020-01-31,80993.99342346191,16930.006576538086,48,-10427.993423461912,42315.993423461914,35773.99806404115
2020-02-03,40886.0,21294.0,32,1288.0000000000007,0.0,37061.99806404115
2020-02-04,37572.0,31108.0,32,9814.0,1003.0,46875.99806404115
2020-02-05,36227.0,29763.0,34,307.9999999999982,650.0,47183.99806404115
2020-02-06,47867.0,34875.0,42,292.00000000000256,10460.0,47475.99806404115
2020-02-07,46567.995666503906,32994.004333496094,42,-1880.995666503907,3168.995666503906,45595.002397537246
2020-02-10,45921.0,38163.0,38,1999.9999999999993,0.0,47595.002397537246
2020-02-11,47531.0,39213.0,38,1050.0000000000007,5450.0,48645.002397537246
2020-02-12,75820.0,66816.0,34,567.9999999999995,38748.0,49213.002397537246
2020-02-13,70001.0,63749.0,34,-228.99999999999946,3425.0,48984.002397537246
2020-02-14,70218.99932861328,61711.00067138672,34,-2037.9993286132856,4253.999328613281,46946.00306892396
2020-02-18,68183.0,68183.0,26,2218.000000000006,0.0,49164.003068923965
2020-02-19,71409.0,71409.0,26,3225.999999999997,0.0,52390.003068923965
2020-02-20,68724.0,68724.0,26,-2685.0,0.0,49705.003068923965
2020-02-21,63670.0,63670.0,26,-5054.0,0.0,44651.003068923965
2020-02-24,60428.0,60428.0,28,-4535.0,1293.0,40116.003068923965
2020-02-25,75775.0,75775.0,30,-493.0000000000006,15840.0,39623.003068923965
2020-02-26,75832.0,75832.0,30,57.00000000000134,0.0,39680.003068923965
2020-02-27,83277.0,83277.0,30,7445.0,0.0,47125.003068923965
2020-02-28,87077.0,87077.0,30,3800.000000000001,0.0,50925.003068923965
2020-03-02,78948.0,78948.0,30,-8129.0,0.0,42796.003068923965
2020-03-03,82078.0,82078.0,30,3129.9999999999977,0.0,45926.003068923965
2020-03-04,77637.0,77637.0,30,-4441.0,0.0,41485.003068923965
2020-03-05,105023.0,93825.0,44,8092.0,19294.0,49577.003068923965
2020-03-06,108262.0,94720.0,44,894.9999999999993,0.0,50472.003068923965
2020-03-09,123274.0,105558.0,44,10838.000000000002,0.0,61310.003068923965
2020-03-10,107052.0,95798.0,44,-9760.000000000002,0.0,51550.003068923965
2020-03-11,119960.0,105062.0,44,9264.0,11125.0,60814.003068923965
2020-03-12,142407.0,115471.0,38,21534.0,0.0,82348.00306892396
2020-03-13,104312.99914550781,94171.00085449219,38,-21299.999145507816,5070.9991455078125,61048.00392341615
2020-03-16,137488.0,137488.0,32,38246.0,0.0,99294.00392341615
2020-03-17,125044.0,125044.0,32,-12444.000000000002,0.0,86850.00392341615
2020-03-18,137610.0,136410.0,36,10375.999999999998,2190.0,97226.00392341615
2020-03-19,126984.0,125174.0,36,-11235.999999999998,0.0,85990.00392341615
2020-03-20,128554.0,127284.0,36,2110.0000000000005,0.0,88100.00392341615
2020-03-23,124845.0,123575.0,36,-3709.0000000000005,0.0,84391.00392341615
2020-03-24,107795.0,105415.0,36,-18160.0,940.0,66231.00392341615
2020-03-25,112429.0,110609.0,34,6133.999999999998,0.0,72365.00392341615
2020-03-26,101169.0,99083.0,34,-11526.0,0.0,60839.00392341615
2020-03-27,112711.99995422363,111016.00004577637,36,9677.000045776369,3103.999954223633,70516.00396919252
2020-03-30,101889.0,101889.0,34,-9975.000000000002,0.0,60541.00396919252
2020-03-31,96604.0,96604.0,34,-5285.0,0.0,55256.00396919252
2020-04-01,108844.0,108844.0,34,12240.0,0.0,67496.00396919252
2020-04-02,102584.0,102584.0,34,-6259.999999999999,0.0,61236.00396919252
2020-04-03,104410.0,104410.0,34,1825.9999999999977,0.0,63062.00396919252
2020-04-06,87844.0,87844.0,34,-16566.0,0.0,46496.00396919252
2020-04-07,102394.0,102394.0,36,1665.000000000001,12885.0,48161.00396919252
2020-04-08,106154.0,102954.0,40,-3629.999999999999,7390.0,44531.00396919252
2020-04-09,104494.0,100134.0,40,-2820.000000000002,0.0,41711.00396919252
2020-04-13,116647.0,112887.0,40,12753.0,0.0,54464.00396919252
2020-04-14,129118.0,116528.0,42,7926.0,4285.0,62390.00396919252
2020-04-15,137213.0,123783.0,42,7255.000000000004,0.0,69645.00396919252
2020-04-16,150645.0,134489.0,44,11199.000000000002,493.0,80844.00396919252
2020-04-17,141984.99938964844,126909.00061035156,44,-7579.999389648441,1564.9993896484377,73264.00457954408
2020-04-20,144652.0,132100.0,42,3625.999999999998,10450.0,76890.00457954408
2020-04-21,140324.0,109116.0,44,-3272.9999999999964,9261.0,73617.00457954408
2020-04-22,179558.0,126160.0,52,1039.9999999999964,42156.0,74657.00457954408
2020-04-23,251757.0,156567.0,60,-3077.9999999999964,75575.0,71579.00457954408
2020-04-24,242953.0007171631,153214.9992828369,60,-3352.0007171630905,1573.000717163086,68227.003862381
2020-04-27,243238.0,158652.0,58,2714.000000000002,20139.0,70941.003862381
2020-04-28,207158.0,130784.0,54,-8878.999999999995,23040.0,62062.003862381
2020-04-29,194774.0,104512.0,48,-3231.999999999999,51542.0,58830.003862381
2020-04-30,138773.0,56371.0,42,3400.999999999999,0.0,62231.003862381
2020-05-01,119857.99206542969,65618.00793457031,42,9247.00793457031,27119.992065429688,71478.01179695131
2020-05-04,95156.0,95156.0,26,2418.0000000000005,0.0,73896.01179695131
2020-05-05,91320.0,91320.0,26,-3836.0000000000005,0.0,70060.01179695131
2020-05-06,93299.0,92729.0,28,1693.9999999999995,285.0,71754.01179695131
2020-05-07,115969.0,114581.0,32,-2136.9999999999986,24771.0,69617.01179695131
2020-05-08,114659.0,112893.0,32,-1688.0000000000027,0.0,67929.01179695131
2020-05-11,115964.0,114146.0,32,1253.0000000000016,0.0,69182.01179695131
2020-05-12,111125.0,109539.0,32,-4606.999999999998,445.0,64575.01179695131
2020-05-13,112004.0,110622.0,30,1527.9999999999973,1197.0,66103.01179695131
2020-05-14,123839.0,116085.0,34,934.9999999999995,11545.0,67038.01179695131
2020-05-15,129087.0001373291,116084.9998626709,40,364.9998626709018,4916.000137329102,67403.0116596222
2020-05-18,127742.0,114206.0,36,-2510.000000000002,0.0,64893.01165962221
2020-05-19,132176.0,118024.0,38,227.99999999999864,3590.0,65121.01165962221
2020-05-20,138099.0,123369.0,38,5345.000000000005,10925.0,70466.0116596222
2020-05-21,123732.0,111444.0,36,-1000.0000000000025,1960.0,69466.0116596222
2020-05-22,120064.99954223633,107705.00045776367,34,-1778.9995422363265,4104.999542236328,67687.01211738588
2020-05-26,110570.0,108106.0,32,-3703.9999999999986,0.0,63983.01211738588
2020-05-27,109748.0,108304.0,32,197.99999999999756,0.0,64181.01211738588
2020-05-28,114305.0,109599.0,36,-2205.000000000002,6960.0,61976.01211738588
2020-05-29,116946.00021362305,109773.99978637695,36,174.99978637695494,1426.0002136230469,62151.01190376283
2020-06-01,121072.0,117112.0,32,5912.000000000003,0.0,68063.01190376283
2020-06-02,121280.0,116410.0,32,-702.0000000000003,0.0,67361.01190376283
2020-06-03,122374.0,115774.0,32,-636.000000000004,3995.0,66725.01190376283
2020-06-04,116906.0,107496.0,32,-2803.0000000000005,1480.0,63922.01190376283
2020-06-05,119893.00018310547,108626.99981689453,32,1130.999816894536,3708.0001831054688,65053.01172065737
2020-06-08,130500.0,125760.0,32,7289.999999999996,6135.0,72343.01172065736
2020-06-09,136809.0,132057.0,36,5917.999999999999,1031.0,78261.01172065736
2020-06-10,150176.0,144970.0,36,12913.000000000002,5715.0,91174.01172065736
2020-06-11,133771.0,128945.0,34,-10310.000000000004,0.0,80864.01172065736
2020-06-12,129902.00085449219,125717.99914550781,34,-3227.000854492183,1654.0008544921875,77637.01086616518
2020-06-15,135118.0,134356.0,32,6983.999999999997,577.0,84621.01086616518
2020-06-16,137055.0,136457.0,30,2677.9999999999995,0.0,87299.01086616518
2020-06-17,141664.0,140922.0,30,4465.000000000004,0.0,91764.01086616518
2020-06-18,149811.0,149457.0,40,-254.0000000000021,8789.0,91510.01086616518
2020-06-19,147382.9998474121,147263.0001525879,40,-2193.9998474121057,59.999847412109375,89316.01101875307
2020-06-22,152437.0,152437.0,38,5114.0,0.0,94430.01101875307
2020-06-23,157149.0,157149.0,38,4711.999999999999,0.0,99142.01101875307
2020-06-24,148680.0,148680.0,38,-8469.000000000004,0.0,90673.01101875307
2020-06-25,154390.0,154390.0,38,5710.000000000007,0.0,96383.01101875308
2020-06-26,138666.0,138666.0,38,-15724.000000000004,1330.0,80659.01101875308
2020-06-29,143015.0,143015.0,36,5679.000000000006,0.0,86338.01101875308
2020-06-30,154774.0,154774.0,36,11758.999999999998,0.0,98097.01101875308
2020-07-01,173606.0,173606.0,36,18831.999999999996,0.0,116929.01101875308
2020-07-02,183272.0,183272.0,36,9666.000000000005,0.0,126595.01101875308
2020-07-06,225579.0,225579.0,36,42307.0,0.0,168902.01101875308
2020-07-07,221683.0,221683.0,36,-3896.000000000002,0.0,165006.01101875308
2020-07-08,241525.0,237705.0,40,11652.000000000005,8190.0,176658.01101875308
2020-07-09,274483.0,261033.0,44,15967.999999999987,15690.0,192626.01101875308
2020-07-10,299250.0,281750.0,44,20717.000000000007,0.0,213343.01101875308
2020-07-13,274197.0,258197.0,44,-23552.999999999996,10685.0,189790.01101875308
2020-07-14,268790.0,253460.0,42,5947.999999999997,0.0,195738.01101875308
2020-07-15,265943.0,248853.0,46,-6851.999999999998,16265.0,188886.01101875308
2020-07-16,251424.0,236408.0,48,-7397.000000000002,6828.0,181489.01101875308
2020-07-17,240825.00057983398,234706.99942016602,48,-1701.000579833989,1342.0005798339844,179788.0104389191
2020-07-20,283720.0,280832.0,44,44783.00000000001,0.0,224571.0104389191
2020-07-21,267866.0,261508.0,48,-17631.00000000001,89353.0,206940.0104389191
2020-07-22,177713.0,169887.0,46,-3394.9999999999927,1043.0,203545.0104389191
2020-07-23,272303.0,200703.0,52,-21372.0,116445.0,182173.0104389191
2020-07-24,272484.99967956543,196089.00032043457,52,-4613.999679565429,1810.9996795654297,177559.01075935367
2020-07-27,273285.0,209411.0,48,11511.000000000004,3980.0,189070.01075935367
2020-07-28,255055.0,196693.0,44,-8738.0,1670.9999999999998,180332.01075935367
2020-07-29,258318.0,199606.0,42,4583.999999999997,104928.0,184916.01075935367
2020-07-30,154317.0,95373.0,36,695.0,0.0,185611.01075935367
2020-07-31,146478.98916625977,101459.01083374023,36,6086.010833740239,22509.989166259766,191697.0215930939
2020-08-03,130665.0,130665.0,28,4041.0000000000005,2655.0,195738.0215930939
2020-08-04,133475.0,133475.0,28,2809.999999999997,0.0,198548.0215930939
2020-08-05,136304.0,136304.0,28,2828.999999999998,0.0,201377.0215930939
2020-08-06,135889.0,135095.0,30,-811.9999999999949,397.0,200565.0215930939
2020-08-07,134755.0,133975.0,30,-1120.0000000000039,0.0,199445.0215930939
2020-08-10,131933.0,131199.0,30,-2776.0000000000014,0.0,196669.0215930939
2020-08-11,126434.0,125736.0,30,-5462.999999999995,728.0,191206.0215930939
2020-08-12,131922.0,124166.0,30,2682.9999999999986,5166.0,193889.0215930939
2020-08-13,137027.0,125717.0,32,587.000000000003,6125.0,194476.0215930939
2020-08-14,135004.0002746582,121779.9997253418,34,-2697.00027465821,1502.0002746582031,191779.0213184357
2020-08-17,138255.0,123945.0,32,1903.0000000000039,0.0,193682.0213184357
2020-08-18,147861.0,133701.0,32,9756.0,16967.0,203438.0213184357
2020-08-19,128664.0,114854.0,30,-1880.000000000001,5900.0,201558.0213184357
2020-08-20,136029.0,125207.0,30,6263.000000000001,13560.0,207821.0213184357
2020-08-21,139145.99993896484,124928.00006103516,32,-339.9999389648449,9944.999938964844,207481.02137947085
2020-08-24,137714.0,136636.0,28,5394.000000000003,0.0,212875.02137947085
2020-08-25,142344.0,141380.0,28,4743.999999999998,0.0,217619.02137947085
2020-08-26,156513.0,155279.0,28,13899.000000000002,0.0,231518.02137947085
2020-08-27,160649.0,155893.0,32,-3285.9999999999955,7780.0,228232.02137947085
2020-08-28,165754.99969482422,160475.00030517578,32,4582.0003051757785,419.99969482421886,232814.02168464664
2020-08-31,166648.0,162168.0,30,1272.9999999999977,0.0,234087.02168464664
2020-09-01,180138.0,174118.0,30,11949.999999999996,0.0,246037.02168464664
2020-09-02,196470.0,188310.0,30,14192.0,9230.0,260229.02168464664
2020-09-03,171734.0,166318.0,32,-13474.000000000002,1208.0,246755.02168464664
2020-09-04,160831.9981689453,155420.0018310547,32,-10897.998168945312,2294.9981689453125,235857.02351570132
2020-09-08,154183.0,145691.0,34,-19653.999999999996,15350.0,216203.02351570132
2020-09-09,153320.0,143832.0,34,-1858.9999999999993,415.0,214344.02351570132
2020-09-10,146285.0,137255.0,32,-6162.000000000002,0.0,208182.02351570132
2020-09-11,135138.0,126848.0,32,-10406.999999999998,200.0,197775.02351570132
2020-09-14,134509.0,125689.0,30,-1358.9999999999964,9585.0,196416.02351570132
2020-09-15,127568.0,118408.0,30,163.99999999999704,2140.0,196580.02351570132
2020-09-16,123081.0,118563.0,30,154.9999999999959,0.0,196735.02351570132
2020-09-17,125552.0,122174.0,34,-877.9999999999975,4489.0,195857.02351570132
2020-09-18,118839.99877929688,117330.00122070312,34,-4843.998779296875,754.998779296875,191013.02473640445
2020-09-21,119616.0,119616.0,32,1531.0000000000005,0.0,192544.02473640445
2020-09-22,124967.0,124117.0,36,3791.000000000002,1560.0,196335.02473640445
2020-09-23,124462.0,123520.0,36,-597.0000000000019,0.0,195738.02473640445
2020-09-24,123692.0,122800.0,36,-719.9999999999967,0.0,195018.02473640445
2020-09-25,122607.0,121773.0,36,-1027.000000000003,0.0,193991.02473640445
2020-09-28,121430.0,120678.0,36,-1094.9999999999982,0.0,192896.02473640445
2020-09-29,119986.0,119214.0,36,-1464.0000000000007,0.0,191432.02473640445
2020-09-30,119300.0,118660.0,36,-553.9999999999968,0.0,190878.02473640445
2020-10-01,125009.0,124563.0,36,5902.999999999999,0.0,196781.02473640445
2020-10-02,119882.00007629395,119191.99992370605,36,-5371.000076293944,345.0000762939453,191410.0246601105
2020-10-05,119461.0,119461.0,34,-76.00000000000263,0.0,191334.0246601105
2020-10-06,115949.0,115949.0,34,-3511.999999999999,0.0,187822.0246601105
2020-10-07,119047.0,115087.0,36,1117.9999999999975,1980.0,188940.0246601105
2020-10-08,117745.0,113745.0,36,-1341.999999999999,0.0,187598.0246601105
2020-10-09,117306.0,113046.0,36,-698.9999999999993,0.0,186899.0246601105
2020-10-12,129302.0,124312.0,36,11265.999999999996,0.0,198165.0246601105
2020-10-13,150351.0,133671.0,40,734.0000000000056,21135.0,198899.0246601105
2020-10-14,163069.0,135879.0,42,-6387.000000000003,21855.0,192512.0246601105
2020-10-15,160848.0,135130.0,46,-1324.999999999998,1264.0,191187.0246601105
2020-10-16,146468.99938964844,121903.00061035156,46,-13226.999389648438,689.9993896484375,177960.02527046207
2020-10-19,146278.0,125110.0,44,2516.9999999999973,7540.0,180477.02527046207
2020-10-20,151610.0,127896.0,50,2131.000000000005,12185.0,182608.02527046207
2020-10-21,149534.0,121044.0,52,-5937.000000000004,1660.0,176671.02527046207
2020-10-22,271415.0,179803.0,60,-4221.000000000003,128315.0,172450.02527046207
2020-10-23,272136.99879455566,179525.00120544434,60,-277.99879455565787,10788.998794555664,172172.0264759064
2020-10-26,260116.0,188780.0,56,-3744.000000000005,6771.0,168428.0264759064
2020-10-27,256342.0,192406.0,52,8187.000000000005,3757.9999999999995,176615.0264759064
2020-10-28,249504.0,178964.0,52,-8649.000000000004,51930.0,167966.0264759064
2020-10-29,195909.0,132627.0,52,1043.0000000000018,8025.0,169009.0264759064
2020-10-30,184657.0016784668,135196.9983215332,52,2569.9983215332004,21140.001678466797,171579.0247974396
2020-11-02,159959.0,153943.0,40,-2393.9999999999945,0.0,169185.0247974396
2020-11-03,155778.0,148122.0,40,-5821.000000000004,3045.0,163364.0247974396
2020-11-04,152739.0,146773.0,38,1696.0000000000023,4713.0,165060.0247974396
2020-11-05,157730.0,144328.0,40,4060.9999999999986,1793.0,169121.0247974396
2020-11-06,155341.99822998047,144308.00177001953,42,-1914.9982299804633,5400.998229980469,167206.02656745914
2020-11-09,140161.0,135333.0,40,-12146.000000000004,335.0,155060.02656745914
2020-11-10,139920.0,134536.0,40,-796.9999999999986,0.0,154263.02656745914
2020-11-11,145827.0,132643.0,42,2491.999999999997,7745.0,156755.02656745914
2020-11-12,144179.0,129547.0,38,263.9999999999994,0.0,157019.02656745914
2020-11-13,144246.99908447266,127107.00091552734,38,-2439.9990844726526,3909.9990844726562,154579.02748298648
2020-11-16,137737.0,128927.0,34,-2090.0000000000036,0.0,152489.02748298648
2020-11-17,136959.0,128669.0,34,-257.99999999999613,7571.0,152231.02748298648
2020-11-18,127736.0,120426.0,32,-672.0000000000016,0.0,151559.02748298648
2020-11-19,126345.0,122181.0,32,1754.999999999997,0.0,153314.02748298648
2020-11-20,124372.99821472168,123529.00178527832,34,-1871.9982147216758,3641.9982147216797,151442.0292682648
2020-11-23,123728.0,123728.0,30,-222.99999999999886,0.0,151219.0292682648
2020-11-24,124727.0,124727.0,30,998.9999999999986,0.0,152218.0292682648
2020-11-25,125308.0,125308.0,30,580.9999999999985,0.0,152799.0292682648
2020-11-27,125308.0,125308.0,30,0.0,0.0,152799.0292682648
2020-11-30,127570.0,127570.0,30,2261.999999999999,0.0,155061.0292682648
2020-12-01,133060.0,133060.0,30,5490.0000000000055,0.0,160551.0292682648
2020-12-02,133600.0,133600.0,30,539.9999999999997,0.0,161091.0292682648
2020-12-03,152016.0,141544.0,42,-1865.0000000000032,20281.0,159226.0292682648
2020-12-04,154826.0,143402.0,42,1857.9999999999993,0.0,161084.0292682648
2020-12-07,158256.0,146632.0,42,3230.0000000000014,0.0,164314.0292682648
2020-12-08,158906.0,147332.0,42,699.9999999999959,0.0,165014.0292682648
2020-12-09,150512.0,140114.0,42,-7217.999999999998,11038.0,157796.0292682648
2020-12-10,137107.0,131307.0,36,2230.9999999999995,0.0,160027.0292682648
2020-12-11,132196.0004272461,130091.9995727539,36,-1215.0004272460906,1052.0004272460938,158812.0288410187
2020-12-14,130576.0,130576.0,30,-568.000000000003,0.0,158244.0288410187
2020-12-15,131991.0,131991.0,30,1414.9999999999977,0.0,159659.0288410187
2020-12-16,131498.0,131498.0,30,-492.99999999999613,0.0,159166.0288410187
2020-12-17,137171.0,137171.0,36,304.999999999996,5368.0,159471.0288410187
2020-12-18,133959.0,133959.0,36,-3211.9999999999964,0.0,156259.0288410187
2020-12-21,134119.0,134119.0,36,160.00000000000006,0.0,156419.0288410187
2020-12-22,141853.0,141853.0,38,-1300.9999999999973,9035.0,155118.0288410187
2020-12-23,139185.0,139185.0,38,-2668.0000000000014,0.0,152450.0288410187
2020-12-24,139185.0,139185.0,38,0.0,0.0,152450.0288410187
2020-12-28,145500.0,145500.0,38,6314.999999999997,0.0,158765.0288410187
2020-12-29,141854.0,141854.0,38,-3645.9999999999945,0.0,155119.0288410187
2020-12-30,143297.0,143297.0,38,1442.9999999999961,0.0,156562.0288410187
2020-12-31,144817.0,143715.0,42,-585.9999999999984,2106.0,155976.0288410187
2021-01-04,148689.0,147571.0,42,3855.9999999999995,0.0,159832.0288410187
2021-01-05,147588.0,146430.0,42,-1140.9999999999984,0.0,158691.0288410187
2021-01-06,147879.0,146775.0,42,344.99999999999955,2702.0,159036.0288410187
2021-01-07,154065.0,152895.0,40,8821.999999999995,0.0,167858.0288410187
2021-01-08,161915.99981689453,161432.00018310547,40,8537.000183105469,241.99981689453125,176395.02902412417
2021-01-11,156436.0,156436.0,38,-5237.999999999998,12860.0,171157.02902412417
2021-01-12,148514.0,140114.0,38,737.9999999999991,4200.0,171895.02902412417
2021-01-13,145249.0,136819.0,38,-3295.0000000000027,0.0,168600.02902412417
2021-01-14,144219.0,135223.0,40,-1162.9999999999966,433.0,167437.02902412417
2021-01-15,144439.0,135623.0,42,-5010.000000000001,12630.0,162427.02902412417
2021-01-19,142135.0,131217.0,44,4589.000000000005,1775.0,167016.02902412417
2021-01-20,167284.0,124282.0,48,2489.9999999999955,10013.0,169506.02902412417
2021-01-21,168137.0,127401.0,46,3707.000000000005,0.0,173213.02902412417
2021-01-22,166225.9983062744,130076.00169372559,46,2675.001693725586,7850.998306274414,175888.03071784976
2021-01-25,165212.0,141292.0,42,3364.9999999999955,3827.0,179253.03071784976
2021-01-26,284181.0,187397.0,50,1087.0000000000032,168133.0,180340.03071784976
2021-01-27,244813.0,126893.0,48,-14180.999999999995,1015.0,166159.03071784976
2021-01-28,224852.0,134424.0,48,7530.9999999999945,0.0,173690.03071784976
2021-01-29,229124.9984741211,130573.0015258789,48,-3850.998474121097,7474.998474121094,169839.03224372867
2021-02-01,217422.0,150126.0,40,12077.999999999998,62896.0,181917.03224372867
2021-02-02,151661.0,83509.0,34,-3447.9999999999945,4681.0,178469.03224372867
2021-02-03,141322.0,85642.0,32,6541.0,0.0,185010.03224372867
2021-02-04,136268.0,87880.0,32,2238.0000000000027,0.0,187248.03224372867
2021-02-05,139338.990234375,82953.009765625,32,-4926.990234375001,28454.990234375,182321.04200935367
2021-02-08,111059.0,110211.0,20,83.00000000000159,0.0,182404.04200935367
2021-02-09,135272.0,134028.0,22,-1273.0,25090.0,181131.04200935367
2021-02-10,136715.0,136237.0,22,2208.9999999999973,0.0,183340.04200935367
2021-02-11,138708.0,136766.0,24,1230.0000000000005,4873.0,184570.04200935367
2021-02-12,139449.00009155273,137470.99990844727,26,-993.0000915527339,6099.000091552734,183577.04191780093
2021-02-16,143845.0,142249.0,26,4.0000000000012506,4545.0,183581.04191780093
2021-02-17,161100.0,150732.0,30,-556.9999999999969,18130.0,183024.04191780093
2021-02-18,168972.0,153902.0,36,-3790.0000000000023,11950.0,179234.04191780093
2021-02-19,174428.99990844727,161007.00009155273,38,-2674.999908447267,10225.999908447266,176559.04200935367
2021-02-22,170022.0,156532.0,38,-5450.000000000002,529.0,171109.04200935367
2021-02-23,168611.0,154361.0,38,-2170.9999999999995,6475.0,168938.04200935367
2021-02-24,160493.0,149073.0,36,1187.0000000000077,0.0,170125.04200935367
2021-02-25,183202.0,158100.0,42,1271.9999999999986,13415.0,171397.04200935367
2021-02-26,172124.9989013672,154331.0010986328,42,-3768.9989013671925,5776.9989013671875,167628.04310798648
2021-03-01,161423.0,153783.0,38,-6324.999999999999,0.0,161303.04310798648
2021-03-02,161343.0,155003.0,38,1219.9999999999982,0.0,162523.04310798648
2021-03-03,164488.0,158972.0,42,3431.999999999999,7523.0,165955.04310798648
2021-03-04,163312.0,157186.0,40,4544.000000000007,0.0,170499.04310798648
2021-03-05,164565.00006103516,161414.99993896484,40,4228.999938964842,986.0000610351562,174728.04304695132
2021-03-08,166732.0,165184.0,38,2782.9999999999955,0.0,177511.04304695132
2021-03-09,150673.0,149067.0,38,-16116.999999999998,1260.0,161394.04304695132
2021-03-10,153556.0,149142.0,40,-1224.9999999999945,5390.0,160169.04304695132
2021-03-11,151698.0,146830.0,40,-2312.0000000000045,0.0,157857.04304695132
2021-03-12,150728.00036621094,146335.99963378906,40,-494.00036621093216,216.0003662109375,157363.0426807404
2021-03-15,146362.0,143092.0,38,-3460.0000000000027,4215.0,153903.0426807404
2021-03-16,150362.0,142352.0,40,-465.00000000000136,8500.0,153438.0426807404
2021-03-17,146083.0,138973.0,40,-3378.999999999999,0.0,150059.0426807404
2021-03-18,158104.0,150630.0,46,6206.999999999998,5450.0,156266.0426807404
2021-03-19,147501.99969482422,140822.00030517578,46,-9807.999694824213,819.9996948242188,146458.04298591617
2021-03-22,137258.0,133108.0,44,-8534.000000000004,3695.0,137924.04298591617
2021-03-23,132742.0,128342.0,42,-1070.9999999999982,0.0,136853.04298591617
2021-03-24,136924.0,134754.0,42,6411.999999999998,0.0,143265.04298591617
2021-03-25,137572.0,135852.0,42,1097.9999999999982,0.0,144363.04298591617
2021-03-26,138613.99963378906,134796.00036621094,42,-1055.9996337890607,1908.9996337890625,143307.0433521271
2021-03-29,134258.0,134258.0,40,-2447.0000000000005,0.0,140860.0433521271
2021-03-30,132250.0,132250.0,40,-2008.0000000000025,1211.0,138852.0433521271
2021-03-31,125632.0,125632.0,38,-5406.999999999998,0.0,133445.0433521271
2021-04-01,126362.0,126362.0,38,730.0000000000011,0.0,134175.0433521271
2021-04-05,130896.0,130896.0,38,4533.999999999996,0.0,138709.0433521271
2021-04-06,127405.0,127405.0,38,-3490.9999999999955,0.0,135218.0433521271
2021-04-07,131060.0,131060.0,38,3654.9999999999955,0.0,138873.0433521271
2021-04-08,131622.0,131622.0,38,562.0000000000005,0.0,139435.0433521271
2021-04-09,135285.0,135285.0,38,3663.0000000000027,0.0,143098.0433521271
2021-04-12,128745.0,128745.0,38,-6539.999999999998,0.0,136558.0433521271
2021-04-13,133123.0,125003.0,40,317.99999999999636,4060.0,136876.0433521271
2021-04-14,128684.0,119954.0,40,-5049.000000000001,0.0,131827.0433521271
2021-04-15,136945.0,127969.0,44,7413.0,1348.0,139240.0433521271
2021-04-16,134514.0,125728.0,44,-2241.000000000001,0.0,136999.0433521271
2021-04-19,136450.0,128144.0,44,2416.0000000000005,7275.0,139415.0433521271
2021-04-20,177380.0,139314.0,56,-1172.9999999999998,49502.0,138242.0433521271
2021-04-21,178730.0,136730.0,64,-5085.999999999996,6029.0,133156.0433521271
2021-04-22,237262.0,161258.0,66,-4156.000000000002,61935.0,129000.0433521271
2021-04-23,231915.99952697754,161326.00047302246,66,68.0004730224548,19080.99952697754,129068.04382514957
2021-04-26,222529.0,156439.0,60,4152.000000000002,46770.0,133220.04382514957
2021-04-27,170631.0,108583.0,52,-1085.999999999999,2522.0,132134.04382514957
2021-04-28,168532.0,106294.0,48,232.99999999999977,24725.0,132367.04382514957
2021-04-29,147597.0,79845.0,46,-1724.0000000000027,0.0,130643.04382514957
2021-04-30,135480.01119995117,83867.98880004883,46,4022.98880004883,25806.011199951172,134666.0326251984
2021-05-03,105396.0,105396.0,32,-4277.999999999999,0.0,130388.0326251984
2021-05-04,105058.0,104556.0,36,-1192.0000000000016,854.0,129196.0326251984
2021-05-05,102784.0,102276.0,36,-2279.9999999999986,0.0,126916.0326251984
2021-05-06,115809.0,112807.0,42,71.00000000000051,12850.0,126987.0326251984
2021-05-07,116706.0,110434.0,44,-638.0000000000023,1735.0,126349.0326251984
2021-05-10,119096.0,111712.0,44,1278.0000000000045,0.0,127627.0326251984
2021-05-11,118657.0,111881.0,44,168.99999999999653,0.0,127796.0326251984
2021-05-12,129612.0,121593.99999999999,48,9356.999999999996,5936.0,137153.0326251984
2021-05-13,125044.0,112464.0,50,-5530.999999999994,9154.0,131622.0326251984
2021-05-14,109500.0005569458,99387.9994430542,48,-6867.000556945802,2241.000556945801,124755.03206825259
2021-05-17,108666.0,102652.0,44,1023.0000000000016,0.0,125778.03206825259
2021-05-18,106842.0,101540.0,44,-1112.000000000001,786.0,124666.03206825259
2021-05-19,108446.0,100846.0,44,1481.9999999999993,2330.0,126148.03206825259
2021-05-20,104262.0,95390.0,42,-4515.999999999999,0.0,121632.03206825259
2021-05-21,102346.9997253418,94171.0002746582,42,-1218.9997253417969,2637.999725341797,120413.0323429108
2021-05-24,97294.0,94604.0,36,-2205.0000000000023,0.0,118208.0323429108
2021-05-25,97344.0,94644.0,36,40.00000000000203,7592.0,118248.0323429108
2021-05-26,87755.0,86825.0,32,-226.9999999999993,0.0,118021.0323429108
2021-05-27,93627.0,89171.0,36,-2784.0000000000027,8290.0,115237.0323429108
2021-05-28,91729.0002746582,87904.9997253418,36,-1266.0002746582022,12.00027465820312,113971.03206825259
2021-06-01,92250.0,88670.0,34,752.9999999999974,0.0,114724.03206825259
2021-06-02,91106.0,87846.0,34,-823.9999999999943,2630.0,113900.03206825259
2021-06-03,89672.0,86272.0,32,1055.9999999999932,0.0,114956.03206825259
2021-06-04,87474.0,86474.0,32,202.00000000000384,500.0,115158.03206825259
2021-06-07,86504.0,86504.0,30,-470.0000000000026,0.0,114688.03206825259
2021-06-08,87986.0,87104.0,34,136.00000000000233,1346.0,114824.03206825259
2021-06-09,89465.0,88587.0,34,1483.0000000000014,1946.0,116307.03206825259
2021-06-10,100034.0,94048.0,36,2661.9999999999995,9725.0,118969.03206825259
2021-06-11,98147.0,92057.0,36,-1991.000000000001,0.0,116978.03206825259
2021-06-14,101206.0,92846.0,36,789.0,0.0,117767.03206825259
2021-06-15,98852.0,91970.0,36,-875.9999999999995,0.0,116891.03206825259
2021-06-16,98671.0,91663.0,36,-306.9999999999995,9035.0,116584.03206825259
2021-06-17,97774.0,89768.0,38,2144.0,4996.0,118728.03206825259
2021-06-18,98172.00234985352,88299.99765014648,38,-1468.0023498535156,4936.002349853516,117260.02971839908
2021-06-21,91182.0,91182.0,34,-2054.0000000000005,0.0,115206.02971839908
2021-06-22,93843.0,93843.0,34,2660.9999999999977,0.0,117867.02971839908
2021-06-23,94216.0,93228.0,38,-1451.0,1824.0,116416.02971839908
2021-06-24,90519.0,89555.0,38,-3672.9999999999977,0.0,112743.02971839908
2021-06-25,87140.0,86154.0,38,-3401.0000000000023,0.0,109342.02971839908
2021-06-28,90220.0,89160.0,38,3005.9999999999986,0.0,112348.02971839908
2021-06-29,90532.0,89576.0,38,415.9999999999998,0.0,112764.02971839908
2021-06-30,88774.0,87610.0,38,-1965.9999999999982,0.0,110798.02971839908
2021-07-01,86222.0,85962.0,38,-1647.9999999999998,0.0,109150.02971839908
2021-07-02,93627.00018310547,93560.99981689453,38,7598.999816894531,33.00018310546875,116749.02953529361
2021-07-06,108448.0,108448.0,36,14854.000000000002,0.0,131603.0295352936
2021-07-07,111519.0,111519.0,36,3070.999999999998,0.0,134674.0295352936
2021-07-08,112481.0,112481.0,36,962.0000000000023,0.0,135636.0295352936
2021-07-09,109359.0,109359.0,36,-3122.0000000000014,0.0,132514.0295352936
2021-07-12,109697.0,109697.0,36,337.9999999999996,0.0,132852.0295352936
2021-07-13,110620.0,103260.0,38,-2757.000000000002,3680.0,130095.02953529361
2021-07-14,114541.0,102481.0,40,1520.9999999999998,2300.0,131616.0295352936
2021-07-15,111822.0,95454.0,44,-9027.999999999998,2669.0,122588.02953529361
2021-07-16,107806.0,90268.0,44,-5186.000000000001,0.0,117402.02953529361
2021-07-19,126472.0,96512.0,48,-4115.999999999999,26610.0,113286.02953529361
2021-07-20,172596.0,117040.0,62,1878.0000000000025,50610.0,115164.02953529361
2021-07-21,171595.0,117613.0,64,1380.999999999999,1754.0,116545.02953529361
2021-07-22,241777.0,153283.0,66,7066.0,63560.0,123611.02953529361
2021-07-23,269385.0010986328,170862.9989013672,68,10079.998901367191,13473.001098632812,133691.0284366608
2021-07-26,275786.0,184754.0,64,7102.999999999996,45307.0,140794.0284366608
2021-07-27,219187.0,141311.0,62,-141.99999999999932,7281.0,140652.0284366608
2021-07-28,220471.0,132643.0,60,-7555.999999999996,35795.0,133096.0284366608
2021-07-29,182964.0,99848.0,58,3000.0,0.0,136096.0284366608
2021-07-30,199410.00091552734,86711.99908447266,58,-13136.00091552734,54090.000915527344,122960.02752113345
2021-08-02,143280.0,138102.0,44,-2700.0000000000027,5069.0,120260.02752113345
2021-08-03,138041.0,133587.0,40,553.9999999999951,0.0,120814.02752113345
2021-08-04,138917.0,133145.0,40,-441.9999999999988,0.0,120372.02752113345
2021-08-05,138428.0,131192.0,46,-1199.000000000003,1812.0,119173.02752113345
2021-08-06,136179.0005493164,129382.9994506836,46,-1809.0005493164024,2124.0005493164062,117364.02697181705
2021-08-09,134044.0,131712.0,42,205.0000000000008,0.0,117569.02697181705
2021-08-10,132377.0,130043.0,42,-1668.9999999999982,0.0,115900.02697181705
2021-08-11,137557.0,132349.0,48,575.9999999999995,5904.0,116476.02697181705
2021-08-12,140824.0,133930.0,48,1615.0000000000034,2770.0,118091.02697181705
2021-08-13,140276.99941253662,134865.00058746338,48,935.0005874633707,465.999412536621,119026.02755928041
2021-08-16,139139.0,134859.0,44,-471.99999999999704,0.0,118554.02755928041
2021-08-17,141594.0,135838.0,46,1884.0000000000023,1515.0,120438.02755928041
2021-08-18,140605.0,134717.0,44,-511.00000000000296,877.0,119927.02755928041
2021-08-19,145626.0,140884.0,44,5334.000000000002,1710.0,125261.02755928041
2021-08-20,146032.0004119873,140295.9995880127,44,-588.0004119873058,1918.0004119873047,124673.0271472931
2021-08-23,143422.0,141482.0,38,-732.0000000000007,4384.0,123941.0271472931
2021-08-24,139394.0,135378.0,36,-1720.0,0.0,122221.0271472931
2021-08-25,139937.0,136275.0,36,897.0000000000036,0.0,123118.0271472931
2021-08-26,145995.0,138829.0,40,-1696.0000000000045,8130.0,121422.0271472931
2021-08-27,148211.9997253418,140526.0002746582,40,1697.0002746582034,1462.9997253417969,123119.02742195131
2021-08-30,146122.0,141942.0,38,-47.000000000001705,0.0,123072.02742195131
2021-08-31,142789.0,139029.0,38,-2912.9999999999964,0.0,120159.02742195131
2021-09-01,144305.0,140765.0,38,1735.9999999999957,2730.0,121895.02742195131
2021-09-02,137960.0,134760.0,36,-3274.9999999999995,0.0,118620.02742195131
2021-09-03,135961.00155639648,134424.99844360352,36,-335.0015563964804,768.0015563964844,118285.02586555482
2021-09-07,139251.0,138201.0,38,2488.000000000001,1570.0,120773.02586555482
2021-09-08,140993.0,139911.0,40,-1106.0000000000027,2816.0,119667.02586555482
2021-09-09,138795.0,137733.0,40,-2178.0,0.0,117489.02586555482
2021-09-10,137630.0,136596.0,42,-3802.000000000002,3296.0,113687.02586555482
2021-09-13,135252.0,134204.0,40,-1760.9999999999939,0.0,111926.02586555482
2021-09-14,146328.0,140428.0,44,898.9999999999957,10415.0,112825.02586555482
2021-09-15,149713.0,142591.0,44,2163.000000000005,0.0,114988.02586555482
2021-09-16,149417.0,142291.0,46,-785.0000000000059,485.0,114203.02586555482
2021-09-17,144024.00006103516,137151.99993896484,46,-5139.00006103515,361.00006103515625,109064.02580451967
2021-09-20,146945.0,139705.0,44,2191.9999999999945,11760.0,111256.02580451967
2021-09-21,134120.0,128104.0,46,-582.9999999999969,1798.0,110673.02580451967
2021-09-22,132220.0,125580.0,46,-2523.9999999999986,0.0,108149.02580451967
2021-09-23,130735.0,125287.0,46,-292.9999999999991,0.0,107856.02580451967
2021-09-24,132407.99780273438,125850.00219726562,46,563.0021972656228,2728.997802734375,108419.0280017853
2021-09-27,129771.0,128527.0,44,-52.00000000000409,675.0,108367.0280017853
2021-09-28,127801.0,126769.0,42,-1082.9999999999986,0.0,107284.0280017853
2021-09-29,126602.0,126136.0,42,-633.000000000002,0.0,106651.0280017853
2021-09-30,127300.0,126986.0,42,850.000000000002,0.0,107501.0280017853
2021-10-01,129430.99978637695,129233.00021362305,42,2247.0002136230505,98.99978637695312,109748.02821540834
2021-10-04,136791.0,136791.0,40,7458.9999999999945,0.0,117207.02821540834
2021-10-05,135397.0,135397.0,40,-1394.0000000000025,0.0,115813.02821540834
2021-10-06,135025.0,135025.0,40,-371.9999999999975,0.0,115441.02821540834
2021-10-07,131128.0,131128.0,40,-3896.999999999998,0.0,111544.02821540834
2021-10-08,130621.0,130621.0,40,-507.0000000000024,0.0,111037.02821540834
2021-10-11,131020.0,131020.0,40,399.0000000000032,0.0,111436.02821540834
2021-10-12,132234.0,124044.0,42,-2881.0000000000023,4095.0,108555.02821540834
2021-10-13,165743.0,139873.0,50,-3436.0000000000036,36615.0,105119.02821540834
2021-10-14,179779.0,150261.0,56,-222.99999999999744,11179.0,104896.02821540834
2021-10-15,173823.0,142849.0,56,-7411.999999999996,0.0,97484.02821540834
2021-10-18,188850.0,155318.0,58,4028.9999999999973,17732.0,101513.02821540834
2021-10-19,231917.0,169799.0,68,-1517.0000000000023,83775.0,99996.02821540834
2021-10-20,190610.0,137394.0,64,-1500.0000000000002,415.0,98496.02821540834
2021-10-21,256182.0,162388.0,70,-3114.000000000002,56637.0,95382.02821540834
2021-10-22,269294.9902038574,155829.00979614258,70,-6558.990203857419,20596.990203857422,88823.03801155092
2021-10-25,256357.0,185283.0,62,8856.999999999996,33880.0,97680.03801155092
2021-10-26,214693.0,151443.0,58,741.0000000000077,701.0,98421.03801155093
2021-10-27,207272.0,164728.0,62,12217.0,29207.0,110638.03801155093
2021-10-28,191204.0,145476.0,64,4756.999999999995,5356.0,115395.03801155093
2021-10-29,186249.99856567383,157334.00143432617,64,11858.001434326177,11553.998565673828,127253.0394458771
2021-11-01,178593.0,172865.0,54,3976.999999999998,3065.0,131230.0394458771
2021-11-02,177922.0,171424.0,56,1279.000000000001,1789.0,132509.0394458771
2021-11-03,183272.0,176290.0,54,5816.000000000001,2461.0,138325.0394458771
2021-11-04,194956.0,184608.0,52,10779.0,0.0,149104.0394458771
2021-11-05,199322.99981689453,185117.00018310547,52,509.000183105466,6841.999816894531,149613.03962898257
2021-11-08,187957.0,186643.0,48,-4970.999999999998,748.0,144642.03962898257
2021-11-09,181652.0,180610.0,46,-5630.0,0.0,139012.03962898257
2021-11-10,180081.0,173205.0,52,-10635.0,8870.0,128377.03962898257
2021-11-11,188816.0,177602.0,60,446.99999999999756,7940.0,128824.03962898257
2021-11-12,192189.0000076294,181528.9999923706,60,3926.99999237061,217.00000762939453,132751.03962135318
2021-11-15,190172.0,180862.0,58,-884.0000000000034,0.0,131867.03962135318
2021-11-16,193665.0,184703.0,58,3841.0,10919.0,135708.03962135318
2021-11-17,185403.0,176105.0,54,2320.999999999999,4893.0,138029.03962135318
2021-11-18,197576.0,182906.0,50,11694.000000000005,0.0,149723.03962135318
2021-11-19,198786.0009765625,181933.9990234375,50,-972.0009765625034,8426.0009765625,148751.03864479068
2021-11-22,178262.0,178262.0,40,-12097.999999999995,0.0,136653.03864479068
2021-11-23,178123.0,178123.0,40,-139.00000000000705,0.0,136514.03864479068
2021-11-24,177858.0,177858.0,40,-265.0000000000023,1340.0,136249.03864479068
2021-11-26,176518.0,176518.0,38,0.0,0.0,136249.03864479068
2021-11-29,177721.0,177721.0,38,1203.0,0.0,137452.03864479068
2021-11-30,178290.0,178290.0,38,569.0000000000045,0.0,138021.03864479068
2021-12-01,175609.0,175609.0,38,-2681.000000000001,0.0,135340.03864479068
2021-12-02,182847.0,178039.0,46,-4306.000000000003,11544.0,131034.03864479068
2021-12-03,186073.0,178731.0,46,692.0000000000002,0.0,131726.03864479068
2021-12-06,175471.0,168485.0,46,-10245.999999999996,0.0,121480.03864479068
2021-12-07,179294.0,169204.0,46,718.9999999999995,0.0,122199.03864479068
2021-12-08,179233.0,169711.0,46,506.9999999999943,9995.0,122706.03864479068
2021-12-09,160351.0,151603.0,42,-8112.9999999999945,0.0,114593.03864479068
2021-12-10,162353.99899291992,143492.00100708008,42,-8110.998992919922,9430.998992919922,106482.03965187076
2021-12-13,146872.0,146872.0,38,-6051.000000000004,0.0,100431.03965187076
2021-12-14,146060.0,146060.0,38,-811.9999999999984,0.0,99619.03965187076
2021-12-15,152446.0,152446.0,38,6386.000000000004,3920.0,106005.03965187076
2021-12-16,147558.0,147558.0,42,-4844.000000000002,3876.0,101161.03965187076
2021-12-17,143453.0,143453.0,42,-4104.999999999998,1497.0,97056.03965187076
2021-12-20,141779.0,141779.0,40,-176.99999999999886,0.0,96879.03965187076
2021-12-21,137700.0,137700.0,40,-4079.0000000000027,0.0,92800.03965187076
2021-12-22,142772.0,142772.0,40,5072.0,0.0,97872.03965187076
2021-12-23,146777.0,146777.0,40,4004.999999999998,0.0,101877.03965187076
2021-12-27,151700.0,151700.0,40,4923.000000000004,0.0,106800.03965187076
2021-12-28,147747.0,147747.0,40,-3953.000000000004,0.0,102847.03965187076
2021-12-29,146015.0,146015.0,40,-1731.9999999999968,0.0,101115.03965187076
2021-12-30,138452.0,138452.0,40,-7563.000000000003,0.0,93552.03965187076
2021-12-31,135062.0,135062.0,40,-3389.999999999998,0.0,90162.03965187076
2022-01-03,147566.0,147566.0,40,12503.999999999996,0.0,102666.03965187076
2022-01-04,141961.0,141961.0,40,-5604.999999999995,0.0,97061.03965187076
2022-01-05,138957.0,138957.0,40,-3004.0000000000045,0.0,94057.03965187076
2022-01-06,135478.0,135478.0,40,-3478.999999999998,0.0,90578.03965187076
2022-01-07,130255.0,130255.0,40,-5223.000000000001,0.0,85355.03965187076
2022-01-10,133004.0,133004.0,40,2749.000000000001,0.0,88104.03965187076
2022-01-11,127383.0,127383.0,40,-5620.999999999998,0.0,82483.03965187076
2022-01-12,132092.0,123852.0,42,588.9999999999991,4120.0,83072.03965187076
2022-01-13,136621.0,118761.0,44,-1260.999999999999,3830.0,81811.03965187076
2022-01-14,135858.0,118378.0,44,-382.99999999999915,0.0,81428.03965187076
2022-01-18,157479.0,134479.0,50,4265.999999999999,20145.0,85694.03965187076
2022-01-19,190085.0,146959.0,56,-1352.000000000005,50643.0,84342.03965187076
2022-01-20,188611.0,144957.0,58,6778.0,3615.0,91120.03965187076
2022-01-21,225823.001953125,160818.998046875,58,15861.998046874996,18277.001953125,106982.03769874576
2022-01-24,206748.0,176428.0,54,-2668.000000000001,2590.0,104314.03769874576
2022-01-25,285613.0,215655.0,60,17382.000000000004,82409.0,121696.03769874576
2022-01-26,264798.0,191780.0,60,-6776.000000000004,6500.0,114920.03769874576
2022-01-27,331823.0,212163.0,62,-5281.999999999997,63750.0,109638.03769874576
2022-01-28,312217.0005950928,191304.99940490723,62,-20858.000595092773,17451.000595092773,88780.03710365298
2022-01-31,282260.0,180588.0,56,-27297.999999999996,24705.0,61482.03710365298
2022-02-01,259023.0,146973.0,52,-9780.000000000004,4679.0,51702.03710365298
2022-02-02,294909.0,139883.0,50,-2410.9999999999955,40770.0,49291.03710365299
2022-02-03,239191.0,108649.0,48,9535.999999999996,0.0,58827.03710365298
2022-02-04,254064.99020385742,102341.00979614258,48,-6307.990203857415,76534.99020385742,52519.04689979557
2022-02-07,172418.0,169668.0,36,-5482.000000000007,0.0,47037.04689979556
2022-02-08,177996.0,172190.0,40,537.0000000000084,5265.0,47574.04689979557
2022-02-09,186555.0,173953.0,50,-3499.9999999999986,12607.0,44074.04689979557
2022-02-10,183993.0,170807.0,54,-3356.000000000007,570.0,40718.04689979556
2022-02-11,182924.00030517578,167349.99969482422,54,-3457.0003051757794,180.00030517578125,37261.04659461978
2022-02-14,182968.0,168570.0,52,1039.9999999999982,1560.0,38301.04659461978
2022-02-15,174623.0,162117.0,50,-4893.000000000002,5108.0,33408.04659461978
2022-02-16,172176.0,158876.0,44,1867.000000000005,1091.0,35275.04659461979
2022-02-17,171218.0,156650.0,46,-3135.000000000007,4030.0,32140.04659461978
2022-02-18,168021.99844360352,152666.00155639648,46,-3983.998443603514,6531.998443603516,28156.048151016264
2022-02-22,168941.0,161719.0,42,-310.99999999999955,7182.0,27845.048151016264
2022-02-23,169169.0,161201.0,42,-518.0000000000039,6023.0,27327.04815101626
2022-02-24,166417.0,151331.0,42,-306.999999999997,3540.0,27020.048151016264
2022-02-25,167358.99975585938,151287.00024414062,42,-43.999755859374034,1705.999755859375,26976.04839515689
2022-02-28,165884.0,152964.0,40,-28.999999999995765,0.0,26947.048395156893
2022-03-01,165411.0,156461.0,40,3496.9999999999955,0.0,30444.04839515689
2022-03-02,160985.0,152499.0,40,-3961.9999999999973,5650.0,26482.048395156893
2022-03-03,156493.0,146175.0,42,-1260.0000000000027,1884.0,25222.04839515689
2022-03-04,157205.99877929688,148336.00122070312,42,2161.001220703126,3704.998779296875,27383.049615860014
2022-03-07,175964.0,174326.0,40,2075.0,20210.0,29458.049615860014
2022-03-08,172121.0,170421.0,40,-3905.0,0.0,25553.049615860014
2022-03-09,162146.0,160698.0,40,-9722.999999999998,1422.0,15830.049615860016
2022-03-10,166383.0,164957.0,38,5680.999999999999,0.0,21511.049615860014
2022-03-11,171022.00003051758,170585.99996948242,38,5628.99996948242,218.00003051757807,27140.049585342436
2022-03-14,176636.0,175206.0,40,3782.000000000001,2050.0,30922.049585342436
2022-03-15,180004.0,171902.0,44,-7704.000000000002,10990.0,23218.049585342436
2022-03-16,174316.0,162420.0,44,-9481.999999999998,0.0,13736.049585342438
2022-03-17,171828.0,160826.0,46,-3684.000000000002,2090.0,10052.049585342436
2022-03-18,173467.0,160443.0,46,-382.9999999999975,0.0,9669.049585342438
2022-03-21,172286.0,160322.0,46,-121.00000000000026,0.0,9548.049585342438
2022-03-22,185234.0,168412.0,50,7154.999999999997,2335.0,16703.049585342436
2022-03-23,177789.0,168717.0,50,304.9999999999996,0.0,17008.049585342436
2022-03-24,179321.0,171097.0,50,2380.0000000000045,0.0,19388.04958534244
2022-03-25,179302.99967956543,171677.00032043457,50,580.0003204345717,3085.99967956543,19968.04990577701
2022-03-28,184075.0,182655.0,46,7892.000000000002,0.0,27860.049905777014
2022-03-29,182284.0,180958.0,46,-1697.0000000000002,0.0,26163.049905777014
2022-03-30,176948.0,176346.0,46,-4612.000000000005,0.0,21551.04990577701
2022-03-31,167560.0,167034.0,46,-9312.0,0.0,12239.04990577701
2022-04-01,170313.99996948242,169550.00003051758,46,2516.0000305175768,381.9999694824218,14755.049936294587
2022-04-04,182096.0,182096.0,44,12164.000000000004,0.0,26919.049936294592
2022-04-05,171022.0,171022.0,44,-11074.000000000004,0.0,15845.049936294588
2022-04-06,161647.0,161647.0,44,-9375.0,0.0,6470.049936294588
2022-04-07,160462.0,160462.0,44,-1184.9999999999968,0.0,5285.049936294592
2022-04-08,153383.0,153383.0,44,-7078.999999999995,0.0,-1793.9500637054034
2022-04-11,148664.0,148664.0,44,-4719.000000000005,0.0,-6512.950063705408
2022-04-12,151423.0,144433.0,46,-736.0000000000025,3495.0,-7248.950063705411
2022-04-13,185402.0,161552.0,50,-1615.9999999999995,35345.0,-8864.95006370541
2022-04-14,179462.0,157952.0,50,-3599.9999999999973,0.0,-12464.950063705408
2022-04-18,178049.0,157569.0,50,-382.9999999999992,18577.0,-12847.950063705408
2022-04-19,170737.0,146727.0,52,5145.0,31920.0,-7702.950063705408
2022-04-20,151977.0,101279.0,52,-16998.999999999996,2009.0,-24701.950063705404
2022-04-21,150180.0,104756.0,58,2116.9999999999986,3700.0,-22584.950063705404
2022-04-22,151356.9987335205,113077.00126647949,58,8321.00126647949,12952.998733520506,-14263.948797225914
2022-04-25,133952.0,123300.0,54,-2729.9999999999977,26865.0,-16993.948797225912
2022-04-26,118787.0,99511.0,56,3585.9999999999995,10573.0,-13407.948797225912
2022-04-27,108502.0,92966.0,52,-1011.9999999999999,31005.0,-14419.948797225912
2022-04-28,88677.0,73303.0,48,-3112.0000000000005,14454.0,-17531.948797225912
2022-04-29,92225.00120544434,76812.99879455566,48,3509.9987945556636,5086.001205444336,-14021.950002670248
2022-05-02,84198.0,78584.0,42,-3512.000000000001,4868.0,-17533.950002670248
2022-05-03,78945.0,72909.0,38,-1329.9999999999993,0.0,-18863.950002670248
2022-05-04,75054.0,70394.0,38,-2514.9999999999977,0.0,-21378.950002670244
2022-05-05,80417.0,75557.0,38,5162.999999999998,0.0,-16215.950002670246
2022-05-06,83502.0,77194.0,38,1636.9999999999998,3405.999999999999,-14578.950002670246
2022-05-09,88385.0,87651.0,32,7963.000000000003,0.0,-6615.9500026702435
2022-05-10,85246.0,84482.0,32,-3169.0000000000023,0.0,-9784.950002670246
2022-05-11,93330.0,91798.0,34,7644.999999999998,329.0,-2139.950002670248
2022-05-12,94174.0,90976.0,36,68.00000000000313,890.0,-2071.950002670245
2022-05-13,85301.99998474121,81944.00001525879,36,-9031.999984741215,265.99998474121094,-11103.949987411459
2022-05-16,92212.0,86510.0,38,2465.0000000000014,5155.0,-8638.949987411457
2022-05-17,88886.0,81856.0,40,-7023.999999999995,5612.0,-15662.949987411452
2022-05-18,101323.0,90993.0,40,9519.0,6950.0,-6143.949987411452
2022-05-19,103933.0,85695.0,44,-1693.000000000002,3605.0,-7836.949987411454
2022-05-20,107171.00004577637,89404.99995422363,46,4454.999954223632,5297.000045776367,-3381.9500331878216
2022-05-23,106815.0,90337.0,44,-3345.0000000000014,7625.0,-6726.950033187823
2022-05-24,111281.0,96365.0,44,6027.999999999999,10666.0,-698.9500331878235
2022-05-25,96854.0,81840.0,42,-3858.999999999996,9902.0,-4557.950033187819
2022-05-26,79311.0,69355.0,38,-2583.000000000002,1706.0,-7140.950033187821
2022-05-27,76534.00012207031,59733.99987792969,36,-7915.000122070313,7522.0001220703125,-15055.950155258135
2022-05-31,68829.0,66677.0,28,-578.9999999999993,0.0,-15634.950155258135
2022-06-01,69648.0,67792.0,28,1114.9999999999977,0.0,-14519.950155258137
2022-06-02,67594.0,65018.0,28,-2774.0,0.0,-17293.950155258135
2022-06-03,72743.00015258789,70562.99984741211,28,5544.999847412115,1090.0001525878906,-11748.95030784602
2022-06-06,71514.0,70472.0,30,-1700.0000000000055,1561.0,-13448.950307846026
2022-06-07,71153.0,70051.0,32,-906.9999999999986,486.0,-14355.950307846024
2022-06-08,70020.0,68800.0,32,-1250.999999999999,0.0,-15606.950307846022
2022-06-09,83120.0,75258.0,36,2098.0,10800.0,-13508.950307846022
2022-06-10,92226.0,81372.0,38,3153.9999999999986,4239.0,-10354.950307846024
2022-06-13,111175.0,96483.0,38,7290.000000000002,9100.0,-3064.950307846022
2022-06-14,107326.0,94058.0,38,-2424.9999999999977,0.0,-5489.95030784602
2022-06-15,99798.0,87476.0,38,-6582.000000000002,4420.0,-12071.950307846022
2022-06-16,111486.0,96386.0,40,7589.0,5741.0,-4482.950307846022
2022-06-17,107242.9990234375,91945.0009765625,40,-4440.999023437502,7648.9990234375,-8923.949331283524
2022-06-21,92936.0,92936.0,36,-6657.999999999999,0.0,-15581.949331283522
2022-06-22,97706.0,97706.0,38,-879.9999999999966,5650.0,-16461.94933128352
2022-06-23,98834.0,97892.0,42,-623.0000000000025,1751.0,-17084.949331283522
2022-06-24,92127.0,91031.0,42,-6860.999999999998,0.0,-23945.94933128352
2022-06-27,92570.0,91496.0,42,464.99999999999596,0.0,-23480.949331283522
2022-06-28,98353.0,97395.0,42,5899.0000000000055,0.0,-17581.94933128352
2022-06-29,99838.0,98948.0,42,1552.999999999996,2387.0,-16028.949331283522
2022-06-30,99551.0,98697.0,40,2135.999999999998,0.0,-13892.949331283524
2022-07-01,98593.99984741211,98324.00015258789,40,-372.9998474121047,134.99984741210938,-14265.949178695628
2022-07-05,95218.0,95218.0,38,-3241.0000000000005,0.0,-17506.949178695628
2022-07-06,93569.0,93569.0,38,-1648.9999999999998,0.0,-19155.949178695628
2022-07-07,86767.0,86767.0,38,-6802.000000000002,0.0,-25957.949178695628
2022-07-08,84553.0,84553.0,38,-2213.999999999998,0.0,-28171.949178695628
2022-07-11,90499.0,90499.0,38,5945.999999999996,0.0,-22225.94917869563
2022-07-12,99120.0,94050.0,42,1340.9999999999993,7280.0,-20884.94917869563
2022-07-13,110553.0,98253.0,46,-1466.999999999996,12670.0,-22351.949178695628
2022-07-14,111171.0,98881.0,48,-1272.0000000000032,1900.0,-23623.94917869563
2022-07-15,107042.0,93162.0,48,-5718.999999999998,0.0,-29342.949178695628
2022-07-18,107585.0,93705.0,48,542.9999999999974,14757.0,-28799.94917869563
2022-07-19,99663.0,76523.0,54,-6340.000000000001,34433.0,-35139.949178695635
2022-07-20,81635.0,48731.0,58,-2518.9999999999995,7885.0,-37658.949178695635
2022-07-21,94637.0,50515.0,70,-1566.9999999999986,7279.0,-39225.949178695635
2022-07-22,91825.00160217285,50098.99839782715,70,-416.0016021728537,12970.001602172852,-39641.95078086849
2022-07-25,78882.0,63180.0,66,111.00000000000009,3093.0,-39530.95078086849
2022-07-26,80779.0,58659.0,70,-1602.999999999999,5810.0,-41133.95078086849
2022-07-27,74845.0,57977.0,68,1113.0000000000005,1863.0,-40020.95078086849
2022-07-28,80124.0,59138.0,72,-661.0000000000015,7085.0,-40681.95078086849
2022-07-29,81505.9976348877,57008.002365112305,72,-2129.9976348876926,7404.997634887695,-42811.94841575618
2022-08-01,75787.0,65745.0,62,1159.999999999998,6212.0,-41651.94841575618
2022-08-02,69853.0,58617.0,58,-1372.0000000000005,0.0,-43023.94841575618
2022-08-03,70268.0,60776.0,58,2159.000000000001,2551.0,-40864.94841575618
2022-08-04,70093.0,59491.0,54,1265.9999999999995,0.0,-39598.94841575618
2022-08-05,66776.00006103516,57269.999938964844,54,-2221.0000610351567,4725.000061035156,-41819.94847679134
2022-08-08,63581.0,63443.0,46,-1159.0000000000002,2935.0,-42978.94847679134
2022-08-09,59674.0,59494.0,46,-3948.999999999998,0.0,-46927.94847679134
2022-08-10,63329.0,62657.0,48,3443.9999999999995,281.0,-43483.94847679134
2022-08-11,63280.0,61296.0,50,-722.9999999999999,638.0,-44206.94847679134
2022-08-12,66329.00001525879,64154.99998474121,50,2858.9999847412087,9.000015258789059,-41347.94849205013
2022-08-15,71518.0,66404.0,52,265.0000000000014,5125.0,-41082.94849205013
2022-08-16,71199.0,66047.0,54,-2647.0,2523.0,-43729.94849205013
2022-08-17,74054.0,65740.0,56,-2438.999999999998,5659.0,-46168.94849205013
2022-08-18,75750.0,67248.0,56,82.00000000000027,1920.0,-46086.94849205013
2022-08-19,71582.00035095215,64019.99964904785,56,-3228.0003509521493,2357.0003509521484,-49314.948843002276
2022-08-22,66352.0,58752.0,50,-3725.0000000000005,0.0,-53039.948843002276
2022-08-23,67843.0,57871.0,50,-880.9999999999991,1940.0,-53920.948843002276
2022-08-24,65345.0,55925.0,48,-5.99999999999946,0.0,-53926.948843002276
2022-08-25,76232.0,63354.0,52,2018.9999999999995,10950.0,-51907.948843002276
2022-08-26,78601.99940490723,59964.00059509277,52,-3389.999404907227,7400.999404907227,-55297.9482479095
2022-08-29,71820.0,63690.0,46,-70.99999999999955,0.0,-55368.9482479095
2022-08-30,72010.0,62620.0,46,-1070.0000000000005,0.0,-56438.9482479095
2022-08-31,72904.0,62324.0,46,-295.9999999999983,5220.0,-56734.9482479095
2022-09-01,69338.0,57228.0,44,123.99999999999929,0.0,-56610.9482479095
2022-09-02,67858.00064086914,57901.99935913086,44,673.9993591308589,4978.000640869141,-55936.94888877864
2022-09-06,64228.0,63142.0,46,-310.00000000000034,1658.0,-56246.94888877864
2022-09-07,62309.0,61303.0,48,-2298.999999999999,460.0,-58545.94888877864
2022-09-08,70469.0,64145.0,52,-1253.0000000000007,9415.0,-59798.94888877864
2022-09-09,68902.0,62276.0,52,-1868.9999999999998,483.0,-61667.94888877864
2022-09-12,69202.0,62372.0,50,578.9999999999995,0.0,-61088.94888877864
2022-09-13,72069.0,66499.0,50,4127.000000000001,0.0,-56961.94888877864
2022-09-14,71154.0,65826.0,50,-673.0000000000009,5843.0,-57634.94888877864
2022-09-15,73630.0,58288.0,48,-1694.9999999999995,0.0,-59329.94888877864
2022-09-16,75546.99981689453,58213.00018310547,48,-74.99981689453216,8666.999816894531,-59404.948705673174
2022-09-19,65776.0,65776.0,44,-1104.0000000000014,0.0,-60508.948705673174
2022-09-20,67897.0,67897.0,44,2121.0000000000027,0.0,-58387.948705673174
2022-09-21,68432.0,68432.0,44,534.9999999999989,0.0,-57852.948705673174
2022-09-22,70498.0,69696.0,48,525.0000000000015,1541.0,-57327.948705673174
2022-09-23,72183.0,71383.0,48,1686.9999999999973,0.0,-55640.948705673174
2022-09-26,74115.0,73359.0,48,1976.0000000000025,0.0,-53664.948705673174
2022-09-27,74163.0,73453.0,48,93.99999999999912,0.0,-53570.948705673174
2022-09-28,72335.0,71673.0,48,-1779.999999999999,641.0,-55350.948705673174
2022-09-29,75790.0,75178.0,46,4146.0,0.0,-51204.948705673174
2022-09-30,76891.99984741211,76872.00015258789,46,1694.000152587891,9.99984741210937,-49510.94855308528
2022-10-03,70924.0,70924.0,44,-5958.0,0.0,-55468.94855308528
2022-10-04,65060.0,65060.0,44,-5863.999999999999,0.0,-61332.94855308528
2022-10-05,64041.0,64041.0,44,-1019.0000000000006,0.0,-62351.94855308528
2022-10-06,65243.0,65243.0,44,1201.9999999999993,0.0,-61149.94855308528
2022-10-07,70927.0,70927.0,44,5683.999999999999,0.0,-55465.94855308528
2022-10-10,75740.0,75740.0,44,4812.999999999998,0.0,-50652.94855308528
2022-10-11,87652.0,81272.0,48,2667.0000000000027,9245.0,-47985.94855308528
2022-10-12,100939.0,82479.0,54,361.99999999999875,12405.0,-47623.94855308528
2022-10-13,96862.0,78592.0,54,-3886.999999999998,0.0,-51510.94855308528
2022-10-14,103416.0,85176.0,54,6583.999999999999,0.0,-44926.94855308528
2022-10-17,98442.0,80872.0,54,-4304.0,7022.0,-49230.94855308528
2022-10-18,96955.0,76145.0,60,-1235.0000000000007,12815.0,-50465.94855308528
2022-10-19,101529.0,71363.0,62,-1737.0,5380.0,-52202.94855308528
2022-10-20,107118.0,72728.0,72,-1540.999999999998,6864.0,-53743.94855308528
2022-10-21,108030.00158691406,66555.99841308594,72,-6172.001586914064,14736.001586914062,-59915.950139999346
2022-10-24,91768.0,79482.0,66,-1810.0000000000014,3614.0,-61725.950139999346
2022-10-25,87379.0,71297.0,66,-2763.000000000001,6697.0,-64488.950139999346
2022-10-26,82320.0,66212.0,66,789.0000000000008,4985.0,-63699.950139999346
2022-10-27,87470.0,61828.0,64,-2413.999999999999,4210.0,-66113.95013999935
2022-10-28,82082.00085449219,60161.99914550781,64,-1666.000854492188,7004.0008544921875,-67779.95099449153
2022-10-31,75678.0,67250.0,56,-56.9999999999982,4411.0,-67836.95099449153
2022-11-01,71551.0,63439.0,52,244.99999999999835,3267.0,-67591.95099449153
2022-11-02,71321.0,61141.0,50,969.0000000000011,2139.0,-66622.95099449153
2022-11-03,72981.0,60959.0,48,1956.9999999999993,0.0,-64665.95099449153
2022-11-04,65979.99913024902,57604.00086975098,48,-3354.9991302490225,4257.999130249023,-68020.95012474056
2022-11-07,58617.0,58201.0,38,-3219.0,0.0,-71239.95012474056
2022-11-08,58712.0,58336.0,38,134.99999999999935,0.0,-71104.95012474056
2022-11-09,70652.0,66882.0,46,3356.999999999999,8541.0,-67747.95012474056
2022-11-10,65378.0,57534.0,52,-9923.0,3325.0,-77670.95012474056
2022-11-11,64331.00001525879,55362.99998474121,52,-2171.0000152587886,59.00001525878906,-79841.95013999935
2022-11-14,75758.0,65102.0,62,1291.0000000000002,10839.0,-78550.95013999935
2022-11-15,76483.0,63929.0,62,-1172.9999999999995,2306.0,-79723.95013999935
2022-11-16,72561.0,61901.0,58,277.9999999999999,2727.0,-79445.95013999935
2022-11-17,69342.0,59108.0,54,-66.00000000000028,0.0,-79511.95013999935
2022-11-18,67081.00112915039,59098.99887084961,54,-9.00112915039066,6152.001129150391,-79520.95126914974
2022-11-21,64416.0,60276.0,48,151.99999999999994,3505.0,-79368.95126914974
2022-11-22,62185.0,58791.0,48,-1484.9999999999995,0.0,-80853.95126914974
2022-11-23,61091.0,57539.0,48,-1252.0000000000007,0.0,-82105.95126914974
2022-11-25,60272.99984741211,56629.00015258789,48,-909.9998474121091,959.9998474121094,-83015.95111656185
2022-11-28,58887.0,57781.0,46,191.99999999999966,0.0,-82823.95111656185
2022-11-29,59498.0,57746.0,46,-34.999999999999176,0.0,-82858.95111656185
2022-11-30,60898.0,58402.0,46,655.9999999999993,0.0,-82202.95111656185
2022-12-01,64389.0,56423.0,48,620.9999999999998,2600.0,-81581.95111656185
2022-12-02,63988.99963378906,55841.00036621094,48,-581.9996337890617,1633.9996337890625,-82163.95075035091
2022-12-05,64849.0,58343.0,50,310.9999999999983,1743.0,-81852.95075035091
2022-12-06,65211.0,57919.0,50,-423.9999999999991,0.0,-82276.95075035091
2022-12-07,66751.0,58591.0,50,672.0000000000014,3930.0,-81604.95075035091
2022-12-08,71608.0,59108.0,52,1411.9999999999995,8785.0,-80192.95075035091
2022-12-09,69175.99987792969,60960.00012207031,52,1852.0001220703118,1286.9998779296875,-78340.9506282806
2022-12-12,67680.0,60402.0,48,-326.9999999999994,0.0,-78667.9506282806
2022-12-13,67241.0,61131.0,48,728.9999999999999,0.0,-77938.9506282806
2022-12-14,67732.0,61550.0,54,-992.0000000000014,6119.0,-78930.9506282806
2022-12-15,59811.0,54347.0,52,-3256.9999999999995,0.0,-82187.9506282806
2022-12-16,76942.00067138672,74307.99932861328,54,1310.9993286132817,19546.00067138672,-80876.95129966731
2022-12-19,74546.0,73702.0,50,-1501.9999999999989,0.0,-82378.95129966731
2022-12-20,74889.0,73915.0,50,212.99999999999787,545.0,-82165.95129966731
2022-12-21,76325.0,75393.0,48,2023.0,0.0,-80142.95129966731
2022-12-22,75937.0,74735.0,48,-658.0000000000014,0.0,-80800.95129966731
2022-12-23,74292.99992370605,73333.00007629395,48,-1401.9999237060522,479.9999237060547,-82202.95122337337
2022-12-27,73419.0,73419.0,46,-393.9999999999999,0.0,-82596.95122337337
2022-12-28,79237.0,79237.0,48,-1262.000000000001,7080.0,-83858.95122337337
2022-12-29,79495.0,79495.0,48,258.0000000000005,0.0,-83600.95122337337
2022-12-30,79004.0,79004.0,48,-491.00000000000045,0.0,-84091.95122337337
2023-01-03,80919.0,80919.0,48,1915.000000000001,0.0,-82176.95122337337
2023-01-04,83964.0,83964.0,48,3044.9999999999995,0.0,-79131.95122337337
2023-01-05,84498.0,84498.0,48,534.000000000003,0.0,-78597.95122337337
2023-01-06,87451.0,87451.0,48,2952.9999999999955,0.0,-75644.95122337337
2023-01-09,88980.0,88980.0,48,1529.000000000004,0.0,-74115.95122337337
2023-01-10,91132.0,91132.0,48,2151.999999999999,0.0,-71963.95122337337
2023-01-11,90853.0,90853.0,48,-279.0000000000009,0.0,-72242.95122337337
2023-01-12,94240.0,86810.0,50,-327.9999999999989,3715.0,-72570.95122337337
2023-01-13,93817.0,87087.0,50,277.00000000000006,0.0,-72293.95122337337
2023-01-17,93007.0,84177.0,52,-1600.000000000004,1310.0,-73893.95122337337
2023-01-18,117867.0,98327.0,62,-1829.9999999999964,37828.0,-75723.95122337337
2023-01-19,103581.0,81605.0,62,-4946.000000000002,228.0,-80669.95122337337
2023-01-20,101729.0,86845.0,62,5240.000000000001,1250.0,-75429.95122337337
2023-01-23,108067.0,92833.0,60,4737.999999999998,1715.0,-70691.95122337337
2023-01-24,106234.0,89216.0,62,-211.99999999999415,36185.0,-70903.95122337337
2023-01-25,73266.0,53114.0,60,-96.99999999999896,2011.0,-71000.95122337337
2023-01-26,81976.0,51842.0,68,443.9999999999981,4895.0,-70556.95122337337
2023-01-27,81414.00120544434,53459.998794555664,68,1617.9987945556632,7411.001205444336,-68938.9524288177
2023-01-30,68804.0,55758.0,60,-5112.999999999999,3446.0,-74051.9524288177
2023-01-31,66164.0,53346.0,56,1034.0000000000002,2185.0,-73017.9524288177
2023-02-01,73359.0,59161.0,56,4624.999999999999,8090.0,-68392.9524288177
2023-02-02,76565.0,52169.0,48,-2277.0000000000005,0.0,-70669.9524288177
2023-02-03,70300.99993896484,52273.000061035156,48,104.00006103515591,9013.999938964844,-70565.95236778255
2023-02-06,62093.0,61889.0,40,-1259.0000000000011,2065.0,-71824.95236778255
2023-02-07,67020.0,64658.0,42,3849.000000000002,1080.0,-67975.95236778255
2023-02-08,65787.0,62707.0,44,-1658.000000000001,293.0,-69633.95236778255
2023-02-09,67363.0,62669.0,46,732.0000000000007,770.0,-68901.95236778255
2023-02-10,63489.0,58405.0,46,-4264.000000000001,170.0,-73165.95236778255
2023-02-13,65145.0,60685.0,44,2450.000000000002,1100.0,-70715.95236778255
2023-02-14,73181.0,68951.0,46,2400.9999999999995,7306.0,-68314.95236778255
2023-02-15,81487.0,71841.0,50,-1569.0000000000002,10229.0,-69883.95236778255
2023-02-16,77969.0,65989.0,52,-5628.000000000001,2725.0,-75511.95236778255
2023-02-17,74311.00088119507,64528.99911880493,52,-1460.0008811950686,1651.0008811950681,-76971.95324897762
2023-02-21,71783.0,62227.0,48,-5047.999999999999,9795.0,-82019.95324897762
2023-02-22,63766.0,54628.0,46,-929.0000000000005,2516.0,-82948.95324897762
2023-02-23,62916.0,51266.0,46,2024.0,2870.0,-80924.95324897762
2023-02-24,61213.9992980957,49992.0007019043,46,-1273.999298095703,3412.999298095703,-82198.95254707332
2023-02-27,57979.0,50779.0,40,428.00000000000153,0.0,-81770.95254707332
2023-02-28,57093.0,50777.0,40,-2.0000000000015916,0.0,-81772.95254707332
2023-03-01,56561.0,50039.0,40,-737.9999999999994,5150.0,-82510.95254707332
2023-03-02,52125.0,44355.0,42,-1273.9999999999998,1540.0,-83784.95254707332
2023-03-03,56494.001220703125,42859.998779296875,42,-1495.0012207031245,6195.001220703125,-85279.95376777645
2023-03-06,49423.0,48193.0,38,-861.9999999999999,0.0,-86141.95376777645
2023-03-07,48755.0,47687.0,38,-506.0000000000005,0.0,-86647.95376777645
2023-03-08,57695.0,52091.0,46,-753.9999999999995,10587.0,-87401.95376777645
2023-03-09,56639.0,50595.0,44,-586.9999999999999,0.0,-87988.95376777645
2023-03-10,57002.00003051758,51095.99996948242,44,500.9999694824215,93.00003051757812,-87487.95379829402
2023-03-13,61470.0,52970.0,46,566.0000000000007,3405.0,-86921.95379829402
2023-03-14,60823.0,53503.0,46,532.9999999999995,1970.0,-86388.95379829402
2023-03-15,60302.0,53202.0,44,1668.9999999999998,0.0,-84719.95379829402
2023-03-16,66966.0,62908.0,50,2693.0,7013.0,-82026.95379829402
2023-03-17,66958.00146484375,63239.99853515625,50,331.99853515624943,3136.00146484375,-81694.95526313777
2023-03-20,61953.0,59641.0,46,-2091.0000000000005,0.0,-83785.95526313777
2023-03-21,64861.0,61671.0,50,1355.0000000000005,1595.0,-82430.95526313777
2023-03-22,64490.0,60582.0,50,-1088.9999999999995,0.0,-83519.95526313777
2023-03-23,66479.0,62935.0,50,2353.000000000002,0.0,-81166.95526313777
2023-03-24,66072.00009155273,61955.999908447266,50,-979.0000915527359,1604.0000915527344,-82145.95535469051
2023-03-27,61812.0,61032.0,48,-2528.000000000001,730.0,-84673.95535469051
2023-03-28,58735.0,57971.0,46,-2330.999999999999,0.0,-87004.95535469051
2023-03-29,59979.0,59215.0,46,1243.9999999999995,0.0,-85760.95535469051
2023-03-30,61617.0,60971.0,46,1756.0000000000016,0.0,-84004.95535469051
2023-03-31,63199.00001525879,63130.99998474121,46,2159.9999847412105,34.00001525878906,-81844.9553699493
2023-04-03,61003.0,61003.0,44,-2161.9999999999995,0.0,-84006.9553699493
2023-04-04,60572.0,60572.0,44,-431.00000000000045,0.0,-84437.9553699493
2023-04-05,57350.0,57350.0,44,-3222.000000000001,0.0,-87659.9553699493
2023-04-06,57610.0,57610.0,44,259.99999999999886,0.0,-87399.9553699493
2023-04-10,56615.0,56615.0,44,-994.9999999999991,0.0,-88394.9553699493
2023-04-11,64327.0,58047.0,48,-2072.999999999999,9785.0,-90467.9553699493
2023-04-12,82667.0,65767.0,56,-1620.0000000000005,19810.0,-92087.9553699493
2023-04-13,84906.0,67706.0,56,1938.999999999999,0.0,-90148.9553699493
2023-04-14,82803.0,66973.0,56,-732.999999999998,0.0,-90881.9553699493
2023-04-17,79522.0,65102.0,56,-1871.0000000000007,2945.0,-92752.9553699493
2023-04-18,83247.0,64847.0,62,-559.9999999999989,14893.0,-93312.9553699493
2023-04-19,79041.0,58973.0,62,-401.00000000000074,6300.0,-93713.9553699493
2023-04-20,80502.0,58420.0,70,-533.0000000000001,3620.0,-94246.9553699493
2023-04-21,78867.00241088867,58854.99758911133,70,434.99758911132756,4247.002410888672,-93811.95778083797
2023-04-24,73486.0,61922.0,64,-1180.000000000001,5159.0,-94991.95778083797
2023-04-25,71728.0,57318.0,66,-761.9999999999986,9556.0,-95753.95778083797
2023-04-26,65502.0,52780.0,66,2980.999999999999,4361.0,-92772.95778083797
2023-04-27,65186.0,49548.0,64,-911.9999999999997,2679.0,-93684.95778083797
2023-04-28,63745.00043487549,51030.99956512451,64,1482.9995651245115,4169.000434875488,-92201.95821571346
2023-05-01,60591.0,55975.0,56,664.0000000000002,1855.0,-91537.95821571346
2023-05-02,62625.0,55841.0,58,41.00000000000023,5514.0,-91496.95821571346
2023-05-03,59099.0,52991.0,56,-960.9999999999999,2284.0,-92457.95821571346
2023-05-04,57207.0,50917.0,54,210.00000000000023,0.0,-92247.95821571346
2023-05-05,55568.00048828125,50285.99951171875,54,-631.0004882812513,1576.00048828125,-92878.95870399471
2023-05-08,55133.0,52547.0,46,911.0000000000015,1275.0,-91967.95870399471
2023-05-09,53155.0,50227.0,44,-1045.0000000000014,0.0,-93012.95870399471
2023-05-10,52670.0,50384.0,46,384.0000000000006,227.0,-92628.95870399471
2023-05-11,54936.0,49668.0,52,-1106.0000000000002,2980.0,-93734.95870399471
2023-05-12,55092.49984741211,48701.50015258789,52,-966.4998474121086,1622.4998474121094,-94701.45855140682
2023-05-15,54048.0,49234.0,50,-345.0000000000008,745.0,-95046.45855140682
2023-05-16,56437.0,51669.0,52,756.0000000000006,1917.0,-94290.45855140682
2023-05-17,66955.0,56867.0,56,1057.9999999999993,11497.0,-93232.45855140682
2023-05-18,72972.0,61328.0,54,4580.000000000002,2390.0,-88652.45855140682
2023-05-19,74006.99946594238,61897.00053405762,58,-305.9994659423825,5479.999465942383,-88958.4580173492
2023-05-22,81890.0,73698.0,52,-94.00000000000203,11050.0,-89052.4580173492
2023-05-23,79325.0,72911.0,52,-786.9999999999983,7772.0,-89839.4580173492
2023-05-24,72057.0,65325.0,52,-260.99999999999955,447.0,-90100.4580173492
2023-05-25,97609.0,71551.0,54,10225.999999999998,7035.0,-79874.4580173492
2023-05-26,118781.99880981445,78084.00119018555,52,9568.001190185549,9072.998809814453,-70306.45682716365
2023-05-30,109202.0,88470.0,48,1312.9999999999968,0.0,-68993.45682716365
2023-05-31,106308.0,84726.0,48,-3743.999999999999,23070.0,-72737.45682716365
2023-06-01,85806.0,66920.0,46,5264.000000000002,0.0,-67473.45682716365
2023-06-02,86245.99703979492,66938.00296020508,46,18.002960205076334,9653.997039794922,-67455.45386695857
2023-06-05,77180.0,75974.0,46,-1255.0000000000011,1843.0,-68710.45386695857
2023-06-06,76533.0,75153.0,46,-820.9999999999999,0.0,-69531.45386695857
2023-06-07,70623.0,69263.0,46,-5889.999999999999,0.0,-75421.45386695857
2023-06-08,85516.0,78122.0,50,5664.000000000002,9185.0,-69757.45386695857
2023-06-09,90525.0,81935.0,50,3812.999999999998,2472.0,-65944.45386695857
2023-06-12,98488.0,86164.0,48,6701.000000000003,0.0,-59243.453866958575
2023-06-13,102322.0,90324.0,48,4159.999999999996,0.0,-55083.453866958575
2023-06-14,106084.0,93200.0,48,2876.0000000000027,12800.0,-52207.453866958575
2023-06-15,99576.0,83716.0,48,1480.9999999999977,1835.0,-50726.453866958575
2023-06-16,94346.99917602539,79219.00082397461,48,-4496.999176025393,7563.999176025391,-55223.453042983965
2023-06-20,86877.0,86877.0,44,94.00000000000318,0.0,-55129.453042983965
2023-06-21,81859.0,80883.0,48,-6691.000000000003,1673.0,-61820.453042983965
2023-06-22,83499.0,82531.0,48,1648.000000000002,0.0,-60172.453042983965
2023-06-23,79850.0,78970.0,48,-3561.000000000001,0.0,-63733.453042983965
2023-06-26,74067.0,73169.0,48,-5800.999999999999,0.0,-69534.45304298397
2023-06-27,81565.0,80655.0,48,7486.000000000002,813.0,-62048.453042983965
2023-06-28,80256.0,79352.0,46,-490.0000000000007,0.0,-62538.453042983965
2023-06-29,78887.0,78641.0,46,-710.9999999999999,0.0,-63249.453042983965
2023-06-30,83862.99993896484,83485.00006103516,46,4844.000061035155,188.99993896484372,-58405.45298194881
2023-07-03,83674.0,83674.0,44,0.0,0.0,-58405.45298194881
2023-07-05,84911.0,84911.0,44,1237.0,0.0,-57168.45298194881
2023-07-06,81091.0,81091.0,44,-3820.0,0.0,-60988.45298194881
2023-07-07,80390.0,80390.0,44,-700.9999999999993,0.0,-61689.45298194881
2023-07-10,81184.0,81184.0,44,794.0000000000016,0.0,-60895.45298194881
2023-07-11,82002.0,82002.0,44,818.0,0.0,-60077.45298194881
2023-07-12,111034.0,91834.0,54,6011.999999999997,23020.0,-54065.45298194881
2023-07-13,121853.0,100453.0,54,8619.000000000002,0.0,-45446.45298194881
2023-07-14,120543.0,98963.0,54,-1490.0,0.0,-46936.45298194881
2023-07-17,125793.0,103633.0,54,4669.999999999998,0.0,-42266.45298194881
2023-07-18,142100.0,112078.0,62,5125.000000000001,44207.0,-37141.45298194881
2023-07-19,112706.0,80696.0,60,649.9999999999977,9415.0,-36491.45298194881
2023-07-20,101693.0,73423.0,64,-8199.0,1464.0,-44690.45298194881
2023-07-21,98176.00256347656,72139.99743652344,64,-1283.002563476562,5412.0025634765625,-45973.45554542537
2023-07-24,93246.0,78724.0,58,1172.0000000000007,7248.0,-44801.45554542537
2023-07-25,91505.0,75207.0,58,2381.0000000000027,10956.0,-42420.45554542537
2023-07-26,82084.0,65658.0,58,-1158.0000000000005,1302.0,-43578.45554542537
2023-07-27,88298.0,67582.0,68,2253.9999999999995,7733.0,-41324.45554542537
2023-07-28,91457.001953125,72832.998046875,68,5250.998046875,3902.001953125,-36073.45749855037
2023-07-31,91160.0,79524.0,64,2473.0,5142.0,-33600.45749855037
2023-08-01,86695.0,74807.0,60,-578.9999999999993,1801.9999999999998,-34179.45749855037
2023-08-02,78462.0,66902.0,58,-6103.0,8478.0,-40282.45749855037
2023-08-03,71815.0,59457.0,54,-128.9999999999991,2558.0,-40411.45749855037
2023-08-04,71152.00021362305,61059.99978637695,54,1602.999786376952,4001.000213623047,-38808.45771217342
2023-08-07,68038.0,65966.0,42,904.9999999999993,0.0,-37903.45771217342
2023-08-08,65932.0,63764.0,42,-2201.9999999999986,0.0,-40105.45771217342
2023-08-09,66544.0,63422.0,48,-3211.0000000000014,4245.0,-43316.45771217342
2023-08-10,67707.0,64089.0,50,34.99999999999996,3060.0,-43281.45771217342
2023-08-11,64679.99989318848,60462.00010681152,50,-3626.999893188475,886.9998931884766,-46908.457605361895
2023-08-14,68262.0,64664.0,48,4085.0,770.0,-42823.457605361895
2023-08-15,68581.0,64695.0,48,30.9999999999999,583.0,-42792.457605361895
2023-08-16,83524.0,68944.0,50,-542.9999999999994,18212.0,-43335.457605361895
2023-08-17,81462.0,67514.0,48,866.9999999999994,0.0,-42468.457605361895
2023-08-18,82032.9997253418,70117.0002746582,50,687.0002746582036,3028.999725341797,-41781.45733070369
2023-08-21,100653.0,87603.0,46,2822.999999999999,15300.0,-38958.45733070369
2023-08-22,99419.0,86105.0,50,-2614.000000000001,18467.0,-41572.45733070369
2023-08-23,86331.0,72907.0,50,1110.000000000003,1385.0,-40462.45733070369
2023-08-24,88484.0,64968.0,52,-1689.000000000003,6250.0,-42151.45733070369
2023-08-25,86305.00186157227,64880.998138427734,52,-87.0018615722642,3248.0018615722656,-42238.45919227596
2023-08-28,82079.0,69261.0,48,1132.0000000000014,2075.0,-41106.45919227596
2023-08-29,84522.0,68744.0,46,1557.9999999999977,0.0,-39548.45919227596
2023-08-30,85789.0,69501.0,46,757.0000000000022,16715.0,-38791.45919227596
2023-08-31,72768.0,51700.0,44,-1086.0000000000002,0.0,-39877.45919227596
2023-09-01,67210.99899291992,57049.00100708008,44,5349.001007080078,5080.998992919922,-34528.45818519588
2023-09-05,63986.0,62390.0,44,-596.9999999999995,2453.0,-35125.45818519588
2023-09-06,62842.0,61200.0,44,-1190.000000000001,0.0,-36315.45818519588
2023-09-07,74577.0,65741.0,48,-133.99999999999855,11845.0,-36449.45818519588
2023-09-08,73023.0,64405.0,48,-1336.0000000000002,2140.0,-37785.45818519588
2023-09-11,70279.0,61977.0,46,-288.0000000000001,12276.0,-38073.45818519588
2023-09-12,57113.0,48823.0,44,-877.9999999999989,0.0,-38951.45818519588
2023-09-13,56627.0,49119.0,44,295.99999999999864,0.0,-38655.45818519588
2023-09-14,58604.0,51816.0,46,-173.99999999999974,2871.0,-38829.45818519588
2023-09-15,56993.99816894531,51554.00183105469,46,-261.99816894531295,2719.9981689453125,-39091.45635414119
2023-09-18,66777.0,66777.0,44,-466.9999999999998,12970.000000000002,-39558.45635414119
2023-09-19,66398.0,66398.0,44,-378.9999999999999,0.0,-39937.45635414119
2023-09-20,70099.0,69207.0,48,2080.000000000001,1621.0,-37857.45635414119
2023-09-21,72506.0,71556.0,48,2348.9999999999973,0.0,-35508.45635414119
2023-09-22,71522.0,70642.0,48,-914.0000000000011,0.0,-36422.45635414119
2023-09-25,70941.0,70087.0,48,-554.9999999999977,0.0,-36977.45635414119
2023-09-26,74986.0,74092.0,48,4004.999999999999,642.0,-32972.45635414119
2023-09-27,73883.0,73105.0,46,-344.99999999999955,0.0,-33317.45635414119
2023-09-28,71608.0,70624.0,46,-2481.0000000000005,0.0,-35798.45635414119
2023-09-29,68910.00012207031,68515.99987792969,46,-2108.000122070313,197.0001220703125,-37906.456476211504
2023-10-02,67979.0,67979.0,44,-733.9999999999992,0.0,-38640.456476211504
2023-10-03,72573.0,72573.0,44,4594.0,0.0,-34046.456476211504
2023-10-04,67712.0,67712.0,44,-4861.0,0.0,-38907.456476211504
2023-10-05,70101.0,70101.0,44,2388.9999999999995,0.0,-36518.456476211504
2023-10-06,65675.0,65675.0,44,-4425.999999999999,0.0,-40944.456476211504
2023-10-09,65780.0,65780.0,44,105.00000000000115,0.0,-40839.456476211504
2023-10-10,64972.0,64972.0,44,-808.0000000000002,0.0,-41647.456476211504
2023-10-11,91426.0,74356.0,54,1853.999999999999,24600.0,-39793.456476211504
2023-10-12,91144.0,73484.0,54,-872.0000000000003,0.0,-40665.456476211504
2023-10-13,93340.0,76600.0,54,3116.0,0.0,-37549.456476211504
2023-10-16,89459.0,73639.0,54,-2960.9999999999995,11825.0,-40510.456476211504
2023-10-17,96646.0,76656.0,62,221.9999999999993,29495.0,-40288.456476211504
2023-10-18,96721.0,69827.0,62,26.000000000000732,9240.0,-40262.456476211504
2023-10-19,101064.0,69754.0,68,-1078.9999999999993,3454.0,-41341.456476211504
2023-10-20,103076.00256347656,69845.99743652344,68,91.99743652343578,9887.002563476562,-41249.45903968807
2023-10-23,91149.0,78701.0,64,-1403.0000000000002,5077.0,-42652.45903968807
2023-10-24,101895.0,85447.0,70,-88.00000000000031,18940.0,-42740.45903968807
2023-10-25,103967.0,80779.0,72,762.000000000002,3737.0,-41978.45903968807
2023-10-26,106236.0,80582.0,76,6.999999999999204,3687.0,-41971.45903968807
2023-10-27,102309.99963378906,81780.00036621094,76,1198.0003662109375,4408.9996337890625,-40773.45867347713
2023-10-30,95376.0,84256.0,66,-1932.9999999999993,4405.0,-42706.45867347713
2023-10-31,89304.0,77076.0,62,-2775.000000000001,4759.0,-45481.45867347713
2023-11-01,82583.0,70711.0,58,-1606.0000000000011,2604.0,-47087.45867347713
2023-11-02,78814.0,67440.0,54,-666.9999999999975,0.0,-47754.45867347713
2023-11-03,79456.00039672852,68437.99960327148,54,997.9996032714827,5509.000396728516,-46756.459070205645
2023-11-06,74682.0,74002.0,46,-525.0000000000005,1260.0,-47281.459070205645
2023-11-07,78443.0,77133.0,48,1095.9999999999984,2035.0,-46185.459070205645
2023-11-08,79435.0,77739.0,50,909.0000000000018,303.0,-45276.459070205645
2023-11-09,82395.0,77863.0,56,166.00000000000156,2552.0,-45110.459070205645
2023-11-10,90166.0,85868.0,56,8004.999999999999,0.0,-37105.459070205645
2023-11-13,88602.0,83120.0,60,-3436.999999999999,1971.0,-40542.459070205645
2023-11-14,114937.0,99581.0,70,4768.000000000002,20615.0,-35774.459070205645
2023-11-15,115048.0,99090.0,68,-219.00000000000279,2397.0,-35993.459070205645
2023-11-16,112976.0,95944.0,64,-748.9999999999993,0.0,-36742.459070205645
2023-11-17,112393.00028991699,98106.99971008301,64,2162.9997100830074,3429.000289916992,-34579.45936012264
2023-11-20,114363.0,105257.0,54,5537.000000000002,8290.0,-29042.459360122637
2023-11-21,105383.0,94747.0,58,-4802.000000000001,4992.0,-33844.45936012264
2023-11-22,102100.0,96194.0,58,1446.9999999999998,0.0,-32397.459360122637
2023-11-24,103008.99890136719,95285.00109863281,58,-908.9989013671875,2676.9989013671875,-33306.458261489825
2023-11-27,97131.0,94841.0,54,-3121.0000000000005,4242.0,-36427.458261489825
2023-11-28,93496.0,88646.0,52,-1953.0000000000002,0.0,-38380.458261489825
2023-11-29,93600.0,88194.0,52,-451.99999999999955,0.0,-38832.458261489825
2023-11-30,91312.0,84748.0,52,-3445.999999999999,0.0,-42278.458261489825
2023-12-01,91620.0004272461,85565.9995727539,52,817.9995727539051,3027.0004272460938,-41460.45868873592
2023-12-04,87743.0,86203.0,54,-3074.999999999999,2225.0,-44535.45868873592
2023-12-05,87326.0,85806.0,54,-397.0000000000012,0.0,-44932.45868873592
2023-12-06,96756.0,87378.0,58,-2787.9999999999995,18260.0,-47720.45868873592
2023-12-07,94213.0,84561.0,56,3233.0,0.0,-44487.45868873592
2023-12-08,93455.0,84135.0,56,-425.99999999999994,885.0,-44913.45868873592
2023-12-11,97310.0,87340.0,54,4089.9999999999986,0.0,-40823.45868873592
2023-12-12,101119.0,89125.0,54,1785.0000000000011,8302.0,-39038.45868873592
2023-12-13,96381.0,84231.0,56,2596.0000000000027,1758.0,-36442.45868873592
2023-12-14,94304.0,86504.0,56,2272.999999999997,0.0,-34169.45868873592
2023-12-15,93276.00076293945,86929.99923706055,56,425.99923706054784,2700.000762939453,-33743.45945167537
2023-12-18,92065.0,91185.0,52,1554.999999999999,0.0,-32188.45945167537
2023-12-19,93685.0,92823.0,52,1638.0000000000018,1270.0,-30550.45945167537
2023-12-20,88293.0,87341.0,50,-4212.000000000001,0.0,-34762.45945167537
2023-12-21,92581.0,91437.0,50,4096.0,0.0,-30666.45945167537
2023-12-22,91327.99978637695,90030.00021362305,50,-1406.9997863769538,648.9997863769531,-32073.459238052325
2023-12-26,92350.0,92350.0,48,1671.0000000000002,0.0,-30402.459238052325
2023-12-27,91968.0,91968.0,48,-381.99999999999955,0.0,-30784.459238052325
2023-12-28,91308.0,91308.0,48,-660.0000000000007,0.0,-31444.459238052325
2023-12-29,89222.0,89222.0,48,-2085.999999999997,0.0,-33530.459238052325
2024-01-02,79813.0,79813.0,48,-9409.000000000002,0.0,-42939.459238052325
2024-01-03,77701.0,77701.0,48,-2112.000000000002,0.0,-45051.459238052325
2024-01-04,77154.0,77154.0,48,-547.0,0.0,-45598.459238052325
2024-01-05,77182.0,77182.0,48,28.00000000000236,0.0,-45570.459238052325
2024-01-08,83152.0,83152.0,48,5969.999999999999,0.0,-39600.459238052325
2024-01-09,83441.0,83441.0,48,288.99999999999994,0.0,-39311.459238052325
2024-01-10,84589.0,84589.0,48,1148.0000000000018,0.0,-38163.459238052325
2024-01-11,86109.0,86109.0,48,1519.9999999999977,0.0,-36643.459238052325
2024-01-12,86388.0,86388.0,48,279.0000000000001,0.0,-36364.459238052325
2024-01-16,96681.0,88901.0,52,-851.9999999999998,11145.0,-37216.459238052325
2024-01-17,103132.0,91802.0,56,-129.00000000000023,6360.0,-37345.459238052325
2024-01-18,110045.0,98785.0,56,6983.000000000001,0.0,-30362.459238052325
2024-01-19,116624.0,105584.0,56,6799.0,0.0,-23563.459238052325
2024-01-22,118645.0,107135.0,56,1551.0000000000018,11651.0,-22012.459238052325
2024-01-23,121720.0,101702.0,66,886.9999999999986,36673.0,-21125.459238052325
2024-01-24,110784.0,82532.0,66,2539.0000000000023,4458.0,-18586.45923805232
2024-01-25,132118.0,86464.0,76,-270.0000000000009,14985.0,-18856.45923805232
2024-01-26,130994.99981689453,84825.00018310547,76,-1638.999816894534,12716.999816894533,-20495.459054946856
2024-01-29,123106.0,101568.0,76,3792.000000000002,17944.0,-16703.459054946856
2024-01-30,104383.0,79385.0,72,-3476.0000000000027,5546.0,-20179.45905494686
2024-01-31,94032.0,73754.0,74,-2274.9999999999973,14299.0,-22454.459054946856
2024-02-01,84526.0,63472.0,66,2271.9999999999995,0.0,-20182.459054946856
2024-02-02,98129.99792480469,64936.00207519531,66,1464.0020751953139,14359.997924804688,-18718.456979751543
2024-02-05,84613.0,79079.0,50,350.9999999999991,4172.0,-18367.456979751543
2024-02-06,78652.0,70010.0,50,-3631.999999999998,2144.0,-21999.456979751543
2024-02-07,81926.0,73372.0,50,4509.0,268.0,-17490.456979751543
2024-02-08,85351.0,74725.0,54,-232.00000000000023,3535.0,-17722.456979751543
2024-02-09,90536.00006866455,78849.99993133545,54,4124.999931335446,2828.000068664551,-13597.457048416098
2024-02-12,88332.0,82044.0,48,366.0000000000041,3353.0000000000005,-13231.457048416094
2024-02-13,82193.0,76617.0,46,-2074.0000000000023,540.0,-15305.457048416096
2024-02-14,112225.0,90145.0,48,5723.000000000001,30107.0,-9582.457048416094
2024-02-15,109849.0,86017.0,46,-75.99999999999935,0.0,-9658.457048416094
2024-02-16,109324.00032043457,85495.99967956543,46,-521.0003204345713,3364.0003204345703,-10179.457368850666
2024-02-20,103676.0,83988.0,44,-5503.0,21659.0,-15682.457368850666
2024-02-21,82532.0,62192.0,42,-1896.0000000000025,0.0,-17578.457368850668
2024-02-22,84096.0,75712.0,44,10295.000000000002,3225.0,-7283.457368850666
2024-02-23,81740.00134277344,72935.99865722656,44,-2776.0013427734393,4472.0013427734375,-10059.458711624105
2024-02-26,77396.0,75960.0,40,-138.00000000000054,0.0,-10197.458711624105
2024-02-27,79801.0,78133.0,40,2173.0000000000005,0.0,-8024.4587116241055
2024-02-28,77638.0,75530.0,40,-2602.999999999998,0.0,-10627.458711624104
2024-02-29,108989.0,89411.0,44,1610.9999999999986,29670.0,-9016.458711624105
2024-03-01,122805.00036621094,93202.99963378906,44,3791.999633789061,1091.0003662109377,-5224.459077835045
2024-03-04,127809.0,98009.0,46,3005.0,2530.0,-2219.459077835045
2024-03-05,122289.0,98109.0,46,99.99999999999947,0.0,-2119.4590778350453
2024-03-06,127910.0,103210.0,48,4540.000000000002,561.0,2420.5409221649566
2024-03-07,154704.0,113854.0,52,6108.999999999997,13815.0,8529.540922164953
2024-03-08,131166.9940185547,117973.00598144531,52,4119.005981445316,1876.9940185546875,12648.54690361027
2024-03-11,121593.0,110063.0,48,-7777.000000000001,0.0,4871.546903610269
2024-03-12,128756.0,116536.0,48,6472.999999999999,0.0,11344.546903610268
2024-03-13,137245.0,120137.0,58,-1449.000000000002,15655.0,9895.546903610266
2024-03-14,129637.0,113143.0,56,-1998.9999999999945,0.0,7896.546903610271
2024-03-15,129064.00094604492,109887.99905395508,56,-3255.000946044922,6808.000946044923,4641.545957565349
2024-03-18,121895.0,116255.0,52,-441.0000000000017,0.0,4200.545957565348
2024-03-19,118662.0,113602.0,52,-2653.0000000000005,3680.0,1547.5459575653472
2024-03-20,115764.0,111176.0,48,1254.0000000000023,0.0,2801.5459575653495
2024-03-21,119528.0,115588.0,48,4411.999999999998,0.0,7213.545957565348
2024-03-22,122445.99969482422,118806.00030517578,48,3218.000305175778,1819.9996948242188,10431.546262741125
2024-03-25,119271.0,119271.0,44,-1354.9999999999955,0.0,9076.546262741129
2024-03-26,114808.0,114808.0,44,-4463.000000000003,0.0,4613.546262741126
2024-03-27,109575.0,109575.0,44,-5233.000000000001,0.0,-619.4537372588748
2024-03-28,107005.0,107005.0,44,-2569.9999999999977,0.0,-3189.4537372588725
2024-04-01,109825.0,109825.0,44,2819.9999999999986,0.0,-369.45373725887384
2024-04-02,110162.0,110162.0,44,337.00000000000114,0.0,-32.45373725887271
2024-04-03,113201.0,113201.0,44,3038.999999999997,0.0,3006.5462627411243
2024-04-04,109336.0,109336.0,44,-3864.9999999999977,0.0,-858.4537372588734
2024-04-05,115073.0,115073.0,44,5737.000000000001,0.0,4878.546262741127
2024-04-08,111442.0,111442.0,44,-3630.9999999999973,0.0,1247.5462627411298
2024-04-09,107418.0,107418.0,44,-4024.000000000002,0.0,-2776.453737258872
2024-04-10,114853.0,102513.0,46,1264.9999999999945,6170.0,-1511.4537372588775
2024-04-11,137494.0,113574.0,50,6231.0000000000055,15610.0,4719.546262741128
2024-04-12,131924.0,108314.0,50,-5260.000000000002,0.0,-540.4537372588738
2024-04-15,127813.0,103933.0,50,-4381.0,0.0,-4921.453737258874
2024-04-16,134217.0,108107.0,54,1808.9999999999986,5485.0,-3112.453737258875
2024-04-17,145287.0,107947.0,58,-5020.0,27083.0,-8132.453737258875
2024-04-18,145599.0,97485.0,68,-1877.000000000001,11232.0,-10009.453737258875
2024-04-19,143905.00057983398,88320.99942016602,68,-9164.00057983398,18542.000579833984,-19173.454317092855
2024-04-22,122536.0,104344.0,64,-2519.000000000003,7751.999999999999,-21692.45431709286
2024-04-23,123271.0,99819.0,70,-17.99999999999808,19545.0,-21710.454317092855
2024-04-24,113917.0,88897.0,70,1117.9999999999993,5639.0,-20592.454317092855
2024-04-25,119182.0,86674.0,74,-928.9999999999995,7365.0,-21521.454317092855
2024-04-26,121600.99898529053,92213.00101470947,74,5539.0010147094745,8638.998985290527,-15982.453302383381
2024-04-29,115610.0,102014.0,68,858.9999999999992,5350.0,-15123.453302383381
2024-04-30,107327.0,93465.0,64,-4175.999999999999,1580.0,-19299.45330238338
2024-05-01,103655.0,91279.0,66,-1900.9999999999995,9930.0,-21200.45330238338
2024-05-02,100155.0,86979.0,62,1615.0,0.0,-19585.45330238338
2024-05-03,104621.00256347656,85846.99743652344,62,-1132.0025634765652,8254.002563476564,-20717.455865859945
2024-05-06,97717.0,94141.0,50,1324.0000000000018,0.0,-19393.45586585994
2024-05-07,95476.0,91474.0,54,-3376.999999999998,3584.0,-22770.45586585994
2024-05-08,94598.0,89986.0,56,106.99999999999702,759.0,-22663.455865859945
2024-05-09,94052.0,87414.0,58,-1151.9999999999993,1420.0,-23815.455865859945
2024-05-10,93196.99922943115,86829.00077056885,58,-584.9992294311521,1107.9992294311523,-24400.455095291098
2024-05-13,94866.0,89256.0,58,728.0000000000027,3224.0,-23672.455095291094
2024-05-14,96088.0,91322.0,56,3490.9999999999977,3552.0,-20181.455095291098
2024-05-15,104168.0,96874.0,56,7223.999999999999,4440.0,-12957.455095291098
2024-05-16,102327.0,94699.0,56,-2174.9999999999986,0.0,-15132.455095291096
2024-05-17,98574.00009155273,92151.99990844727,56,-2547.0000915527353,1910.0000915527344,-17679.455186843832
2024-05-20,100052.0,96126.0,48,3626.000000000002,0.0,-14053.45518684383
2024-05-21,101413.0,98007.0,50,-249.00000000000261,25961.0,-14302.455186843832
2024-05-22,73868.0,71990.0,46,-2185.999999999999,0.0,-16488.455186843832
2024-05-23,73873.0,70109.0,46,-1881.0000000000002,0.0,-18369.455186843832
2024-05-24,77402.00090026855,73489.99909973145,46,3380.9990997314453,1956.0009002685547,-14988.456087112387
2024-05-28,74894.0,74894.0,42,-552.0000000000005,0.0,-15540.456087112387
2024-05-29,72913.0,72913.0,42,-1980.9999999999998,0.0,-17521.456087112387
2024-05-30,73121.0,73121.0,42,208.00000000000023,0.0,-17313.456087112387
2024-05-31,74059.0,74059.0,44,-1947.000000000001,2885.0,-19260.456087112387
2024-06-03,74418.0,74418.0,44,359.0000000000001,0.0,-18901.456087112387
2024-06-04,75249.0,73609.0,48,-1578.9999999999989,2410.0,-20480.456087112387
2024-06-05,81782.0,79782.0,48,6172.999999999999,0.0,-14307.456087112387
2024-06-06,90442.0,81384.0,52,-1863.000000000001,10585.0,-16170.456087112387
2024-06-07,88997.0,79303.0,52,-2080.999999999999,0.0,-18251.456087112387
2024-06-10,91260.0,82516.0,52,3213.0000000000005,1188.0,-15038.456087112387
2024-06-11,92231.0,83181.0,50,1853.0000000000002,16470.0,-13185.456087112387
2024-06-12,81609.0,69719.0,48,3007.999999999998,8905.0,-10177.456087112389
2024-06-13,73874.0,60904.0,46,89.99999999999946,0.0,-10087.456087112389
2024-06-14,77583.00024414062,60894.999755859375,46,-9.000244140624355,8344.000244140625,-10096.456331253014
2024-06-17,72396.0,72396.0,42,3156.9999999999986,0.0,-6939.456331253015
2024-06-18,74147.0,74147.0,42,1751.0000000000014,0.0,-5188.456331253014
2024-06-20,76902.0,72512.0,46,-3450.0,6205.0,-8638.456331253014
2024-06-21,75758.0,70818.0,46,-1694.0,0.0,-10332.456331253014
2024-06-24,72639.0,67699.0,46,-3119.000000000001,0.0,-13451.456331253015
2024-06-25,74745.0,70295.0,46,2596.0000000000005,4623.0,-10855.456331253015
2024-06-26,70437.0,66317.0,44,644.9999999999995,0.0,-10210.456331253015
2024-06-27,72926.0,68280.0,44,1963.0000000000007,0.0,-8247.456331253015
2024-06-28,71102.00012207031,66407.99987792969,44,-1872.0001220703125,2347.0001220703125,-10119.456453323328
2024-07-01,72028.0,72028.0,42,3272.9999999999986,0.0,-6846.45645332333
2024-07-02,76714.0,76714.0,42,4686.000000000001,0.0,-2160.456453323329
2024-07-03,76714.0,76714.0,42,0.0,0.0,-2160.456453323329
2024-07-05,84362.0,84362.0,42,7648.0,0.0,5487.543546676671
2024-07-08,96252.0,96252.0,44,-380.0000000000011,12270.0,5107.54354667667
2024-07-09,93267.0,93267.0,44,-2984.9999999999986,0.0,2122.5435466766717
2024-07-10,123476.0,108456.0,48,5359.0,24850.0,7481.543546676672
2024-07-11,128084.0,100084.0,52,-13087.000000000002,16275.0,-5605.45645332333
2024-07-12,129711.0,102331.0,52,2246.9999999999995,0.0,-3358.45645332333
2024-07-15,130247.0,102397.0,52,66.00000000000068,0.0,-3292.4564533233297
2024-07-16,133205.0,104515.0,56,723.0000000000008,13595.0,-2569.456453323329
2024-07-17,139624.0,85724.0,58,-12991.0,14625.0,-15560.456453323328
2024-07-18,132941.0,76261.0,56,-4077.9999999999986,0.0,-19638.456453323328
2024-07-19,128406.00085449219,76555.99914550781,56,294.9991455078145,22129.000854492188,-19343.45730781551
2024-07-22,105253.0,98043.0,52,-642.0000000000019,2697.0,-19985.457307815515
2024-07-23,113939.0,99369.0,58,-892.0000000000013,21350.0,-20877.457307815515
2024-07-24,125091.0,94841.0,64,-1697.9999999999995,18625.0,-22575.457307815515
2024-07-25,136713.0,99225.0,76,920.0000000000011,8962.0,-21655.457307815515
2024-07-26,133302.99969482422,97149.00030517578,76,-2075.999694824218,4819.999694824219,-23731.457002639734
2024-07-29,128165.0,102829.0,72,859.9999999999992,5330.0,-22871.457002639734
2024-07-30,129933.0,97129.0,74,229.99999999999824,12430.0,-22641.457002639734
2024-07-31,114237.0,84505.0,70,-5673.999999999997,7155.0,-28315.45700263973
2024-08-01,115319.0,82193.0,64,4842.999999999998,0.0,-23472.457002639734
2024-08-02,124320.00328063965,92525.99671936035,64,10332.99671936035,12746.003280639648,-13139.460283279384
2024-08-05,114431.0,106841.0,48,2341.0000000000023,8513.0,-10798.460283279383
2024-08-06,99106.0,92900.0,44,-5427.999999999996,0.0,-16226.460283279379
2024-08-07,103813.0,92903.0,46,336.9999999999951,334.0,-15889.460283279384
2024-08-08,102567.0,90813.0,54,-5293.0,7157.0,-21182.460283279383
2024-08-09,102743.00079345703,91896.99920654297,54,1083.9992065429726,3243.0007934570312,-20098.46107673641
2024-08-12,98591.0,94307.0,50,-833.0000000000039,0.0,-20931.461076736414
2024-08-13,95461.0,90727.0,50,-3579.999999999998,348.0,-24511.461076736414
2024-08-14,95607.0,89919.0,52,-1032.9999999999989,3331.0,-25544.461076736414
2024-08-15,92016.0,84526.0,50,-4322.000000000001,603.0,-29866.461076736414
2024-08-16,91386.99932861328,85149.00067138672,50,623.0006713867203,2553.9993286132812,-29243.460405349695
2024-08-19,92077.0,88421.0,48,-902.0000000000036,4010.0,-30145.4604053497
2024-08-20,92875.0,88969.0,48,548.000000000003,682.0,-29597.460405349695
2024-08-21,100775.0,93827.0,52,-450.00000000000097,8830.0,-30047.460405349695
2024-08-22,104625.0,95891.0,52,2064.000000000001,0.0,-27983.460405349695
2024-08-23,103112.99993896484,93795.00006103516,52,-2095.999938964846,2953.9999389648438,-30079.460344314542
2024-08-26,108552.0,94722.0,48,853.0000000000007,0.0,-29226.460344314542
2024-08-27,109302.0,94812.0,48,89.99999999999949,0.0,-29136.460344314542
2024-08-28,109384.0,93454.0,48,-1357.9999999999989,0.0,-30494.460344314542
2024-08-29,113918.0,96928.0,52,1604.000000000001,4310.0,-28890.460344314542
2024-08-30,109807.99966430664,94024.00033569336,52,-2903.9996643066415,6451.999664306641,-31794.460008621183
2024-09-03,112516.0,107926.0,52,6420.0,3180.0,-25374.460008621183
2024-09-04,116024.0,111524.0,52,3597.9999999999995,0.0,-21776.460008621183
2024-09-05,121706.0,107936.0,54,1082.0000000000005,4670.0,-20694.460008621183
2024-09-06,128633.0,112853.0,54,4917.000000000001,3988.0,-15777.460008621183
2024-09-09,123359.0,112219.0,50,-246.00000000000355,0.0,-16023.460008621187
2024-09-10,122252.0,110416.0,50,-1802.9999999999998,0.0,-17826.460008621187
2024-09-11,116972.0,104568.0,50,-5847.999999999998,11933.0,-23674.460008621187
2024-09-12,107722.0,93128.0,48,493.0000000000005,0.0,-23181.460008621187
2024-09-13,104407.00036621094,92374.99963378906,48,-753.0003662109405,6016.0003662109375,-23934.460374832128
2024-09-16,100193.0,100193.0,44,1802.0000000000032,0.0,-22132.460374832124
2024-09-17,99952.0,99952.0,44,-241.00000000000435,0.0,-22373.460374832128
2024-09-18,102667.0,100827.0,48,-134.99999999999937,2850.0,-22508.460374832128
2024-09-19,100484.0,98474.0,48,-2352.9999999999964,0.0,-24861.460374832124
2024-09-20,102185.0,100159.0,48,1684.9999999999973,0.0,-23176.460374832128
2024-09-23,102205.0,99961.0,48,-197.99999999999997,0.0,-23374.460374832128
2024-09-24,109265.0,107003.0,50,-253.0000000000013,13370.0,-23627.460374832128
2024-09-25,103102.0,100532.0,48,-395.99999999999386,0.0,-24023.46037483212
2024-09-26,102064.0,96854.0,48,-3678.000000000003,0.0,-27701.460374832124
2024-09-27,101634.0,97134.0,48,280.00000000000045,2250.0,-27421.460374832124
2024-09-30,100176.0,100176.0,46,792.000000000002,0.0,-26629.46037483212
2024-10-01,101582.0,101582.0,46,1405.999999999998,0.0,-25223.460374832124
2024-10-02,100801.0,100801.0,46,-780.9999999999982,0.0,-26004.460374832124
2024-10-03,101134.0,101134.0,46,332.9999999999996,0.0,-25671.460374832124
2024-10-04,103492.0,103492.0,46,2357.9999999999955,0.0,-23313.460374832128
2024-10-07,105500.0,105500.0,46,2007.9999999999998,0.0,-21305.460374832128
2024-10-08,103849.0,103849.0,46,-1651.0000000000005,0.0,-22956.460374832128
2024-10-09,103074.0,103074.0,46,-774.9999999999955,0.0,-23731.460374832124
2024-10-10,108418.0,96688.0,48,-521.0000000000028,31720.0,-24252.460374832128
2024-10-11,82059.0,70419.0,46,-413.99999999999653,0.0,-24666.460374832124
2024-10-14,79516.0,68096.0,46,-2322.9999999999995,0.0,-26989.460374832124
2024-10-15,76950.0,64930.0,46,-3166.000000000003,0.0,-30155.460374832128
2024-10-16,83778.0,68118.0,50,-401.99999999999886,13715.0,-30557.460374832128
2024-10-17,78204.0,62444.0,48,790.9999999999992,0.0,-29766.460374832128
2024-10-18,75073.99993896484,64006.000061035156,48,1562.000061035157,3888.9999389648438,-28204.46031379697
2024-10-21,70620.0,67580.0,46,-315.0000000000019,0.0,-28519.460313796975
2024-10-22,78863.0,71093.0,54,263.00000000000045,11600.0,-28256.460313796975
2024-10-23,87393.0,61113.0,60,-2419.9999999999995,14030.0,-30676.460313796975
2024-10-24,99958.0,64176.0,72,-550.9999999999993,8472.0,-31227.460313796975
2024-10-25,101361.00024414062,64212.999755859375,72,36.999755859374275,4919.000244140625,-31190.4605579376
2024-10-28,97978.0,69368.0,74,-353.99999999999875,5647.0,-31544.4605579376
2024-10-29,96434.0,66120.0,70,548.9999999999986,18686.0,-30995.4605579376
2024-10-30,81269.0,49235.0,68,150.9999999999988,8975.0,-30844.4605579376
2024-10-31,71733.0,48005.0,64,4160.000000000003,1225.0,-26684.460557937597
2024-11-01,68999.0015411377,48758.998458862305,64,753.9984588623033,6734.001541137695,-25930.462099075292
2024-11-04,61309.0,54649.0,48,-843.9999999999999,0.0,-26774.462099075292
2024-11-05,62246.0,55354.0,48,705.0000000000003,1861.0,-26069.462099075292
2024-11-06,63301.0,54877.0,48,1738.0000000000005,1634.0,-24331.462099075292
2024-11-07,68648.0,58472.0,50,2849.9999999999995,4615.0,-21481.462099075292
2024-11-08,71219.00024414062,63742.999755859375,54,4440.999755859374,3679.000244140625,-17040.462343215917
2024-11-11,71419.0,66683.0,48,1471.000000000001,1361.0,-15569.462343215917
2024-11-12,66702.0,61762.0,46,-3560.000000000001,0.0,-19129.462343215917
2024-11-13,79311.0,70757.0,56,-664.9999999999982,13597.0,-19794.462343215913
2024-11-14,76790.0,67146.0,58,-3964.000000000001,4715.0,-23758.462343215913
2024-11-15,79310.99960327148,66991.00039672852,56,960.0003967285156,2865.9996032714844,-22798.461946487398
2024-11-18,78217.0,70317.0,56,-230.00000000000074,2140.0,-23028.461946487398
2024-11-19,79997.0,71757.0,56,1440.0000000000011,4472.0,-21588.461946487398
2024-11-20,74977.0,66297.0,52,-988.0000000000003,3286.0,-22576.461946487398
2024-11-21,68967.0,63515.0,50,503.9999999999999,0.0,-22072.461946487398
2024-11-22,69439.00061035156,62378.99938964844,50,-1136.0006103515623,2485.0006103515625,-23208.46255683896
2024-11-25,65079.0,62603.0,44,-2260.999999999999,0.0,-25469.46255683896
2024-11-26,63181.0,62151.0,44,-452.0000000000004,0.0,-25921.46255683896
2024-11-27,61943.0,60791.0,44,-1360.000000000001,0.0,-27281.46255683896
2024-11-29,61636.000244140625,61097.999755859375,44,306.999755859375,269.000244140625,-26974.462800979585
2024-12-02,67766.0,64796.0,46,2049.000000000002,4350.0,-24925.462800979585
2024-12-03,67456.0,64386.0,46,-410.0000000000006,0.0,-25335.462800979585
2024-12-04,73990.0,61180.0,48,1418.9999999999993,4625.0,-23916.462800979585
2024-12-05,80353.0,64833.0,52,1757.9999999999986,4405.0,-22158.462800979585
2024-12-06,116865.0,99679.0,56,2411.000000000001,37565.0,-19747.462800979585
2024-12-09,108714.0,92108.0,54,-2441.0,0.0,-22188.462800979585
2024-12-10,107342.0,94454.0,54,2346.000000000001,5295.0,-19842.462800979585
2024-12-11,114089.0,98271.0,56,8077.0,6082.0,-11765.462800979585
2024-12-12,109261.0,91895.0,54,-3619.0000000000036,0.0,-15384.462800979589
2024-12-13,117487.00012207031,90922.99987792969,54,-972.0001220703122,12072.000122070312,-16356.462923049901
2024-12-16,114100.0,111170.0,48,8175.000000000003,0.0,-8181.462923049899
2024-12-17,114260.0,111298.0,48,128.0000000000008,2311.0,-8053.462923049898
2024-12-18,101160.0,98490.0,46,-10497.0,0.0,-18550.462923049898
2024-12-19,104076.0,101450.0,46,2960.000000000001,0.0,-15590.462923049898
2024-12-20,100593.9997253418,98618.0002746582,46,-2831.9997253417996,987.9997253417969,-18422.462648391698
2024-12-23,100813.0,100813.0,44,1207.0000000000014,0.0,-17215.462648391698
2024-12-24,100813.0,100813.0,44,0.0,0.0,-17215.462648391698
2024-12-26,106015.0,106015.0,44,5202.000000000001,0.0,-12013.462648391698
2024-12-27,109446.0,109446.0,46,-5498.999999999999,8930.0,-17512.462648391698
2024-12-30,105448.0,105448.0,46,-3998.0,0.0,-21510.462648391698
2024-12-31,101995.0,101995.0,46,-3453.0,0.0,-24963.462648391698
2025-01-02,98995.0,98995.0,46,-3000.0,0.0,-27963.462648391698
2025-01-03,101465.0,101465.0,46,2469.999999999999,0.0,-25493.462648391698
2025-01-06,103245.0,103245.0,46,1780.0000000000007,0.0,-23713.462648391698
2025-01-07,99542.0,99542.0,46,-3703.0000000000005,0.0,-27416.462648391698
2025-01-08,98685.0,98685.0,46,-857.0000000000006,0.0,-28273.462648391698
2025-01-10,97599.0,97599.0,46,-1085.999999999998,0.0,-29359.462648391695
2025-01-13,96148.0,96148.0,46,-1451.0000000000005,0.0,-30810.462648391695
2025-01-14,93047.0,93047.0,46,-3101.000000000002,0.0,-33911.462648391695
2025-01-15,96418.0,96418.0,46,3370.999999999999,0.0,-30540.462648391695
2025-01-16,92798.0,92798.0,46,-3619.999999999999,0.0,-34160.462648391695
2025-01-17,95202.0,95202.0,46,2404.0,14480.0,-31756.462648391695
2025-01-21,79554.0,79554.0,44,-1167.9999999999995,0.0,-32924.462648391695
2025-01-22,109291.0,85821.0,54,1987.000000000001,27750.0,-30937.462648391695
2025-01-23,113066.0,87306.0,62,-223.99999999999966,4389.0,-31161.462648391695
2025-01-24,112531.0,87807.0,62,500.99999999999966,0.0,-30660.462648391695
2025-01-27,115267.0,85627.0,66,-3310.0,3460.0,-33970.462648391695
2025-01-28,132420.0,92744.0,78,2471.9999999999995,44200.0,-31498.462648391695
2025-01-29,103640.0,58802.0,76,-3302.000000000002,6107.0,-34800.462648391695
2025-01-30,105824.0,60310.0,76,1765.0000000000018,5075.0,-33035.462648391695
2025-01-31,106720.99887084961,63659.00112915039,76,3349.00112915039,17065.99887084961,-29686.461519241304
2025-02-03,89065.0,72265.0,64,-946.0000000000011,10098.0,-30632.461519241304
2025-02-04,82104.0,61686.0,58,-480.99999999999807,1385.0,-31113.4615192413
2025-02-05,79674.0,59492.0,58,-412.0000000000003,5561.0,-31525.4615192413
2025-02-06,74237.0,51351.0,60,-447.0000000000001,2530.0,-31972.4615192413
2025-02-07,76169.0012512207,56166.9987487793,62,1665.998748779296,10088.001251220703,-30306.462770462003
2025-02-10,68656.0,63096.0,50,-8.999999999999218,0.0,-30315.462770462003
2025-02-11,68670.0,63286.0,50,189.99999999999955,390.0,-30125.462770462003
2025-02-12,72618.0,67032.0,52,987.0000000000016,6111.0,-29138.462770462003
2025-02-13,69614.0,61876.0,50,-1119.0,1075.0,-30257.462770462003
2025-02-14,74404.99984741211,63695.00015258789,52,-730.9998474121112,6784.999847412109,-30988.462617874116
2025-02-18,72359.0,68543.0,50,-126.99999999999936,2350.0,-31115.462617874116
2025-02-19,74282.0,68234.0,54,-2214.0,7447.0,-33329.46261787412
2025-02-20,71174.0,63796.0,52,-1416.0000000000018,0.0,-34745.46261787412
2025-02-21,74652.0,65472.0,52,1676.0000000000014,3340.0,-33069.46261787412
2025-02-24,70294.0,65492.0,48,-1389.9999999999989,0.0,-34459.46261787412
2025-02-25,83117.0,77359.0,50,2337.0,11955.0,-32122.462617874116
2025-02-26,81122.0,76134.0,48,1200.0000000000011,0.0,-30922.462617874116
2025-02-27,89615.0,78961.0,52,456.9999999999965,6370.0,-30465.46261787412
2025-02-28,86313.00048828125,77186.99951171875,52,-1774.0004882812489,2638.00048828125,-32239.46310615537
2025-03-03,90899.0,83499.0,52,2209.0000000000005,4675.0,-30030.46310615537
2025-03-04,91225.0,83605.0,52,106.00000000000139,0.0,-29924.46310615537
2025-03-05,99856.0,84716.0,56,-2439.000000000001,14404.0,-32363.46310615537
2025-03-06,102636.0,85796.0,54,3914.0000000000005,0.0,-28449.46310615537
2025-03-07,97954.99932861328,86067.00067138672,54,271.00067138671733,3106.9993286132812,-28178.46243476865
2025-03-10,104679.0,92839.0,50,8870.999999999998,0.0,-19307.462434768655
2025-03-11,102335.0,91019.0,50,-1819.9999999999977,9144.0,-21127.46243476865
2025-03-12,86901.0,77417.0,48,-4458.0,0.0,-25585.46243476865
2025-03-13,102709.0,80411.0,56,189.00000000000054,7545.0,-25396.46243476865
2025-03-14,94126.0005493164,76077.9994506836,56,-4333.000549316407,6599.000549316406,-29729.462984085058
2025-03-17,89126.0,83708.0,52,1030.999999999999,0.0,-28698.462984085058
2025-03-18,91800.0,86858.0,52,3150.0000000000005,0.0,-25548.462984085058
2025-03-19,87166.0,82326.0,52,-4531.999999999997,2585.0,-30080.462984085054
2025-03-20,84044.0,79330.0,48,-411.0000000000017,0.0,-30491.462984085054
2025-03-21,79238.99981689453,77855.00018310547,48,-1474.9998168945299,691.9998168945312,-31966.462800979585
2025-03-24,72854.0,72854.0,44,-5693.000000000004,0.0,-37659.462800979585
2025-03-25,70492.0,70492.0,44,-2362.0,0.0,-40021.462800979585
2025-03-26,73895.0,73895.0,44,3403.0,0.0,-36618.462800979585
2025-03-27,74964.0,74964.0,44,1069.0000000000016,0.0,-35549.462800979585
2025-03-28,81219.0,81219.0,44,6254.999999999998,0.0,-29294.462800979585
2025-03-31,81951.0,81951.0,44,732.0000000000019,0.0,-28562.46280097958
2025-04-01,79078.0,79078.0,44,-2873.000000000001,0.0,-31435.46280097958
2025-04-02,75925.0,75925.0,44,-3153.0000000000014,0.0,-34588.462800979585
2025-04-03,91997.0,91997.0,44,16072.000000000004,0.0,-18516.46280097958
2025-04-04,108540.0,108540.0,44,16543.0,0.0,-1973.4628009795815
2025-04-07,108509.0,108509.0,44,-30.999999999999687,0.0,-2004.4628009795813
2025-04-08,114857.0,114857.0,44,6348.000000000001,0.0,4343.537199020419
2025-04-09,79389.0,79389.0,44,-35468.0,0.0,-31124.46280097958
2025-04-10,94573.0,94573.0,44,15183.999999999998,0.0,-15940.462800979583
2025-04-11,90720.0,90720.0,44,-3852.9999999999995,0.0,-19793.46280097958
2025-04-14,89083.0,89083.0,44,-1637.0000000000002,0.0,-21430.46280097958
2025-04-15,100317.0,94397.0,48,548.9999999999989,10685.0,-20881.46280097958
2025-04-16,109142.0,103452.0,48,9055.0,0.0,-11826.462800979582
2025-04-17,112881.0,105301.0,56,-60.00000000000021,4319.0,-11886.462800979582
2025-04-21,120959.0,112429.0,56,7128.0,19162.0,-4758.4628009795815
2025-04-22,94483.0,86467.0,54,-6799.999999999999,0.0,-11558.462800979582
2025-04-23,101960.0,80438.0,64,-5734.000000000001,20105.0,-17292.46280097958
2025-04-24,109494.0,76248.0,76,-7999.999999999999,17710.0,-25292.46280097958
2025-04-25,109396.0018157959,71325.9981842041,76,-4922.001815795898,4796.001815795898,-30214.46461677548
2025-04-28,109474.0,78142.0,74,-55.00000000000069,5825.0,-30269.46461677548
2025-04-29,111905.0,78445.0,78,-871.9999999999978,18982.0,-31141.464616775476
2025-04-30,94625.0,61825.0,72,-753.0000000000002,9290.0,-31894.464616775476
2025-05-01,88334.0,51110.0,64,-1425.0000000000011,0.0,-33319.464616775476
2025-05-02,87114.00137329102,50723.998626708984,64,-386.00137329101545,20347.001373291016,-33705.46599006649
2025-05-05,66602.0,60838.0,48,-258.9999999999994,1625.0,-33964.46599006649
2025-05-06,62945.0,59555.0,46,341.9999999999996,0.0,-33622.46599006649
2025-05-07,61246.0,58018.0,48,-1208.999999999999,328.0,-34831.46599006649
2025-05-08,69436.0,62296.0,56,812.9999999999995,7555.0,-34018.46599006649
2025-05-09,69260.99993896484,62665.000061035156,56,369.00006103515597,1013.9999389648438,-33649.465929031336
2025-05-12,68639.0,62871.0,52,-807.9999999999977,0.0,-34457.465929031336
2025-05-13,72143.0,65765.0,54,2189.0,1101.0,-32268.465929031336
2025-05-14,76869.0,68523.0,56,2471.0,4902.0,-29797.465929031336
2025-05-15,71030.0,63722.0,52,-2056.000000000002,0.0,-31853.465929031336
2025-05-16,68990.00071716309,64323.999282836914,52,601.9992828369153,1573.000717163086,-31251.46664619442
2025-05-19,66498.0,65104.0,46,-793.000000000002,0.0,-32044.466646194425
2025-05-20,82841.0,79511.0,52,-687.9999999999995,17840.0,-32732.466646194425
2025-05-21,85048.0,79258.0,54,-1237.9999999999984,4060.0,-33970.46664619442
2025-05-22,85185.0,80013.0,54,755.0000000000001,0.0,-33215.46664619442
2025-05-23,84384.00012207031,78739.99987792969,54,-1273.0001220703134,1782.0001220703125,-34488.466768264734
2025-05-27,86216.0,81602.0,50,3500.0000000000005,1425.0,-30988.466768264734
2025-05-28,84601.0,79125.0,48,-1051.9999999999989,0.0,-32040.466768264734
2025-05-29,91334.0,82032.0,52,-108.00000000000131,7035.0,-32148.466768264734
2025-05-30,89135.0002746582,80540.9997253418,52,-1491.0002746582027,2362.000274658203,-33639.46704292294
2025-06-02,90328.0,86388.0,48,3484.999999999999,0.0,-30154.467042922937
2025-06-03,91228.0,86690.0,48,301.9999999999999,0.0,-29852.467042922937
2025-06-04,97385.0,89357.0,52,1177.0000000000016,10631.0,-28675.467042922937
2025-06-05,98740.0,83808.0,54,-2688.0000000000014,10330.0,-31363.467042922937
2025-06-06,97894.99926757812,86989.00073242188,54,3181.0007324218755,692.999267578125,-28182.466310501062
2025-06-09,98533.0,89103.0,52,1421.0000000000016,0.0,-26761.466310501062
2025-06-10,101267.0,92017.0,52,2913.9999999999995,2055.0,-23847.466310501062
2025-06-11,98088.0,88978.0,50,-984.0000000000018,4465.0,-24831.466310501062
2025-06-12,95494.0,83220.0,48,-1293.0,0.0,-26124.466310501062
2025-06-13,95907.00085449219,81198.99914550781,48,-2021.0008544921873,7354.0008544921875,-28145.46716499325
2025-06-16,91953.0,91953.0,44,3400.0,0.0,-24745.46716499325
2025-06-17,90111.0,90111.0,44,-1842.000000000001,0.0,-26587.46716499325
2025-06-18,94078.0,91678.0,48,-112.99999999999761,4080.0,-26700.467164993246
2025-06-20,90090.0,87650.0,48,-4027.9999999999995,0.0,-30728.467164993246
2025-06-23,93023.0,90873.0,48,3223.000000000001,0.0,-27505.467164993246
2025-06-24,97801.0,95301.0,48,4427.999999999999,3325.9999999999995,-23077.467164993246
2025-06-25,93737.0,91405.0,46,-569.9999999999983,0.0,-23647.467164993246
2025-06-26,96689.0,95341.0,46,3935.9999999999973,0.0,-19711.46716499325
2025-06-27,96127.00021362305,95174.99978637695,46,-166.0002136230454,476.0002136230469,-19877.467378616297
2025-06-30,96127.0,96127.0,44,475.99999999999767,0.0,-19401.4673786163
2025-07-01,91023.0,91023.0,44,-5104.0,0.0,-24505.4673786163
2025-07-02,94927.0,94927.0,44,3904.0000000000005,0.0,-20601.4673786163
2025-07-03,94927.0,94927.0,44,0.0,0.0,-20601.4673786163
2025-07-07,94656.0,94656.0,44,-270.9999999999977,0.0,-20872.467378616297
2025-07-08,94662.0,94662.0,44,5.999999999996106,0.0,-20866.4673786163
2025-07-09,115449.0,105109.0,48,3247.0000000000005,17540.0,-17619.4673786163
2025-07-10,125215.0,95725.0,50,171.00000000000122,9555.0,-17448.4673786163
2025-07-11,125231.0,95551.0,50,-173.9999999999996,0.0,-17622.4673786163
2025-07-14,124821.0,97121.0,50,1569.999999999998,0.0,-16052.467378616302
2025-07-15,124926.0,96806.0,50,-315.0000000000009,0.0,-16367.467378616304
2025-07-16,139048.0,105478.0,58,1432.0000000000027,14870.0,-14935.4673786163
2025-07-17,141893.0,105163.0,62,-640.0000000000001,725.0,-15575.4673786163
2025-07-18,138112.9946899414,109185.0053100586,62,4022.0053100585947,10617.994689941406,-11553.462068557707
2025-07-21,129575.0,121895.0,58,2092.000000000002,0.0,-9461.462068557705
2025-07-22,127040.0,119116.0,58,-2779.000000000001,12737.0,-12240.462068557707
2025-07-23,132879.0,108319.0,64,2214.9999999999973,16921.0,-10025.46206855771
2025-07-24,139428.0,113282.0,70,1901.0000000000032,8242.0,-8124.4620685577065
2025-07-25,138645.9994354248,115314.0005645752,70,2032.0005645751958,1441.9994354248047,-6092.461503982511
2025-07-28,144546.0,120548.0,68,1386.999999999998,6185.0,-4705.461503982513
2025-07-29,150966.0,119496.0,74,-2012.0000000000005,41152.0,-6717.461503982513
2025-07-30,118049.0,84569.0,70,274.99999999999886,6830.0,-6442.461503982514
2025-07-31,114651.0,78101.0,66,-697.9999999999986,0.0,-7140.461503982513
2025-08-01,109543.99877929688,80682.00122070312,66,2581.001220703127,12474.998779296875,-4559.460283279386
2025-08-04,99070.0,87490.0,54,2522.9999999999986,10487.0,-2036.4602832793876
2025-08-05,87866.0,76916.0,50,-86.99999999999949,1247.0,-2123.460283279387
2025-08-06,86923.0,74183.0,50,-1103.0000000000005,383.0,-3226.4602832793876
2025-08-07,91256.0,76020.0,54,91.99999999999973,4185.0,-3134.460283279388
2025-08-08,91563.00045776367,77448.99954223633,54,1428.999542236327,5495.000457763672,-1705.460741043061
2025-08-11,85633.0,82677.0,46,-267.0000000000008,1081.0,-1972.4607410430617
2025-08-12,92061.0,89061.0,50,905.0000000000019,6560.0,-1067.46074104306
2025-08-13,88232.0,85122.0,50,-3939.0,3501.0000000000005,-5006.46074104306
2025-08-14,85125.0,81425.0,50,402.00000000000017,598.0,-4604.46074104306
2025-08-15,85278.00085449219,78565.99914550781,50,-2859.0008544921884,2704.0008544921875,-7463.461595535248
2025-08-18,84002.0,80832.0,50,-1412.9999999999977,2925.0,-8876.461595535246
2025-08-19,79638.0,76488.0,50,-4344.000000000002,0.0,-13220.461595535247
2025-08-20,83662.0,77884.0,54,-293.99999999999784,5645.0,-13514.461595535246
2025-08-21,82833.0,76945.0,52,365.99999999999716,0.0,-13148.46159553525
2025-08-22,86001.00012207031,76570.99987792969,56,-1699.0001220703111,5842.0001220703125,-14847.46171760556
2025-08-25,82376.0,76230.0,52,-247.9999999999997,0.0,-15095.46171760556
2025-08-26,92796.0,87340.0,54,1154.9999999999982,15102.0,-13940.461717605562
2025-08-27,87398.0,82092.0,52,-100.99999999999754,0.0,-14041.46171760556
2025-08-28,95438.0,87226.0,56,1414.0000000000005,9370.0,-12627.46171760556
2025-08-29,90148.00085449219,83023.99914550781,54,-3002.0008544921884,104.0008544921875,-15629.46257209775
2025-09-02,99313.0,87695.0,54,2162.000000000001,6745.0,-13467.46257209775
2025-09-03,99611.0,88655.0,54,960.0000000000001,6350.0,-12507.46257209775
2025-09-04,101847.0,86291.0,56,700.9999999999989,9605.0,-11806.462572097751
2025-09-05,104555.00164794922,86490.99835205078,56,199.9983520507812,3547.0016479492188,-11606.46422004697
2025-09-08,101205.0,89745.0,52,-292.99999999999886,6824.000000000001,-11899.464220046968
2025-09-09,95239.0,83939.0,50,1018.0000000000007,0.0,-10881.464220046968
2025-09-10,111152.0,84246.0,50,307.00000000000256,7375.0,-10574.464220046966
2025-09-11,101185.0,77869.0,48,997.9999999999998,0.0,-9576.464220046966
2025-09-12,98542.99780273438,84235.00219726562,48,6366.002197265624,7153.997802734375,-3210.462022781342
2025-09-15,98206.0,98206.0,44,6817.0,0.0,3606.537977218658
2025-09-16,106082.0,102552.0,48,2671.000000000001,5205.0,6277.537977218659
2025-09-17,104241.0,100751.0,48,-1800.9999999999998,0.0,4476.537977218659
2025-09-18,124715.0,120975.0,50,5398.999999999999,14825.0,9875.537977218657
2025-09-19,124820.0,121480.0,50,505.00000000000256,0.0,10380.537977218659
2025-09-22,130096.0,126726.0,50,5245.999999999999,4580.0,15626.537977218657
2025-09-23,123412.0,120022.0,48,-2123.999999999999,0.0,13502.537977218657
2025-09-24,122313.0,121133.0,48,1110.9999999999986,0.0,14613.537977218655
2025-09-25,118771.0,117841.0,48,-3292.0,0.0,11321.537977218655
2025-09-26,118311.9995727539,117766.0004272461,48,-74.9995727539067,272.99957275390625,11246.538404464749
2025-09-29,118764.0,118764.0,46,725.0,0.0,11971.538404464749
2025-09-30,118736.0,118736.0,46,-27.999999999998977,0.0,11943.53840446475
2025-10-01,127503.0,127503.0,46,8767.000000000002,0.0,20710.53840446475
2025-10-02,130460.0,130460.0,46,2957.0000000000023,0.0,23667.538404464754
2025-10-03,128060.0,128060.0,46,-2400.000000000001,0.0,21267.538404464754
2025-10-06,135086.0,135086.0,46,7025.999999999999,0.0,28293.538404464754
2025-10-07,125205.0,125205.0,46,-9881.0,0.0,18412.538404464754
2025-10-08,135337.0,119797.0,48,2361.9999999999986,7770.0,20774.538404464754
2025-10-09,132816.0,116236.0,48,-3560.9999999999977,0.0,17213.538404464758
2025-10-10,122386.0,102406.0,48,-13830.0,0.0,3383.538404464758
2025-10-13,129384.0,113564.0,48,11158.0,0.0,14541.538404464758
2025-10-14,126203.0,109943.0,48,-3621.0000000000005,17925.0,10920.538404464758
2025-10-15,124438.0,108888.0,50,9055.0,15585.0,19975.538404464758
2025-10-16,126368.0,111928.0,50,3039.999999999998,0.0,23015.538404464758
2025-10-17,123690.001953125,110855.998046875,52,-2581.001953124998,4436.001953125,20434.536451339758
2025-10-20,120660.0,114000.0,50,216.99999999999764,11710.0,20651.536451339754
2025-10-21,104849.0,98459.0,48,-3830.9999999999986,12760.0,16820.536451339754
2025-10-22,110104.0,83034.0,56,-2625.0,22412.0,14195.536451339754
2025-10-23,118519.0,90453.0,62,4676.000000000001,9285.0,18871.536451339754
2025-10-24,121493.99987792969,95178.00012207031,62,4725.000122070312,627.9998779296875,23596.536573410067
2025-10-27,136183.0,105221.0,64,6504.999999999999,7290.0,30101.536573410067
2025-10-28,149174.0,109616.0,70,1635.0000000000007,31102.0,31736.536573410067
2025-10-29,138700.0,93772.0,68,2392.9999999999995,12437.0,34129.53657341006
2025-10-30,123358.0,80340.0,66,-4370.000000000002,1050.0,29759.536573410063
2025-10-31,127183.00256347656,79838.99743652344,66,-501.0025634765613,19404.002563476562,29258.5340099335
2025-11-03,109150.0,91620.0,54,1260.9999999999995,10300.0,30519.5340099335
2025-11-04,89874.0,75224.0,50,-6096.000000000001,1694.0,24423.5340099335
2025-11-05,119587.0,104055.0,58,3972.0,28837.0,28395.5340099335
2025-11-06,120274.0,99018.0,60,-6742.0,6365.0,21653.5340099335
2025-11-07,117714.00296020508,96903.99703979492,60,-2114.0029602050786,8196.002960205078,19539.531049728423
2025-11-10,112255.0,108201.0,50,3101.000000000002,0.0,22640.531049728423
2025-11-11,111491.0,105895.0,54,-4116.0,4175.0,18524.531049728423
2025-11-12,115547.0,106659.0,56,-1466.000000000001,10231.0,17058.531049728423
2025-11-13,111063.0,101247.0,54,-975.9999999999993,0.0,16082.531049728423
2025-11-14,106713.0005493164,99250.9994506836,54,-1996.000549316405,1199.0005493164062,14086.530500412018
2025-11-17,109623.0,103021.0,54,1711.9999999999966,3206.0,15798.530500412015
2025-11-18,113408.0,102490.0,56,-1590.9999999999986,6145.0,14207.530500412016
2025-11-19,113273.0,102519.0,54,1489.0,0.0,15696.530500412016
2025-11-20,112136.0,100212.0,54,-2307.0000000000005,0.0,13389.530500412016
2025-11-21,111412.9997253418,99659.0002746582,54,-552.9997253417966,4665.999725341797,12836.53077507022
2025-11-24,107112.0,103714.0,48,1144.9999999999993,3515.9999999999995,13981.53077507022
2025-11-25,117486.0,114766.0,48,2518.0000000000005,12050.0,16499.53077507022
2025-11-26,116198.0,114258.0,48,-507.9999999999992,0.0,15991.53077507022
2025-11-28,115993.99960327148,114462.00039672852,48,204.0003967285156,765.9996032714844,16195.531171798735
2025-12-01,113921.0,113921.0,44,-1307.0000000000027,0.0,14888.531171798732
2025-12-02,114535.0,114535.0,44,614.0000000000036,0.0,15502.531171798735
2025-12-03,133666.0,123156.0,52,2760.9999999999977,16370.0,18263.53117179873
2025-12-04,139310.0,122490.0,56,-5970.999999999996,11305.0,12292.531171798735
2025-12-05,138214.0,120674.0,56,-1816.000000000001,0.0,10476.531171798735
2025-12-08,139045.0,121815.0,56,1141.000000000001,0.0,11617.531171798735
2025-12-09,140128.0,122428.0,56,612.9999999999994,5480.0,12230.531171798735
2025-12-10,149502.0,125382.0,56,4024.0000000000014,20560.0,16254.531171798737
2025-12-11,132640.0,112786.0,54,-2315.999999999999,0.0,13938.531171798739
2025-12-12,126786.99987792969,107261.00012207031,54,-5524.9998779296875,6652.9998779296875,8413.531293869051
2025-12-15,119768.0,113488.0,48,-426.00000000000085,0.0,7987.53129386905
2025-12-16,117874.0,111144.0,48,-2344.000000000001,7185.999999999999,5643.5312938690495
2025-12-17,109677.0,102127.0,46,-1831.000000000001,0.0,3812.5312938690486
2025-12-18,105796.0,103202.0,46,1075.0,0.0,4887.531293869049
2025-12-19,103002.00134277344,101817.99865722656,46,-1384.0013427734355,592.0013427734375,3503.529951095613
2025-12-22,101374.0,101374.0,44,-1036.0000000000005,0.0,2467.5299510956124
2025-12-23,99597.0,99597.0,44,-1777.0000000000007,0.0,690.5299510956118
2025-12-24,99597.0,99597.0,44,0.0,0.0,690.5299510956118
2025-12-26,99471.0,99471.0,44,-126.00000000000031,0.0,564.5299510956114
2025-12-29,97032.0,97032.0,44,-2439.0000000000014,0.0,-1874.4700489043898
2025-12-30,96976.0,96976.0,44,-55.999999999996895,0.0,-1930.4700489043867
2025-12-31,95748.0,95748.0,44,-1228.0000000000005,0.0,-3158.470048904387
2026-01-02,104327.0,104327.0,44,8579.0,0.0,5420.529951095613
2026-01-05,109230.0,109230.0,44,4902.999999999998,0.0,10323.52995109561
2026-01-06,113767.0,113767.0,44,4537.000000000002,0.0,14860.529951095612
2026-01-07,113844.0,113844.0,44,77.00000000000057,0.0,14937.529951095612
2026-01-08,109612.0,109612.0,44,-4232.000000000002,0.0,10705.52995109561
2026-01-09,117917.0,117917.0,44,8304.999999999998,0.0,19010.52995109561
2026-01-12,119303.0,119303.0,44,1386.000000000003,0.0,20396.529951095614
2026-01-13,120619.0,119099.0,48,-958.9999999999977,2275.0,19437.529951095617
2026-01-14,120719.0,119169.0,48,69.99999999999825,0.0,19507.529951095617
2026-01-15,128587.0,127097.0,48,7928.000000000002,0.0,27435.529951095617
2026-01-16,132750.0,131328.0,48,4230.999999999999,0.0,31666.529951095617
2026-01-20,132288.0,130718.0,48,-609.9999999999991,0.0,31056.529951095617
2026-01-21,175028.0,131956.0,60,7217.9999999999945,36100.0,38274.52995109561
2026-01-22,182663.0,133257.0,64,-1703.9999999999995,5215.0,36570.52995109561
2026-01-23,180122.9997253418,131937.0002746582,64,-1319.9997253417957,387.9997253417969,35250.53022575381
2026-01-26,189019.0,135819.0,66,-340.99999999999943,7435.0,34909.53022575381
2026-01-27,210340.0,146884.0,70,5010.000000000001,72930.0,39919.53022575381
2026-01-28,156890.0,96412.0,70,6912.999999999999,12620.0,46832.53022575381
2026-01-29,164133.0,92899.0,72,-4107.9999999999945,5665.0,42724.53022575382
2026-01-30,152838.00061035156,96361.99938964844,72,3462.9993896484357,22868.000610351562,46187.52961540226
2026-02-02,132914.0,114694.0,60,4379.999999999998,8401.0,50567.52961540226
2026-02-03,124215.0,107527.0,56,1234.0000000000016,12119.0,51801.52961540226
2026-02-04,112990.0,86602.0,52,-8806.000000000002,2515.0,42995.52961540226
2026-02-05,119440.0,82984.0,52,1732.0000000000016,2835.0,44727.52961540226
2026-02-06,116429.00146484375,82570.99853515625,52,-413.00146484374875,13514.00146484375,44314.52815055851
2026-02-09,99757.0,92383.0,42,-3702.0000000000027,0.0,40612.52815055851
2026-02-10,98258.0,91228.0,42,-1154.9999999999986,1600.0,39457.52815055851
2026-02-11,103671.0,94781.0,40,5152.999999999999,12041.0,44610.52815055851
2026-02-12,92645.0,85055.0,36,2314.9999999999995,0.0,46925.52815055851
2026-02-13,93439.00036621094,82456.99963378906,36,-2598.0003662109375,5491.0003662109375,44327.52778434757
2026-02-17,85836.0,85836.0,34,-2111.9999999999995,0.0,42215.52778434757
2026-02-18,89368.0,87638.0,38,322.0000000000007,3210.0,42537.52778434757
2026-02-19,89193.0,87213.0,38,-425.00000000000273,0.0,42112.52778434757
2026-02-20,98802.0,97022.0,40,28.999999999999822,9780.0,42141.52778434757
2026-02-23,101238.0,99124.0,40,2102.0000000000036,0.0,44243.52778434758
2026-02-24,98711.0,96981.0,40,-2143.0000000000027,3167.0,42100.52778434758
2026-02-25,94384.0,92554.0,36,-1260.000000000001,0.0,40840.52778434758
2026-02-26,94575.0,90875.0,36,-1678.9999999999966,0.0,39161.52778434758
2026-02-27,94502.99975585938,91291.00024414062,36,416.00024414062415,1605.999755859375,39577.5280284882
2026-03-02,92525.0,92525.0,34,-372.0000000000007,0.0,39205.5280284882
2026-03-03,90179.0,90179.0,34,-2345.9999999999995,6798.0,36859.5280284882
2026-03-04,83514.0,83514.0,32,132.99999999999778,0.0,36992.5280284882
2026-03-05,82206.0,82206.0,32,-1308.0,0.0,35684.5280284882
2026-03-06,80720.0,80720.0,32,-1485.9999999999989,0.0,34198.5280284882
2026-03-09,80192.0,80192.0,32,-528.0000000000001,5808.0,33670.5280284882
2026-03-10,75365.0,75365.0,30,980.9999999999989,0.0,34651.5280284882
2026-03-11,96240.0,86290.0,34,1520.0000000000002,25005.0,36171.5280284882
2026-03-12,93279.0,81559.0,36,-221.00000000000045,2990.0,35950.5280284882
2026-03-13,94954.0,83964.0,36,2404.999999999998,0.0,38355.5280284882
2026-03-16,93807.0,82467.0,36,-1496.9999999999975,0.0,36858.5280284882
2026-03-17,94040.0,81620.0,36,-846.9999999999995,20018.0,36011.5280284882
2026-03-18,75588.0,63918.0,34,2316.0,2438.0,38327.5280284882
2026-03-19,70685.0,63209.0,32,1729.0,0.0,40056.5280284882
2026-03-20,70258.9990234375,67161.0009765625,32,3952.000976562501,1548.9990234374998,44008.5290050507
2026-03-23,81596.0,81596.0,30,-3534.0,16420.0,40474.5290050507
2026-03-24,84253.0,84253.0,30,2656.9999999999995,3614.9999999999995,43131.5290050507
2026-03-25,78074.0,78074.0,28,-2564.0,0.0,40567.5290050507
2026-03-26,82861.0,82861.0,28,4787.000000000002,0.0,45354.5290050507
2026-03-27,88087.0,88087.0,28,5225.999999999998,0.0,50580.5290050507
2026-03-30,89127.0,89127.0,28,1040.0000000000011,0.0,51620.5290050507
2026-03-31,89576.0,89576.0,30,-10071.000000000002,10520.0,41549.5290050507
2026-04-01,86662.0,86662.0,30,-2914.0,0.0,38635.5290050507
2026-04-02,87221.0,87221.0,30,559.0000000000013,0.0,39194.5290050507
2026-04-06,85668.0,85668.0,30,-1552.999999999999,0.0,37641.5290050507
2026-04-07,85814.0,85814.0,30,145.99999999999986,0.0,37787.5290050507
2026-04-08,127833.0,103973.0,34,199.00000000000028,41820.0,37986.5290050507
2026-04-09,131647.0,105419.0,38,589.9999999999985,2284.0,38576.5290050507
2026-04-10,134382.0,106802.0,38,1383.0000000000005,0.0,39959.5290050507
2026-04-13,133364.0,104658.0,38,-2144.0000000000036,0.0,37815.5290050507
2026-04-14,135664.0,105832.0,38,1174.000000000002,16720.0,38989.5290050507
2026-04-15,123398.0,94180.0,40,-741.9999999999973,13654.0,38247.5290050507
2026-04-16,113456.0,98032.0,42,4240.999999999998,2995.0,42488.5290050507
2026-04-17,115832.00512695312,96373.99487304688,42,-1658.0051269531243,6249.005126953125,40830.52387809758
2026-04-20,106146.0,99926.0,38,-2697.000000000001,0.0,38133.52387809758
2026-04-21,106805.0,100693.0,38,767.0000000000009,5410.0,38900.52387809758
2026-04-22,132290.0,111050.0,52,4732.0,26535.0,43632.52387809758
2026-04-23,130495.0,109185.0,52,-1865.0000000000032,0.0,41767.52387809758
2026-04-24,138605.00131225586,116044.99868774414,52,6859.99868774414,2624.0013122558594,48627.52256584172
2026-04-27,134872.0,116788.0,48,-1880.9999999999964,0.0,46746.52256584172
2026-04-28,128520.0,110370.0,48,-6418.0,17220.0,40328.52256584172
2026-04-29,114187.0,95513.0,38,2363.0000000000005,0.0,42691.52256584172
2026-04-30,121925.0,97279.0,38,1765.9999999999986,109602.0,44457.52256584172
2026-05-01,11665.998840332031,-11665.998840332031,8,657.0011596679686,11665.998840332031,45114.52372550969
