date,delta_dollars,gamma_dollars,vega_dollars,theta_dollars,open_legs,n_tickers
2016-01-07,0.0,0.0,0.0,9.350045852446618,0,1
2016-01-08,0.0,0.0,0.0,9.506078886848922,0,1
2016-01-11,0.0,0.0,0.0,16.896545995819434,0,1
2016-01-12,0.0,0.0,0.0,98.91081488452852,0,3
2016-01-13,0.0,0.0,0.0,112.47761659686711,0,3
2016-01-14,0.0,0.0,0.0,148.94294100708993,0,3
2016-01-15,0.0,0.0,0.0,81.18172756839269,0,3
2016-01-19,0.0,0.0,0.0,241.84979257241807,0,3
2016-01-20,0.0,0.0,0.0,145.0286631922678,0,4
2016-01-21,0.0,0.0,0.0,532.3095474008951,0,8
2016-01-22,0.0,0.0,0.0,509.0633276696721,0,8
2016-01-25,0.0,0.0,0.0,1102.5262743034434,0,7
2016-01-26,0.0,0.0,0.0,1286.4468539566367,0,7
2016-01-27,0.0,0.0,0.0,1903.5950631168357,0,7
2016-01-28,0.0,0.0,0.0,2090.047260584074,0,7
2016-01-29,0.0,0.0,0.0,254.6195757416431,0,7
2016-02-01,0.0,0.0,0.0,411.72770024113674,0,4
2016-02-02,0.0,0.0,0.0,54.94069223748412,0,4
2016-02-03,0.0,0.0,0.0,317.7132520597414,0,6
2016-02-04,0.0,0.0,0.0,717.7658085141642,0,6
2016-02-05,0.0,0.0,0.0,95.55528421360683,0,6
2016-02-08,0.0,0.0,0.0,108.06195759893268,0,5
2016-02-09,0.0,0.0,0.0,179.83757081913012,0,5
2016-02-10,0.0,0.0,0.0,292.4461081247829,0,5
2016-02-11,0.0,0.0,0.0,-6.8612284254161295,0,5
2016-02-12,0.0,0.0,0.0,-47.437063964442395,0,5
2016-02-16,0.0,0.0,0.0,-50.42328341870493,0,4
2016-02-17,0.0,0.0,0.0,-52.502153383707686,0,4
2016-02-18,0.0,0.0,0.0,-54.77433510474303,0,5
2016-02-19,0.0,0.0,0.0,-54.10327655910221,0,5
2016-02-22,0.0,0.0,0.0,-103.56873651164183,0,6
2016-02-23,0.0,0.0,0.0,-120.95559087614204,0,8
2016-02-24,0.0,0.0,0.0,-123.7173480230657,0,8
2016-02-25,0.0,0.0,0.0,-56.84247940196063,0,9
2016-02-26,0.0,0.0,0.0,-47.67069886710336,0,9
2016-02-29,0.0,0.0,0.0,4.114300869173055,0,9
2016-03-01,0.0,0.0,0.0,-6.7808851691256855,0,9
2016-03-02,0.0,0.0,0.0,68.99916824576287,0,9
2016-03-03,0.0,0.0,0.0,264.45067689000774,0,9
2016-03-04,0.0,0.0,0.0,-127.57876887371755,0,9
2016-03-07,0.0,0.0,0.0,-130.69726798814398,0,8
2016-03-08,0.0,0.0,0.0,-123.86449704615272,0,9
2016-03-09,0.0,0.0,0.0,-123.81711258638614,0,9
2016-03-10,0.0,0.0,0.0,-95.57149492552904,0,10
2016-03-11,0.0,0.0,0.0,-88.08480347480946,0,10
2016-03-14,0.0,0.0,0.0,-57.18162305031417,0,10
2016-03-15,0.0,0.0,0.0,-27.97975077639954,0,10
2016-03-16,0.0,0.0,0.0,-23.74505603907263,0,10
2016-03-17,0.0,0.0,0.0,67.40441032953045,0,10
2016-03-18,0.0,0.0,0.0,-136.97413134608146,0,10
2016-03-21,0.0,0.0,0.0,-154.65057838728376,0,12
2016-03-22,0.0,0.0,0.0,-160.33416657336053,0,12
2016-03-23,0.0,0.0,0.0,-168.41336011306475,0,13
2016-03-24,0.0,0.0,0.0,-169.05864740028952,0,13
2016-03-28,0.0,0.0,0.0,-175.44596271792835,0,13
2016-03-29,0.0,0.0,0.0,-166.07651140073503,0,13
2016-03-30,0.0,0.0,0.0,-153.2768242519522,0,13
2016-03-31,1010.9903143341477,131.67594767630044,0.0,-175.58607433212114,28,13
2016-04-01,1187.1035747350138,137.72338274739835,0.0,-172.6770738555657,26,13
2016-04-04,796.7263958035533,143.122858862575,0.0,-179.66849258181958,25,13
2016-04-05,1005.3149106754379,140.44275365658982,0.0,-192.51782800905303,26,13
2016-04-06,1297.6340099380504,137.3604399317069,0.0,-187.43851505549543,26,13
2016-04-07,720.4726291540103,141.67669782102988,0.0,-205.00555748310987,25,13
2016-04-08,1105.8980860564632,143.7269408828267,0.0,-202.53671212383608,26,13
2016-04-11,1070.0545199259072,125.75279881750629,0.0,-159.37256086625334,28,13
2016-04-12,1158.4956037685283,112.13763835303976,0.0,-139.07333119880562,29,14
2016-04-13,1302.3318920735205,96.1067720611388,0.0,-113.11523464998993,31,14
2016-04-14,1347.8133159553481,24.912990471440548,2.205443396565672,179.15730574360455,36,14
2016-04-15,1016.8244755749424,24.275570709214268,1.965545008989209,232.15743166841028,35,14
2016-04-18,1632.531021352886,30.81938388274551,231.80273976174482,550.3241162638917,39,15
2016-04-19,1780.9769336043585,30.59182846705523,306.5666350328623,637.1679360765505,42,15
2016-04-20,1468.7567493838017,16.28774467282339,307.39117319538434,958.0590378246037,39,15
2016-04-21,945.7606721952778,-107.42177392882132,133.30835236817475,2538.3131972506026,37,14
2016-04-22,899.0495120560095,3.9663112066776165,174.48721225101826,306.25228187641136,27,14
2016-04-25,878.2156623561394,0.6060090634637845,201.2356131851506,598.2694745166665,27,10
2016-04-26,1009.4674895031111,-22.988354807868987,78.30732944276566,812.1374399663688,24,10
2016-04-27,1002.5216061355795,-35.38733863786439,88.46593615988026,1192.4655918922535,28,11
2016-04-28,988.4458910409243,-113.02456928538612,-17.85231403643951,2394.828355107271,28,11
2016-04-29,622.1769442144997,5.707911760087612,37.79414025487012,128.9960981719114,21,11
2016-05-02,284.5861637011624,2.948295813919753,38.79411952227129,240.30278573744152,21,9
2016-05-03,871.0690360663497,41.094147567443564,737.7994188940136,226.1462816599612,24,10
2016-05-04,526.9812055734694,45.102042063074975,739.1678139091844,258.1629876887102,22,10
2016-05-05,408.812021779411,60.931367898546654,754.2198070328952,-14.417419973724726,22,10
2016-05-06,329.00097752246825,73.0254616455507,723.4819818916976,-79.51446172250789,17,10
2016-05-09,418.2211316808682,80.31450113857944,701.3940771661321,-83.0778340775039,18,9
2016-05-10,591.0796982540259,87.02634445240099,646.3400145079536,-75.07799146314865,17,9
2016-05-11,574.3617438683932,69.04533210875043,621.3797697881554,-76.16236171239133,20,9
2016-05-12,556.8344785193879,64.98885161382705,606.7417709497563,-71.89739159790417,20,9
2016-05-13,505.8787661502166,63.92266104098233,619.1681644494321,-76.99378672273082,20,9
2016-05-16,529.7323483946341,63.10190475627707,606.5460315178617,-64.3597636840834,19,9
2016-05-17,447.23921876730014,61.74662735967415,639.8536019789088,-74.95159416103124,20,9
2016-05-18,466.3495480539689,58.2652407688075,630.8760674298426,-52.820312124369636,18,9
2016-05-19,431.9413085174068,41.98690638415505,625.4040900936543,-67.51175413806784,18,9
2016-05-20,528.5865025547638,65.82916361937215,610.094809474361,-81.64824148067795,16,9
2016-05-23,590.4946853009792,75.87059870819871,609.8421575723798,-89.92686936622907,20,10
2016-05-24,457.46703725076935,130.8570291438183,587.7099605745693,-109.06001162849488,22,11
2016-05-25,456.1277650753645,108.12733280166019,576.9624965954599,-108.35485079051116,22,11
2016-05-26,512.1860408424732,72.2866489646903,553.7107337115733,-50.20607297894993,24,11
2016-05-27,618.0045383787524,76.10695229625172,554.1219480987634,-39.28329918260657,24,11
2016-05-31,616.6694421869164,83.6324374127613,509.2085595058414,55.5935605482667,24,11
2016-06-01,575.2347057957691,79.02401364118776,510.08312858626476,141.90324147713352,24,11
2016-06-02,306.589827062858,82.75961198175936,482.1859788373164,366.0346748809617,22,11
2016-06-03,226.5197032257342,117.77316630895942,483.1466717110394,-105.37365199187933,20,11
2016-06-06,200.54578042822175,113.33496655659721,474.3957502853489,-107.36427844073634,20,10
2016-06-07,189.68151620683855,115.7606629331309,478.0855849560485,-109.9514891205311,20,10
2016-06-08,270.8853359370634,124.36765778406541,458.54704891413166,-111.40478236653772,20,10
2016-06-09,281.56085630282865,119.29967669596324,451.3149421691129,-108.40289302986858,24,10
2016-06-10,13.520593756243471,134.21741933171947,485.2753959886693,-132.04617679750606,26,11
2016-06-13,22.891136617287657,132.0393659784143,475.3095944107571,-141.79948611802314,26,11
2016-06-14,74.31078515561259,131.0418629692683,451.5939574374105,-139.58308686716975,26,11
2016-06-15,56.15192275185916,133.7654452740094,474.4851464628873,-147.50661305669874,26,11
2016-06-16,20.75872662810167,122.65353998273095,458.4407422197811,-65.32055687375917,24,11
2016-06-17,-159.3409025792961,123.91142036776775,480.6696617705814,-132.6266667244656,22,11
2016-06-20,-268.6658763166056,139.4880760317634,430.4612341902167,-129.91201055404312,24,12
2016-06-21,-348.16424035503405,136.32768266979085,420.54893536033734,-125.03809145595173,22,11
2016-06-22,-418.7400109844174,126.18082591467241,433.45511634919046,-125.33454505235512,22,11
2016-06-23,-245.73371075358222,125.0116576764229,374.98058051677765,-112.16794157729277,26,11
2016-06-24,-584.4034727525543,91.25193209384668,460.80696695000046,-116.0344888976654,26,11
2016-06-27,-566.0688241629176,83.00086336404765,459.86152942462286,-127.67746477982791,26,11
2016-06-28,-409.9606380889822,91.28954927412701,403.4684265409206,-121.17383382283415,26,11
2016-06-29,-355.7482097242765,93.61606622853681,376.6864070898978,-118.5142273481455,26,11
2016-06-30,-347.25984146681424,92.91564618078435,374.1805696085811,-93.5712452354577,24,11
2016-07-01,-280.82378467641024,107.50269896354678,340.70077512391777,-142.21886960273045,22,11
2016-07-05,-327.968795391941,102.55355366804942,321.35674742043574,-150.46765237401684,22,11
2016-07-06,-296.82721613692763,105.9000825762025,297.7338608361904,-150.4819333245583,22,11
2016-07-07,-263.56258178075706,106.52192533885206,293.7385507023883,-155.2405551664248,22,11
2016-07-08,-142.85519991974346,118.73047128213747,254.94626397018743,-150.89701827830078,22,11
2016-07-11,-59.12839262868627,117.8630116294037,207.8572709062786,-109.46120173452792,24,11
2016-07-12,-15.952170000328167,124.06249367743447,239.05053854988634,-106.60674269390591,28,11
2016-07-13,-91.07084463803713,102.41027293027754,241.17816635669388,-76.02889465617687,34,12
2016-07-14,-21.322478967728244,113.76599154201507,228.88557662148946,-65.57647945729255,38,13
2016-07-15,-36.539526240350185,114.41306100399265,229.0925214635277,-55.25758244649413,38,13
2016-07-18,353.0846230453793,163.63087723968397,219.9482553548146,-11.515233015876335,44,15
2016-07-19,458.18619603634806,151.8910938823659,203.4383993451589,-68.2602802948534,46,15
2016-07-20,457.77327635066626,86.40453458025341,190.7151576391186,-32.478160679461126,44,15
2016-07-21,165.7480451684025,-16.52710201151481,861.5346576148966,627.0664959993128,49,15
2016-07-22,261.3355007838511,32.31708345870252,874.2221302754914,485.5940376399375,40,15
2016-07-25,294.3722389746718,28.926275354185755,893.2941501865276,940.9400518181442,39,14
2016-07-26,571.5437196797192,21.426164328661358,902.0994454832714,1303.1312168004088,38,14
2016-07-27,358.0506139887309,-7.463287931323244,930.6655555236644,2141.826903513673,38,14
2016-07-28,-313.96426227337315,-74.84829049510866,173.4808307966337,4347.546164463405,34,14
2016-07-29,218.01306177156306,91.42169901964071,294.8093353531907,2.0896182367274747,26,14
2016-08-01,320.5679166379331,86.38750325175893,286.69918107528434,72.00033316320649,26,12
2016-08-02,262.0124370906266,84.56856652985044,286.4601886766724,121.17862634984843,26,12
2016-08-03,325.82613879513644,77.17550061854905,283.09256191141105,256.0742347905671,23,12
2016-08-04,372.65422459629474,17.56429891651781,280.59595721712526,164.5649660539758,28,13
2016-08-05,463.9281375298064,70.12622647133763,272.726502148988,-23.867303715692383,25,13
2016-08-08,441.4395629249057,70.73469270240096,268.2956261168515,9.209206897541002,25,12
2016-08-09,485.7577889710515,68.20672139850534,267.744126941938,37.67249769312539,26,12
2016-08-10,440.2655153382443,67.58537291387817,283.2673644684595,82.20974403883478,30,12
2016-08-11,322.354209503739,60.6476873413137,281.56331263631506,181.20726712648684,29,13
2016-08-12,491.195621051172,71.54447086997041,281.85984089348955,-67.20022374351382,26,13
2016-08-15,541.1854548340658,69.72735869173833,283.15048401886725,-53.88335488213318,26,12
2016-08-16,474.5332947099816,73.03585160363528,284.5356488710553,-54.733123293354105,26,12
2016-08-17,498.7091982714849,71.88175747915399,287.48825495606627,-33.69540024406837,26,12
2016-08-18,480.23518970065237,66.8699446853083,288.91666733013705,-14.955848333693165,26,12
2016-08-19,513.8271245523003,85.51358707175947,288.0411717057237,-88.94906843376972,22,12
2016-08-22,570.8680879372906,90.05786210375629,281.7448072642163,-93.91788941845718,24,12
2016-08-23,1015.7387110679981,131.7379450933815,278.56255935863726,-126.54612910184035,28,14
2016-08-24,929.185664807133,139.06330402132664,277.0180818766861,-131.58765007672625,28,14
2016-08-25,914.5106791627145,89.01455818882692,274.98672140500094,-68.37161502343378,30,14
2016-08-26,1006.9986735237372,78.86497097738722,272.3219801563351,-59.868042771180676,30,14
2016-08-29,1024.0219001887474,72.67722557536354,265.0561671910189,-20.62958991338053,30,14
2016-08-30,1005.8918466810849,83.84124191350503,263.8073438946961,34.37295161576559,30,14
2016-08-31,1000.7220349320949,83.07890438231479,262.2100980405497,105.70056585873765,30,14
2016-09-01,704.1638203900135,61.34367644698695,259.40471105011227,293.43235922715576,30,15
2016-09-02,825.7315235957084,125.72238808075629,253.28069203491324,-138.86949982001315,28,15
2016-09-06,1006.5747733922519,115.37733540342953,242.14867837116236,-146.87056531507,28,14
2016-09-07,980.6072444013957,118.97965324834324,249.70350867519002,-150.10340513535147,28,14
2016-09-08,936.4490534903009,121.5211112712226,251.3583184676118,-142.97966788926263,32,14
2016-09-09,580.3601452980025,129.09792583448692,248.42535821882691,-160.97108945896406,32,14
2016-09-12,807.8283422600016,128.09411564055486,231.4112443214311,-159.02155009037136,32,14
2016-09-13,612.9469258525237,125.3112885997786,232.5906933626511,-170.08273761296414,32,14
2016-09-14,658.2526071761617,124.76304670649286,228.49876656742092,-167.9642591063055,32,14
2016-09-15,847.79632372591,115.93654389319052,217.8841756821039,-86.87050291760121,30,14
2016-09-16,921.2775624488872,121.68001874764657,220.8732960254404,-161.55655487032928,28,14
2016-09-19,935.5292532223135,142.9371476587291,224.29826346152836,-179.70303031193484,30,15
2016-09-20,872.6586582238538,148.92651353191508,268.14529406507734,-192.44524257748427,32,16
2016-09-21,932.9673617176879,146.26893670778009,254.5373238348323,-184.63935063705074,31,16
2016-09-22,1172.3988719786205,136.7739783504041,273.85079767171425,-176.40010367716593,32,16
2016-09-23,1210.3776413292676,140.7835236089114,289.58323527046656,-183.95348501825623,32,16
2016-09-26,1143.3832980467446,164.6727047913414,287.3328785796273,-201.94079348018656,32,16
2016-09-27,1392.6830713095533,154.57277638234558,258.18265401504766,-185.2946051167942,36,16
2016-09-28,1456.5025835819501,152.3363750276591,234.2556766896089,-182.65940094502406,36,16
2016-09-29,1311.6045334567013,152.96758869079068,231.0551357011231,-193.9399731308244,36,16
2016-09-30,1410.733564207277,147.85963936692178,213.22627888025607,-188.59588257321718,36,16
2016-10-03,1468.5229336570592,149.51107902670918,203.30132383473287,-196.40084791186,36,16
2016-10-04,1402.5900669004118,144.80991192693256,205.02112634365434,-196.15915414036897,34,16
2016-10-05,1545.3156749544073,137.18128065944532,187.68106552242526,-205.64819986548352,34,16
2016-10-06,1509.207943125871,133.76324406039095,191.03167552615895,-205.4452598198803,33,16
2016-10-07,1508.4224977875967,151.16151373027384,184.79775758685795,-214.08275584351333,32,16
2016-10-10,1640.0619044741413,136.27171102898527,157.82778523080984,-176.61337055832408,34,16
2016-10-11,1443.3327535614508,138.0224665899846,156.78224556223248,-196.83245082490777,36,16
2016-10-12,1485.5060740749645,126.04655924879378,152.25465853265027,-179.5902622328251,40,17
2016-10-13,1396.5120229041083,130.0833705723972,152.60047675798523,-177.54394434748258,42,17
2016-10-14,1358.080924689501,128.99743705540803,153.13629441527195,-164.63422056546437,42,17
2016-10-17,1278.7071708948874,126.06897097371893,158.85505562231936,-45.609755834183396,38,16
2016-10-18,1136.7207779717392,112.71611196232266,160.1345226109611,-105.00704806000881,40,16
2016-10-19,1119.976074062225,82.07026632214802,154.96512408506175,-32.13922105701925,43,16
2016-10-20,1082.375539304426,-74.6584921335924,395.0510136392221,756.9307078580574,50,16
2016-10-21,1258.5862280064648,-24.32486348543209,404.4709447704443,566.7719684825456,42,16
2016-10-24,1222.646254706736,-38.356020279319175,87.42181720101713,998.657827583385,45,15
2016-10-25,1133.4577721637593,-37.11411960829011,97.985100697989,1450.427180498902,43,15
2016-10-26,1436.0917882690644,-84.80893116166379,135.69982773945068,2438.8369827087563,48,15
2016-10-27,292.8449472981392,-238.77565350280398,220.5804048065598,4495.069834257952,42,15
2016-10-28,284.3692061886097,102.00688167988305,37.122434289336844,-49.41218325914287,32,15
2016-10-31,397.10770306377424,104.6450515059302,37.333433961120754,-21.0834598449844,32,13
2016-11-01,161.6180388089296,101.06097732592194,42.73044152087201,13.45764382737553,31,13
2016-11-02,-97.62191215024579,122.58253323280441,41.744018172132705,-59.584746758890915,27,13
2016-11-03,-157.22144415083375,116.14340562050413,39.56428085004465,-16.099950790104035,28,13
2016-11-04,-215.45459480943794,120.53357820402154,38.766076419685334,-74.98431373039949,26,13
2016-11-07,-39.59215746774324,131.8842706891344,43.28046064698879,-42.22957571038233,25,12
2016-11-08,0.16439416947311258,132.55215265442556,31.619794311230233,-20.155371055850992,25,12
2016-11-09,-57.94670132151418,99.03384192764626,23.103231164549282,28.07663947516807,27,12
2016-11-10,-367.46217387421024,83.62049200223073,22.573041319198857,143.41236228972534,26,12
2016-11-11,-417.3489809473026,96.41317697135258,22.986780847555153,-109.01369060815645,24,12
2016-11-14,-597.0309171353178,83.96760380611641,21.33810031530055,-105.56007381351316,23,11
2016-11-15,-459.5955320004499,103.11199801945133,29.145062230463967,-124.8690785887359,24,11
2016-11-16,-411.07681949304276,102.39041117377532,29.844281587114452,-88.74129932095357,22,11
2016-11-17,-338.1344622758533,109.76703029519493,31.243996073387947,-64.80572887256616,20,10
2016-11-18,-335.8987370724964,113.32198790748504,31.00887528935819,-102.86648176670471,18,10
2016-11-21,-188.08617155617338,136.1256397081758,33.14962572815514,-110.3572726619293,20,10
2016-11-22,-226.29200593607115,200.84597755312956,32.52194353620108,-152.29510579224444,24,12
2016-11-23,-307.1975392919838,196.49501760894373,31.984868194954036,-154.09488192361164,24,12
2016-11-25,-287.17366014542637,196.3809891683635,31.167602914167787,-160.55334222880816,24,12
2016-11-28,-383.3293769086484,197.02135248052576,29.290205187541748,-167.17744162097986,24,12
2016-11-29,-398.61126300848116,200.39125147966186,27.773399801340872,-169.22806916458757,24,12
2016-11-30,-643.5994752705378,189.97710767763456,26.182000978575488,-165.3918649280071,24,12
2016-12-01,-967.5794589813233,174.53207937972604,26.369706818982557,-156.01222043918176,24,12
2016-12-02,-991.1536240965636,176.5692014925939,25.8004262547244,-154.4363156288091,24,12
2016-12-05,-790.0734155117774,223.26108025424156,9.344757412025587,-176.67821803255885,24,12
2016-12-06,-878.2074787678173,240.25252112157762,8.979762678447823,-183.03325277981256,26,13
2016-12-07,-645.3833894235186,279.35716604050833,-9.74856063404685,-201.39569048422968,26,13
2016-12-08,-544.9058286660197,230.58190223603106,-5.95357815146306,-116.44731686883209,30,13
2016-12-09,-409.9193546756443,236.70782779021917,-9.655837339135175,-117.17595463860592,30,13
2016-12-12,-518.1876539200978,243.6653940364096,-12.93784951793054,-88.07155040340324,30,13
2016-12-13,-267.22506739525176,265.1233906552269,-13.404922205371026,-69.96692446221107,30,13
2016-12-14,-293.3650623191563,236.48262923920743,-4.63258099799318,-24.606354415440396,34,13
2016-12-15,-368.6955606941524,247.56769431125673,-0.20588694628009385,186.10373284599535,32,13
2016-12-16,-531.8165273632543,259.52001043227,5.338967995767795,-145.84174027383875,27,13
2016-12-19,-203.61453875380926,284.81557077395695,11.054478269615535,-158.08691344286578,30,13
2016-12-20,-93.6967818985569,294.95315689890526,4.205001769835677,-159.33353830260643,30,13
2016-12-21,-171.94074376768344,282.1448020364932,1.6644795046011578,-150.64347129842088,28,13
2016-12-22,-230.86519797756256,279.7388382041948,5.485366175227381,-132.25915988321685,28,13
2016-12-23,-247.1528272990151,298.0313570282998,-1.5456009562034003,-177.4681170400486,26,13
2016-12-27,-74.4056776638185,318.62237791924133,-0.8526894151121303,-191.24108279394306,26,13
2016-12-28,-89.46513462358523,299.64771643679876,1.6884144700429813,-194.54863405188834,26,13
2016-12-29,-223.2837239795536,309.30064315081245,1.362073585526736,-193.1001501938807,26,13
2016-12-30,-496.80910060664047,292.147793008437,5.950154631384871,-193.5884168481678,26,13
2017-01-03,-431.0911742085803,325.55287409037095,7.159681306183588,-205.83173229255064,25,13
2017-01-04,-356.4882165421792,341.2773954176636,14.106142716364108,-202.69090943819225,25,13
2017-01-05,135.64587967365526,349.97461644521456,15.54818181613863,-220.56829147290463,26,13
2017-01-06,533.3629779120186,411.5858868445788,5.001586303980101,-224.98058938303586,26,13
2017-01-09,634.5566507853591,395.80153473243763,8.87624506434603,-239.52163980253917,26,13
2017-01-10,599.0309698090335,401.86658593693176,8.981420515933799,-239.87582080587467,26,13
2017-01-11,502.72610011166677,382.9433199366151,9.76688819117429,-139.81684037511366,30,13
2017-01-12,649.7606939812445,370.6448313532652,8.843872865625471,-137.55354629374776,30,13
2017-01-13,871.2343335932462,384.5357064235162,11.898922510888797,-129.7527086823946,32,13
2017-01-17,677.0151390365231,398.8621260024097,15.169969139169746,-3.215201861211643,32,13
2017-01-18,469.7477494142246,416.61993276825626,30.993177604570388,170.89717304874958,26,13
2017-01-19,403.9921125697788,179.99422553119123,40.34894533293005,216.272333208433,33,14
2017-01-20,341.94641989182315,165.44786744396626,81.8616249227508,25.839845693039056,29,14
2017-01-23,556.2522084575764,196.67489828411078,101.25180971675239,156.53015707924416,38,16
2017-01-24,709.3493111081607,178.83334596173498,84.40244285037448,265.5711835922673,41,16
2017-01-25,877.7503773353694,189.25713204311592,26.470288370987433,432.94904470282796,41,15
2017-01-26,387.23414360297954,-219.60355303408542,124.8695798274217,1375.223938001256,39,15
2017-01-27,1172.0657814772148,-36.31781376066367,120.4047002371787,205.25952702029576,33,15
2017-01-30,1160.3607684698554,-38.08482928174461,145.04337621735326,426.55039245676755,33,13
2017-01-31,1160.3201452306166,-21.90943667305647,150.32517570444654,557.85795013041,32,13
2017-02-01,992.2251263407139,-18.36086479850128,168.93024817734894,946.6015786493912,30,13
2017-02-02,512.8066201598568,-192.2975144509222,98.13613983820757,2172.6518107552474,27,13
2017-02-03,553.3877659764657,33.125578802425494,154.0191285414045,22.4294473918963,22,13
2017-02-06,243.94980640127304,31.481255829069465,145.94864920519663,79.79127133195725,20,10
2017-02-07,704.0108215252678,41.99958652593389,232.08683526416067,120.73484888076771,21,10
2017-02-08,350.88195939053765,37.91920139458546,220.28269870271546,208.96727620809327,22,10
2017-02-09,804.7238190564416,31.75455993349972,216.38550020554814,452.0748216767098,22,10
2017-02-10,374.75612190232044,34.77708610712001,210.4925391897545,-33.34727311352617,19,10
2017-02-13,393.3463899612219,32.573137146371494,193.12075613196777,-32.513802614670645,19,9
2017-02-14,704.3746451633508,31.03684135388292,189.97115461538948,-33.98829754028492,19,9
2017-02-15,673.2048780832689,-42.769320931856114,128.1151273372446,104.2953794045516,19,9
2017-02-16,955.1999745968989,-30.040442092120788,144.6662782403837,114.09312483402675,20,9
2017-02-17,511.9956969831686,-43.36840693337598,140.8193353257293,94.14729604829128,17,9
2017-02-21,1314.6703579622038,93.30403561131507,378.09683761732686,176.36154665929473,24,11
2017-02-22,863.7492606889464,26.43906248246519,409.6474329248784,336.6912206738822,26,12
2017-02-23,766.603368030401,99.46824553556924,424.75728483859103,-52.66020370318446,25,12
2017-02-24,567.4321178374037,109.11144621817208,426.8922278353565,-54.25284474579643,23,12
2017-02-27,726.9720086564541,117.33274269464884,413.6029798431931,-10.497834120943725,24,11
2017-02-28,636.7583130183882,102.42052342709366,415.28557547436174,26.869958977969734,24,11
2017-03-01,600.6665902782228,89.11039101311545,396.79791216779563,77.9256184352151,23,11
2017-03-02,465.40141193582673,120.73098914643023,402.1995304202929,-78.84212221224183,24,11
2017-03-03,653.1254967656655,163.93188392007457,410.78000079590834,-131.18771042246556,21,11
2017-03-06,617.2267308135921,166.83237127444687,411.1976992501563,-136.87544229424796,21,11
2017-03-07,760.040123734001,154.5365184278122,417.08235801392345,-141.1383292555827,22,11
2017-03-08,794.9834337443251,146.56842444411595,400.8013359731107,-139.13270264373665,24,11
2017-03-09,715.1536786712551,117.08566346089954,412.0008294266092,-104.95631370901796,27,11
2017-03-10,798.4980555612273,112.46743772905444,377.9739429759929,-95.71095179469407,27,11
2017-03-13,829.7488234876055,102.81673022804752,377.2050862693862,-70.18427473712576,26,11
2017-03-14,825.4266395517765,115.00145043437946,366.9551403676098,-48.18579411427734,26,11
2017-03-15,769.8515972813143,103.71607956790311,306.9183884838923,8.358668606131264,23,11
2017-03-16,821.753459108763,106.24524969119453,344.9482947463189,146.55615115812475,28,11
2017-03-17,924.7400913448785,124.45404152949632,334.66238945703475,-125.90824235124627,24,11
2017-03-20,1107.2727427009845,160.12714342818714,408.72642022750216,-157.54306361768462,30,13
2017-03-21,727.0159016467649,212.54828285726174,416.98504799624817,-159.71500162307083,30,13
2017-03-22,818.3422788451553,208.3848076641246,392.52433032589454,-149.26994779354214,30,13
2017-03-23,633.4180219523153,217.3490904387683,394.4658431230686,-129.49336068002373,28,13
2017-03-24,683.4008227718343,225.20516083183256,407.1508620900904,-199.16469706724274,26,13
2017-03-27,794.4874052268335,228.98953083500083,389.18060985783933,-206.11828169859237,26,13
2017-03-28,933.8202677973678,223.60009619034147,380.71261379079505,-206.2833425163829,26,13
2017-03-29,1093.590296185352,200.4207569235862,368.8357063117132,-205.86769827118607,26,13
2017-03-30,1104.1826810924142,187.8978359417115,372.5141593405147,-206.25445305060833,26,13
2017-03-31,1151.2053863376018,189.9760486506102,357.703538742772,-207.07390125464534,26,13
2017-04-03,1214.9308315021385,178.143121536821,323.5336778938647,-212.92619064829378,25,13
2017-04-04,1206.4866434708251,165.95403748650432,297.5949679655548,-207.16016165344212,25,13
2017-04-05,1257.2692732223702,189.6082287515558,317.3269046457594,-229.3633692492347,26,13
2017-04-06,1214.4141131666825,191.1764111807233,305.21591340789314,-228.35581555022756,26,13
2017-04-07,1207.6871041656266,196.8150248842488,314.365307002347,-235.87040318110522,26,13
2017-04-10,1295.1874420449637,193.69738263989885,273.4520987128453,-193.32357814252555,28,13
2017-04-11,1093.1507376384905,190.93284421725562,262.7013800138438,-193.56819778120095,27,13
2017-04-12,1133.0129796922508,167.67149901096366,423.64975252256215,-175.9322119314696,36,14
2017-04-13,1100.5565833605554,169.1477228985986,416.5901843034694,-176.59941035579217,36,14
2017-04-17,1190.4498761675168,161.18496352835265,342.8849171148124,-15.70281297463226,33,14
2017-04-18,1253.8253867455776,116.3448833905969,221.01978262971804,-84.09354679715568,32,14
2017-04-19,1336.1263288663629,148.1591972076762,166.94557932152216,-124.70010570933273,35,14
2017-04-20,1096.1257003009084,-218.18584469037924,74.87221746548185,331.28261901998417,47,15
2017-04-21,1057.616955949642,-26.811456979531865,81.01065103174773,308.39281581064796,42,15
2017-04-24,973.6112037406823,-56.37630384946327,85.6527429901181,554.7288621116459,48,16
2017-04-25,1018.1075061567797,-43.08876893802161,108.11044490807768,788.3094413407084,52,16
2017-04-26,761.5378696806221,-60.367806316171524,59.965320681077245,1366.9927846917055,52,16
2017-04-27,-302.06527378879616,-115.1557010249183,-18.380811906315188,2539.128749305474,43,16
2017-04-28,555.3126182387381,60.032337260096234,-7.950694568250324,70.76092207299769,34,16
2017-05-01,778.6449159391553,84.06950987341064,281.73330882849064,117.01311913696135,34,14
2017-05-02,811.6483639325108,89.66337958154563,266.5632020722445,256.02444283978184,34,14
2017-05-03,589.4423322766847,49.843548896836154,245.44682300005894,380.4397187098927,32,14
2017-05-04,789.4236553772621,48.221546407013534,264.3230738659723,6.988396187151851,32,14
2017-05-05,723.0063859342633,132.98762360470752,267.24298702699974,-52.77500516646496,26,14
2017-05-08,804.6703661671214,137.07776879756608,252.88582313978654,-15.022584669747655,26,12
2017-05-09,1008.6670233593792,114.53910756631286,248.23110131921905,34.98959964256667,24,12
2017-05-10,794.5519223032868,128.2533616938605,386.5895209851762,-86.00406151680811,28,13
2017-05-11,776.9860865990811,111.85943033163886,380.558267705655,37.0138888458412,32,15
2017-05-12,1130.8301272676078,102.12937848943658,366.8336937802426,-57.64178998758853,30,15
2017-05-15,1052.5984902073517,94.5168350669697,367.0367458072912,-22.950240650413313,30,14
2017-05-16,1084.1579891417036,93.04374847322808,358.52372265675564,-13.837034888420837,30,14
2017-05-17,873.8755578278101,132.76049020857258,399.840870676386,93.49241761392167,28,14
2017-05-18,1081.083749561496,92.54224807285651,403.52647218621405,38.395844379048626,28,14
2017-05-19,1882.7672862189029,199.61318398002544,401.30203895909995,-160.11939488840568,24,15
2017-05-22,2387.1985049241516,208.30564518665926,381.0124303953249,-159.17772063950045,28,14
2017-05-23,2415.8141208963557,215.9524065928196,387.34917951479076,-165.62086080643004,30,15
2017-05-24,2520.457425214283,207.08753338987137,373.42328155371246,-162.06559214661684,30,15
2017-05-25,2921.878277111415,175.90781743446962,394.05263512925933,-89.65570159781541,34,15
2017-05-26,2967.4616574891947,157.55100585133812,368.7908838939348,-80.87593725112221,34,15
2017-05-30,3028.1843503141263,152.06335676095244,359.4397607388198,8.400109791724192,34,15
2017-05-31,2982.8786158968464,161.61214392836834,355.1223848121454,110.88497847165982,34,15
2017-06-01,2663.0775717945394,138.7026240111433,335.58309055446824,351.79390307148003,32,15
2017-06-02,2903.8427003427414,212.75530432520395,327.14736970375856,-151.72682736480843,30,15
2017-06-05,2920.340992775454,211.66057067902375,309.8290681146932,-155.31664026526016,30,15
2017-06-06,2938.855248240098,214.20617890392126,312.2906014452198,-158.0640994774533,30,15
2017-06-07,3079.927889684851,209.36245897107946,290.9554618857039,-151.10311160280003,30,15
2017-06-08,3275.4299560779655,200.7050002808043,277.53059835116625,-150.9742312065692,30,15
2017-06-09,2702.9243931630967,274.0055695460047,341.5818885099213,-198.16176314228647,30,15
2017-06-12,2457.151916911505,292.52337536808625,351.48119221517004,-221.32066406707216,30,15
2017-06-13,2885.215120147483,282.9132207365384,327.5897111514603,-166.43103826721202,34,15
2017-06-14,2804.655923502883,288.7143604039993,316.56760980961894,-161.33442941503168,38,16
2017-06-15,2383.8082481600923,293.35522918304656,329.0866245791056,-169.9577936203553,38,16
2017-06-16,2543.5321437728467,283.47604610119726,301.0817129510763,-156.35310014161027,38,16
2017-06-19,2838.971868154905,290.39678974423833,265.64951914974495,-101.33265925397586,41,17
2017-06-20,2623.2021206714294,290.5265304218883,272.0314156064651,-75.2523277666842,40,17
2017-06-21,2795.787237961971,270.11808824647323,258.7936305167606,-128.97072833225116,38,17
2017-06-22,2879.804056997273,269.2691760744576,259.5601154982696,-80.68703691693696,39,17
2017-06-23,3234.0127101573453,285.50447653654743,252.14714747090255,-179.14425324928993,36,17
2017-06-26,3076.8577150409396,303.37911160003966,262.1135146370582,-185.43857173708716,36,17
2017-06-27,2730.4230489923357,382.15691296911734,298.1336223644844,-215.2199138590245,36,17
2017-06-28,2899.395050505666,367.27707325191386,265.97533202099373,-159.19052850168518,35,17
2017-06-29,2699.063737624955,438.98973822123344,293.6922668801562,-123.58452514458594,34,17
2017-06-30,2557.823222851024,465.63132416239296,297.0764884188263,-284.9943620760718,32,17
2017-07-03,2004.6631317662711,466.29339657551,309.3385850793808,-361.5048364693395,32,16
2017-07-05,2518.4128803540684,471.16126946960475,289.1229773621019,-312.53186427034785,32,16
2017-07-06,2240.1331772826493,455.1137256918833,294.2075018176985,-328.8036542670564,32,16
2017-07-07,2722.3559347059477,447.1668685035043,271.82413499941634,-312.15539306775344,32,16
2017-07-10,3138.202000343236,361.70521236124534,244.40078490018692,-260.6636762020829,34,16
2017-07-11,3317.10201052252,368.24223681448683,238.3231458355808,-250.98101696667095,34,16
2017-07-12,3670.1139572244874,327.8073081902265,209.134606911292,-206.15114572818968,36,16
2017-07-13,3208.686891148795,309.2521389026257,218.35967740017972,-186.95264189064167,37,16
2017-07-14,3863.261622202522,287.4244682596443,207.95862615258957,-162.69185750950237,38,16
2017-07-17,3582.7252832532563,-60.10726212468643,192.59282516153854,128.55351040682294,38,16
2017-07-18,2462.738540128746,-77.35834561534396,180.43982959193463,79.67176421996614,39,16
2017-07-19,3530.4228730487334,-46.897300962600966,190.8646249153232,161.4109570216883,38,15
2017-07-20,3124.2549188971816,-197.47250095254486,470.5947452392999,459.9794023106782,43,15
2017-07-21,4053.864153055045,-144.35869197120684,474.57393795164427,408.45061063306537,38,15
2017-07-24,2540.9267859670363,-191.73552927595446,452.3541097181685,872.1495303689568,43,16
2017-07-25,3151.8907434540993,-921.4569229762287,484.0948432413533,824.5141505981911,43,16
2017-07-26,3619.9722266419362,-1052.6004353859514,431.1545328768215,1214.187133885418,46,16
2017-07-27,3198.9613228073435,-412.50873567558034,525.2846365556067,2386.7406540123957,44,16
2017-07-28,1730.7736649114609,250.20417536071008,482.99499082566325,-26.36856890184696,34,16
2017-07-31,1223.4271886812007,280.3504925021267,469.5037874826339,29.09683765562269,33,13
2017-08-01,975.4223838292357,246.18647905802948,467.6816819214174,61.33114298681357,31,13
2017-08-02,1067.046262359685,102.168333631617,423.36840617284,319.6614083363365,30,13
2017-08-03,60.39608069635267,-223.75153913178588,434.533589238619,103.18118649921038,33,13
2017-08-04,600.8933914841483,268.587705751523,321.60593097683267,-59.348061220046084,28,13
2017-08-07,689.2537426876655,267.6437479112909,318.3087922540291,-5.873351516544533,28,13
2017-08-08,467.707002516322,268.1792799862147,317.5664093479062,58.9370529557994,27,13
2017-08-09,638.3263815045267,287.0187704963288,310.89971433295256,161.35818652383134,30,13
2017-08-10,122.8408640796261,243.8278473125527,252.28178189609872,630.6460830275272,32,13
2017-08-11,229.06501319820885,350.61847188917784,300.6816768035551,-113.01417440109465,30,13
2017-08-14,612.8600380711956,365.1229177388994,290.52457183398496,-90.6765120903585,30,13
2017-08-15,575.9128357030226,395.1262967035083,314.3010453815893,-108.64885602462932,30,13
2017-08-16,254.56731775613244,379.47098989148986,624.3149488169585,-61.63091514885738,27,13
2017-08-17,-209.60976489288944,236.9549529478634,507.07934502239294,21.173258191195583,25,12
2017-08-18,-160.16711056731873,265.4082323488201,495.5881358602288,-62.06681277182015,24,13
2017-08-21,-675.8251595446543,396.34903549051586,372.6493952320788,-41.64920232786983,30,14
2017-08-22,-286.2852181188315,429.7575507239006,378.2358250835253,4.902929043343125,32,15
2017-08-23,-261.3370407789919,411.65852189818065,365.37019053087533,83.40795083915236,32,15
2017-08-24,-622.9618316571227,342.1994678657541,337.12578938735726,487.7901325406477,30,15
2017-08-25,-703.3112843961846,486.4314677470859,322.85420129253026,-177.3803141337348,28,15
2017-08-28,-706.6473196361986,484.4862688659929,307.8229423486598,-179.53581206809727,28,14
2017-08-29,-524.7113900172039,507.312960400375,307.52307674762915,-185.2222179014557,28,14
2017-08-30,-125.08118581245412,575.5480643433735,378.5094848857078,-208.60257453364972,30,15
2017-08-31,304.47595964496657,605.0196587710839,384.4328806299699,-214.84013744624605,30,15
2017-09-01,235.28037034650748,601.9686612951964,379.788062618744,-214.41023954715303,30,15
2017-09-05,-224.3077061026532,565.5411427716944,341.1040287089927,-221.012758736594,30,15
2017-09-06,-201.15154626218455,564.3529543697608,329.26939709201423,-221.27523262230943,30,15
2017-09-07,24.18365610559897,563.5373152341726,322.69621014589165,-212.98828457077585,33,15
2017-09-08,-334.84564276447327,556.2922542033949,329.84680685159645,-212.60816718996705,34,15
2017-09-11,206.51481185079797,560.3553445590189,334.0590057914015,-198.6102977923001,32,15
2017-09-12,354.7130772861101,536.6466680126433,349.30157375999414,-170.74929817061604,36,15
2017-09-13,578.629443770203,550.5162768015393,363.98986218093864,-160.94340359180123,36,15
2017-09-14,474.24972058974754,562.0532296706031,346.79859081663625,-115.2892171509036,36,15
2017-09-15,584.4413335533402,563.2959304155941,323.2540467919263,-184.8199973492447,34,15
2017-09-18,587.8904843273676,539.9009160747421,320.25524313887826,-152.77434144901252,36,16
2017-09-19,321.2503854460559,525.9522919562761,330.5610727466943,-120.72230658007169,38,16
2017-09-20,546.5046830313285,565.4640779728718,331.9172551103955,-207.24923808883494,38,16
2017-09-21,-15.026204260428528,550.7179232053336,332.4948488787129,-206.10518767329046,37,16
2017-09-22,-354.05176528266065,536.2812513200653,317.4340129420126,-207.05010047319007,36,16
2017-09-25,-801.1511085724871,492.0874416979661,297.3874240043454,-211.4612584394538,36,16
2017-09-26,-786.3149064369511,490.63196693500834,276.8417175472135,-202.09523204730317,34,16
2017-09-27,-459.83330174864534,548.8878782323653,290.29898627191733,-247.18368781663364,34,16
2017-09-28,-340.1861360837249,563.7747234802536,287.9248105616715,-254.52651806329771,34,16
2017-09-29,-68.43268369989408,637.521478571488,287.0688205286601,-259.39577034714824,32,16
2017-10-02,-213.38027854980396,602.8082036707793,272.4196698094875,-272.6897183210339,32,16
2017-10-03,-39.987279269920805,594.1732164992128,281.33529780865325,-275.3208006704565,32,16
2017-10-04,84.78494491816343,611.1548355304687,278.7798862174503,-274.5311979851324,32,16
2017-10-05,564.2112947245188,629.7274063860339,291.3166532438991,-283.21032972991185,32,16
2017-10-06,823.006399899996,641.7290810542631,288.353167219447,-283.3807746074003,32,16
2017-10-09,704.3033783351548,580.1930339999146,256.0144823519136,-228.4839952372378,34,16
2017-10-10,817.6617161141825,564.1894323546481,241.59643360426037,-227.5303465320695,34,16
2017-10-11,1247.888530006188,546.1406472744254,258.6847251390942,-186.6703430060084,38,17
2017-10-12,1253.6687415815227,576.2252049212292,252.09321044945722,-179.3912917807469,38,17
2017-10-13,1270.704958792021,574.2337216278033,236.55199675113082,-171.32344643067376,38,17
2017-10-16,836.7566224632762,571.584730777521,226.78895279044653,-75.11433974231245,36,17
2017-10-17,884.385096497048,483.87769565911015,217.64512300259196,-159.49365635854468,38,17
2017-10-18,1228.3335493135637,267.4187236280454,220.1174917136137,-179.66820175658194,42,17
2017-10-19,441.27125892838836,-656.7607129960069,184.4593311028756,468.32413757103615,54,17
2017-10-20,473.95595196919294,-7.281937028411953,170.27394709085206,350.447296653378,50,17
2017-10-23,801.7282994617458,8.54606970056616,178.1956528326925,798.9683806955925,52,17
2017-10-24,857.5545560347458,106.04334085772244,332.63776290119057,1038.0808459588613,52,17
2017-10-25,671.944408138869,28.107667914157517,356.28157623275877,1851.2123384167387,56,17
2017-10-26,1099.9767285830294,-339.9274072328943,382.2339422889065,4114.387883582211,53,17
2017-10-27,2681.8956822276928,381.6611661071007,582.1473292264867,31.595854962797382,42,17
2017-10-30,3176.3400476156785,492.69309478341245,567.4519735951964,126.86133911150438,44,16
2017-10-31,3235.227836728877,501.27690456293794,552.4928571233814,221.9949480222882,44,16
2017-11-01,3439.943095141082,434.6354278139528,538.6945696752982,625.8720031749255,40,16
2017-11-02,3434.6583844584134,386.00672743165063,745.7577086785385,174.21821452526697,39,16
2017-11-03,3666.3662167574403,453.46829473254996,835.6254942183959,-90.33326834975743,32,16
2017-11-06,3657.380460802076,423.7607887705602,760.3286935302605,-8.77419814706136,34,15
2017-11-07,3264.778655981805,456.04822007738824,862.8961229572697,61.44801795550825,33,15
2017-11-08,3990.3598060106033,451.96419931660097,694.0367502387995,171.2333547680118,40,16
2017-11-09,3322.1871061621973,433.78142352800467,707.1095045388079,531.1279460039191,40,17
2017-11-10,3801.5151256581516,708.556840643482,940.1825279824668,-177.53208715226276,38,17
2017-11-13,3864.6188704413357,720.5896246779632,993.2437315823104,-175.32620821173248,38,17
2017-11-14,3844.1373409786856,689.3730039227697,1004.6704632168891,-165.76088216328952,38,17
2017-11-15,3598.0855609888313,698.4616666536564,1092.734643048775,-117.0974609806603,35,17
2017-11-16,3972.4140091238423,702.7106964665253,997.9854319391885,-120.45123801642039,38,18
2017-11-17,3939.1140192111297,820.1961272445466,1018.9790392792204,-234.2765145625183,34,19
2017-11-20,4042.035103616876,843.653611393175,1009.724086088768,-232.7273850525679,34,17
2017-11-21,4627.689232080503,806.0864418386739,909.1797750587577,-223.9496800463304,34,17
2017-11-22,4612.017329059813,779.482350815231,848.8540928265973,-227.8644837867632,34,17
2017-11-24,1196.0462853242054,625.4518213478221,526.4868481239624,-186.95627342023482,29,17
2017-11-27,5230.0366298775225,705.5463459163147,728.9852422444948,-229.28860232385472,34,17
2017-11-28,4321.049967037394,535.3431853464676,715.2738579852136,-235.34150504820505,34,17
2017-11-29,3321.9214166489155,615.9968119022413,1034.165028896246,-200.74458984332358,38,17
2017-11-30,3167.9070694192114,545.9941033118614,940.2328227475941,-183.196121298976,37,17
2017-12-01,2974.2709820210234,592.0520193680669,980.5774946446986,-178.81838957097517,37,17
2017-12-04,2490.8342547192515,659.2192668377687,1210.4282192244482,-188.18380781135284,38,17
2017-12-05,2914.0941257905115,638.3138056376147,1292.0133286094162,-184.10556348167304,38,17
2017-12-06,3128.279444417249,566.5611777067573,1198.9176066387784,-5.961215074356804,38,18
2017-12-07,3558.915416505201,430.7388741429334,1198.1780555385596,-112.99247674065651,40,18
2017-12-08,3318.2542710360954,536.9534950216679,1163.0734325953379,-219.45501916699845,38,18
2017-12-11,3655.928256912244,535.2037201570605,1091.4612465402342,-206.481735010228,38,18
2017-12-12,3591.7988574032206,524.5884625700756,1068.4041215073726,-176.99624129179793,38,18
2017-12-13,3542.3391556172774,520.239764644272,1056.2267103815743,-165.8000490415794,38,18
2017-12-14,3165.5493206262363,438.9430479794241,992.8348981259749,119.40028496506272,34,17
2017-12-15,3414.6467157970146,508.5004022303143,866.744218371171,-233.54152868507796,32,17
2017-12-18,3628.256506547501,488.8504484987814,813.1189526793034,-245.9555953802688,36,18
2017-12-19,3327.687159929527,456.60382221269583,775.4733802008107,-240.36640734064414,34,17
2017-12-20,3286.461354541706,477.4169103678907,787.0665492834797,-244.90826204873852,34,17
2017-12-21,3201.389561733176,454.8212425971786,773.6176756115501,-241.57037425857231,34,17
2017-12-22,3162.353379395469,464.4182452568011,772.6599912746306,-242.23583515955747,34,17
2017-12-26,2988.5395013763905,467.75593176159316,693.6794958427367,-253.05727216274386,34,17
2017-12-27,3008.411582117733,496.1387247182026,664.564403041241,-251.69772778770536,34,17
2017-12-28,3129.950754377298,499.17648569930543,621.5542481641548,-251.87690440157252,34,17
2017-12-29,2857.4941135352356,509.3613277966208,656.5164905472527,-260.39091569193295,34,17
2018-01-02,3715.4149544411566,552.4423617864355,535.4539593129574,-270.5847344248976,34,17
2018-01-03,4327.391404418346,552.0046542068386,473.9463759422693,-257.4532129792903,34,17
2018-01-04,4408.985700201501,546.1823647885186,473.2085256733103,-258.4659782550088,34,17
2018-01-05,4911.797601509709,498.0923695233557,420.8513633057841,-238.28694664837965,34,17
2018-01-08,5323.048345321357,485.71575017947447,399.5608742087628,-259.16141627317404,34,17
2018-01-09,5290.665606163628,502.6668527059216,396.3966048446031,-263.6216634729293,34,17
2018-01-10,5230.25194559328,471.479085948936,407.52216987099445,-229.6145270184064,38,17
2018-01-11,5304.63579182269,433.74715783114755,358.5387232837812,-221.84715287643635,37,17
2018-01-12,5576.105973930662,399.72313122942154,343.48334441326085,-219.19526901194712,37,17
2018-01-16,5432.2709956710905,366.9644944035815,408.8764063773684,-179.10647905118466,42,17
2018-01-17,5050.004894657134,356.0761964632109,390.0547963890219,-175.85885702797364,40,17
2018-01-18,5624.749872318439,345.95889606682493,343.71814259667434,-126.21665570806165,41,17
2018-01-19,5594.890117147743,324.62849014964087,360.66461411817903,-134.37920149473783,40,17
2018-01-22,5806.566171556341,272.18430033189003,311.67558111932794,-46.64488655510948,40,18
2018-01-23,5938.96819398185,277.3001090713013,337.190822134678,-207.5615298202425,42,18
2018-01-24,6224.341253502271,256.883456670885,310.03045497340383,-188.16509633523484,45,18
2018-01-25,4707.455922500869,-164.01130907443022,237.00101401244265,1000.4869119484099,56,18
2018-01-26,3308.539667446343,-201.57950718576132,257.74351911065327,1066.8889339177574,49,18
2018-01-29,2956.8388453248144,-117.99974241854669,410.073818168892,2210.882935497493,50,17
2018-01-30,2799.244590926638,-63.50542044027007,474.3561750679444,2893.086792980915,48,17
2018-01-31,2499.4346923461444,-137.05537750307275,416.99346724088264,4143.432833050108,46,17
2018-02-01,1805.341035538357,-332.9459534510651,362.7433150877545,7695.0605897331125,39,17
2018-02-02,319.51930427557033,178.16184276448925,-1254.3047404643644,34.35114810264075,24,17
2018-02-05,-145.07792102361668,152.2878887149505,64.32347495811113,-5.5974873300317824,26,11
2018-02-06,188.78840275869015,141.87420938676533,63.97433888319348,178.81131758936672,24,10
2018-02-07,-283.4300779056676,88.6090884349191,48.62976502078865,782.4171028803082,28,11
2018-02-08,-536.3142029648033,57.42167015541775,67.52208023719936,387.2610277277966,24,11
2018-02-09,-781.8619825452204,121.2876420236013,71.08910432282205,-112.4044783831969,22,11
2018-02-12,-729.3983081272645,134.47951491907108,89.86628196678615,-100.80303635895703,22,9
2018-02-13,-820.4294135472094,130.90175629477278,91.86138587519203,-67.82340631917913,21,9
2018-02-14,-501.55534010167673,148.28636843421555,92.0865245196586,-74.42992847626125,19,10
2018-02-15,-231.50847831181306,163.32182643250638,90.7950011262642,-74.19117769755906,19,10
2018-02-16,87.01234410585351,271.88442741996005,1717.0559581201583,-275.1496963460963,22,13
2018-02-20,246.9995288417063,269.66840669009764,1665.6650987300363,-294.25259160670714,24,12
2018-02-21,235.85233384947085,282.4084831192873,1472.4146581383634,-310.95926781847146,26,13
2018-02-22,280.8441212669626,282.06023856248567,1462.5681465295127,-308.4475705146056,26,13
2018-02-23,437.2464577744157,293.47039047404155,1410.4702978995472,-300.1817407630005,25,13
2018-02-26,1045.9365391563451,311.59870613660115,1319.6537232571654,-312.3095089889171,26,13
2018-02-27,674.9825227875591,290.7532905516341,1358.4278142231003,-333.26844812522063,26,13
2018-02-28,418.2358643775209,276.8319771305129,1356.5873373564132,-320.5481525594345,26,13
2018-03-01,-49.569101014086186,257.4374811238402,1405.4409354942718,-326.05069582333203,26,13
2018-03-02,-80.8077547904654,267.813811018923,1391.8842659200986,-324.6648918599513,25,13
2018-03-05,96.36299643063307,282.43694818816425,1372.6521298380355,-326.81346263175527,27,14
2018-03-06,371.2464458191879,297.1684745928489,1356.308305641101,-346.75564514598557,29,15
2018-03-07,747.8828255759145,306.332593835655,1330.6913166193085,-348.8119873307479,32,16
2018-03-08,924.9588438392379,266.79921694930744,1300.4924929901072,-214.24238339435806,38,16
2018-03-09,1157.1498002432324,282.422665474092,1151.6879416827642,-195.1440956066832,37,16
2018-03-12,1669.3377858078848,292.6680303582508,1080.7000770786726,-244.8919017810042,40,17
2018-03-13,1043.680474192442,280.82754418705827,1138.7404843437862,-192.33526261462055,39,17
2018-03-14,1136.129985661812,278.4001968309181,1113.4796173674433,-128.9603002191593,39,17
2018-03-15,1351.9261677021914,250.02820629168286,1126.4653737182607,384.79668843031953,39,18
2018-03-16,1244.8311604761661,304.6530428409217,1122.1949552432113,-268.3396680913885,36,18
2018-03-19,561.4704301827287,291.2198016736251,1206.0711288087953,-251.70426543758285,36,17
2018-03-20,701.5295836600787,284.3892634059183,1064.8517620902498,-228.7432440403847,35,17
2018-03-21,659.9017802309972,287.29870664097876,1096.0189616940452,-201.21186610212789,34,17
2018-03-22,138.5567526028997,251.83272224884976,1231.926681444428,-68.71107259238278,35,17
2018-03-23,-458.30129407553795,245.78657439266976,1317.8215653470672,-371.4748931016121,31,17
2018-03-26,323.64810044531794,270.3177158644475,1135.788499151326,-349.0323674889242,32,16
2018-03-27,-439.6295446717557,255.86572517422823,1259.6467580239569,-379.2347005819441,31,16
2018-03-28,-1040.2207140279386,251.56326630357626,1318.8182205320186,-414.56767591822626,31,16
2018-03-29,-809.3615564738348,277.1501445814159,1280.5992558950113,-369.14988427545023,32,16
2018-04-02,-1517.5817331710205,265.5549368958644,1232.8380778688447,-423.43439675712443,32,16
2018-04-03,-1257.7043563361024,278.8100722976755,1255.7534337517434,-414.1288292899779,32,16
2018-04-04,-1077.815433848413,294.56955375863583,1266.5695184982735,-406.21143294752136,32,16
2018-04-05,-844.0932885480595,298.26831378616515,1229.7742115896801,-419.4308227329548,34,17
2018-04-06,-1337.4566736038134,278.2710685632703,1228.8326742347688,-427.772521017143,33,17
2018-04-09,-1320.3854220490546,239.2996234527079,1175.735137580901,-294.9594248384399,35,17
2018-04-10,-892.006110545115,268.0564771812624,1162.2613085757398,-297.3064351844804,36,17
2018-04-11,-1013.2672439292861,239.4559728330534,1159.739640730671,-219.1817944439677,40,17
2018-04-12,-817.0516190876266,244.25408242615683,1122.2542311434865,-185.6350746424224,40,17
2018-04-13,-882.1500189852538,246.5992535584614,1131.3650978710127,-165.58307417755424,39,17
2018-04-16,-1447.2214637381217,107.49481957406798,1081.6188701269361,197.36516893246215,40,17
2018-04-17,-1295.3637414846621,148.9606524002238,894.9057378625947,44.48562120478329,40,17
2018-04-18,-953.9392947395968,80.64790904947165,801.7321656470713,20.93659228075118,44,17
2018-04-19,-609.3329400312891,-9.297836447697744,290.6191251550408,784.5138263000105,51,17
2018-04-20,-812.4850476359395,-19.856948253198258,398.9316060396318,726.8147707333799,49,17
2018-04-23,510.5372797268862,-73.25024994791622,505.87105109799995,1499.3305553486343,53,19
2018-04-24,1583.4450018019065,-69.04496191261624,2515.218929278326,951.7802221259085,57,19
2018-04-25,336.94026075577324,10.28767820844553,2519.6685637430473,1375.7970965901477,55,19
2018-04-26,248.58698817186553,-1086.07460130022,1871.893497331523,4598.696922191894,47,19
2018-04-27,-555.157190646503,364.1074500102763,2129.223219944745,-89.96902438835356,37,19
2018-04-30,-870.5415498842577,363.1117847131842,2095.8256323274727,53.63346007491447,38,15
2018-05-01,-495.7142622890724,378.92001873568273,2148.46073172752,120.82356612863964,36,15
2018-05-02,-508.5355943215983,416.59977021681516,2150.0969863050823,222.6038864732656,33,15
2018-05-03,-410.9827517647959,233.71882098224916,2142.9987699835574,155.84039747780366,36,15
2018-05-04,492.3743200055149,398.8666913544647,2154.3530570292874,-187.21875430231367,32,16
2018-05-07,1267.339029391665,462.57960851857746,2085.5481346008255,-228.7144087697346,32,16
2018-05-08,996.8207260218167,470.71573649247233,2099.808698922453,-204.81756855672904,34,16
2018-05-09,1745.7460473508409,457.28815712797183,2035.7900903217974,-188.3556933784972,33,16
2018-05-10,1626.4886019186627,396.76191152072107,1995.1545296811948,-131.33912490568514,34,16
2018-05-11,2082.898326937845,421.5495537262199,2016.9686804204466,-235.15741771643437,32,16
2018-05-14,2098.304145080432,430.8051838545795,1983.6930531195728,-224.2315661842534,32,14
2018-05-15,1601.737014720905,443.3342902705817,689.9342909876715,-215.21763413990791,32,14
2018-05-16,1649.6134540324322,452.14265857226076,681.876999447679,-159.36577573999494,27,14
2018-05-17,1666.660600166107,488.40665194138285,525.1242225497917,-171.9179215788779,29,15
2018-05-18,1346.5786044336294,518.2373418930002,526.1807134270924,-280.1795318538418,26,15
2018-05-21,2013.0284385386785,610.7267970528325,732.798844866205,-326.0435431720604,38,19
2018-05-22,1858.842866174879,626.5278001558124,729.4711465736852,-327.4722073264266,38,19
2018-05-23,2395.2803524957276,626.0351558453686,715.4765276469668,-318.10469463556916,38,19
2018-05-24,2503.2838798401485,638.5858014248163,715.5130347073164,-322.52181257156076,38,19
2018-05-25,2744.576513218321,643.5344731388514,711.3994731107364,-322.7120184133888,37,19
2018-05-29,2438.006364065972,617.4586579529142,698.3990522312305,-358.7142117519197,37,19
2018-05-30,2811.7204526250976,609.2210495922102,664.9152354238,-338.47629247962743,38,19
2018-05-31,2942.0342272492326,555.3005507331105,686.4989270324363,-288.0925032044286,42,19
2018-06-01,3828.2783082052747,535.2643315527625,648.6460902535727,-261.3345168590474,41,19
2018-06-04,4288.000084020481,508.44375280058165,596.1306264819342,-239.67221644358602,42,19
2018-06-05,4560.3418837573345,505.7301372004022,569.4084591503255,-223.12793041567897,42,19
2018-06-06,4459.414360853295,489.12549853326715,546.675956629485,-202.47735612973398,40,19
2018-06-07,4276.915671362976,458.8624388075718,535.478642042883,-16.665895163346946,44,19
2018-06-08,4477.022728252286,481.37606662984035,530.4597983097239,-242.27274716239594,42,19
2018-06-11,4738.605981277039,468.00230886679,521.692109765629,-207.12806490656132,41,19
2018-06-12,4950.257151875253,444.26612422415604,488.6204061315576,-150.49663535130733,44,19
2018-06-13,4546.431196355652,416.4424395381845,471.4010213377213,-55.11767831503934,45,19
2018-06-14,5071.512394549863,385.6272586393801,439.351874186727,159.47966899203783,44,19
2018-06-15,5107.209936492672,474.6331066551479,441.0385364483433,-247.45599614824522,42,19
2018-06-18,5391.917381867904,472.7281872630351,416.48476260184316,-215.59105742995555,42,19
2018-06-19,5259.276891700147,483.85808714764977,410.2645040415502,-202.0218501099359,40,19
2018-06-20,5586.663473961628,468.67021195852993,401.84618559124465,-207.43200265571687,39,19
2018-06-21,4753.686551454793,405.07159040438745,396.3628510948615,-290.2767753432659,39,19
2018-06-22,4424.004377401171,470.1737911314882,400.1956135227628,-350.27562351965247,36,19
2018-06-25,3294.9017199926093,534.9002349846716,394.6006970128376,-437.04463342033006,36,18
2018-06-26,3496.6532835582375,501.89234202458783,303.0832482515981,-414.6329295535401,36,18
2018-06-27,2852.199692826417,530.5355286441232,308.0483767668212,-454.7230075486036,36,18
2018-06-28,3477.19615114548,529.2158437282787,276.81776864279635,-427.7126027207033,36,18
2018-06-29,3471.0866043156407,549.8065981535868,267.1066142097412,-423.49165754602535,36,18
2018-07-02,3881.8106456455907,559.3347098351488,219.9573329524618,-421.6718306175788,36,18
2018-07-03,3504.4461951677154,564.2996826345908,262.29778323062834,-564.8609576766564,33,18
2018-07-05,3906.8404984145095,598.3819569051361,263.81099362978046,-445.435576344766,35,18
2018-07-06,4390.8162655097885,575.630966821772,248.12567156969203,-412.050958894744,36,18
2018-07-09,5004.856561862902,435.75082374939814,180.02585531677497,-212.27069507347872,37,18
2018-07-10,5167.206887853961,432.6990370856185,171.06751353437446,-182.33662964765324,37,18
2018-07-11,4939.915754549973,355.74206027705645,166.17927424056435,-114.61965644247047,41,18
2018-07-12,4537.216756666703,285.46102128124835,103.42217552493507,-32.16414194759868,43,18
2018-07-13,4794.780190913002,269.4079881734026,88.40179032502016,-20.059583657171743,43,18
2018-07-16,4932.9640659333245,-176.32149670422848,52.35086570555253,406.774414443362,43,18
2018-07-17,4941.53453231976,-89.97602627700675,105.01225322760324,41.32006807640808,45,18
2018-07-18,5599.627383351693,-161.64189601998137,416.6963754264932,215.0013471994397,47,18
2018-07-19,5100.26431551485,-277.3394392431876,712.9189171269549,1031.154652572796,52,18
2018-07-20,4592.727556297112,-271.74953042740566,704.8406460657648,724.9080805340989,48,18
2018-07-23,2378.6727383998646,-338.4593604185985,1061.51269754182,1588.4038633228706,45,17
2018-07-24,2471.124395712022,-14.325033787880628,733.9634633975288,1312.7482594743715,48,17
2018-07-25,609.6918589247296,-170.2414326328249,752.1292998883915,1901.294761324556,47,17
2018-07-26,835.5445395341567,-128.3510046069281,677.7900852345159,5312.839816164768,41,17
2018-07-27,1233.4332914887643,254.1819943475034,147.5177018495521,-106.5003241599625,32,18
2018-07-30,723.3694530321543,305.3812551992397,93.80934371736927,-32.162899797141634,32,13
2018-07-31,558.5932889991611,295.22515454210543,58.60806285242621,145.19827085554945,30,13
2018-08-01,210.71027418072862,230.08433357047932,17.65218151256422,430.2017546106307,28,13
2018-08-02,504.39698169086944,358.95243943699194,36.92174191944584,-196.18440390835195,26,13
2018-08-03,598.3045461388995,378.09983295453395,49.79805435354959,-247.92201968140336,24,13
2018-08-06,1220.3219239336297,471.0990564227097,265.7933923366689,-283.6885917964294,25,13
2018-08-07,1659.4342659773843,470.85201549294027,234.00351369685643,-282.17597231469466,26,13
2018-08-08,1722.4741665560657,456.4967201094222,220.97461093513363,-268.25881377433376,28,13
2018-08-09,1656.3487230578276,396.7604738404818,324.98835117227463,-197.71104648256807,31,13
2018-08-10,1436.1325122714172,398.5951559588254,314.6223618444415,-205.58795516679038,34,14
2018-08-13,1435.1080262738153,383.8113362994339,419.90300163449524,-173.39787260636456,34,14
2018-08-14,1552.0563482315406,342.8674785581802,404.29470865536683,-81.4032933639538,33,14
2018-08-15,1024.9964859511426,361.2877459290819,392.03563479897133,-21.585808670294405,32,14
2018-08-16,625.0391295525925,260.02594293320436,390.2850748376685,582.3397360797671,32,13
2018-08-17,226.34587612819792,368.7198937831589,432.09708171851514,-195.20584427063267,28,13
2018-08-20,328.71313218756455,389.2667593688567,453.118117072206,-179.0273904411105,30,13
2018-08-21,885.4750681995263,596.0669816023017,788.9076693087075,-242.55588985561596,34,15
2018-08-22,1296.2094475607462,656.3874528476516,778.028093804818,-174.68297606463713,34,15
2018-08-23,1335.2893606139942,514.6262834506675,731.6759295236063,-137.39651486374794,34,16
2018-08-24,2033.2282534213437,828.5346535410622,798.5224558108259,-346.9099748830504,32,16
2018-08-27,2761.7797476553055,807.8616145314913,799.157588511251,-354.8538018462951,32,16
2018-08-28,2607.2887992188694,811.858642651304,825.3452896194697,-357.6178192366049,32,16
2018-08-29,3446.967762729715,769.2257217952831,816.8251489929999,-337.77066212149373,32,16
2018-08-30,3380.20005848988,805.0996125089623,841.4552116185694,-286.75338015793153,34,16
2018-08-31,3114.4019658402867,805.4406146425456,826.8583299485423,-279.12106012379,34,16
2018-09-04,2762.031687042696,789.4839530040396,795.7876097945631,-183.9638972074169,34,16
2018-09-05,1730.175175639708,816.3787007267746,709.6027249538786,-126.32482115429775,34,16
2018-09-06,1269.9067072806333,755.6397479081031,735.2310969923772,163.96119432924237,36,16
2018-09-07,945.3114329980244,805.9650723707085,708.656027357675,-338.0465200024654,36,17
2018-09-10,896.1210841626072,806.1522214488261,696.1584606505655,-304.613504467608,39,16
2018-09-11,1533.8105716049522,804.2961428643049,706.9840613887042,-259.0636915073958,40,16
2018-09-12,1409.0100917467112,819.2896552434386,753.3360439269943,-210.3668351247835,40,16
2018-09-13,1296.0666952425856,797.0898589167703,707.2035256739624,46.738211741597866,40,16
2018-09-14,1312.5731215280096,902.314359011324,698.4944721953609,-379.7078381732536,36,16
2018-09-17,300.84378554945874,905.4331367993888,648.0010860103666,-376.4098059554611,36,16
2018-09-18,942.2576748251097,974.5974724515789,719.165958074891,-384.7133146936256,35,16
2018-09-19,897.4205389593585,955.540888028389,621.1081526565777,-379.8082556451836,36,16
2018-09-20,1471.524900186989,960.2599160947332,617.7151917899148,-290.8785151516265,34,16
2018-09-21,793.5024730353227,1038.0096780343943,520.0413049050783,-440.4772882138774,30,16
2018-09-24,1316.7296058611944,994.7400315937606,583.3276248212507,-470.86298257775445,31,16
2018-09-25,1893.5808092175916,952.2810410057903,589.6296517279679,-457.9996474298805,32,16
2018-09-26,1964.205108341186,928.3067144034114,622.2141931354017,-476.81307743516345,32,16
2018-09-27,2505.4258081412663,877.4372967679235,590.0962890741796,-468.39335043923927,32,16
2018-09-28,2311.5217038070023,870.3492024363582,403.52446974653174,-461.65412006353694,32,16
2018-10-01,2833.0855651616193,924.4567211238722,390.62602001119944,-501.7063211827447,32,16
2018-10-02,2429.9193361748285,959.0242095159277,338.7174809047051,-528.151215886218,31,16
2018-10-03,2314.9579718503123,996.3197415405467,299.05347805081203,-548.9502757805118,32,16
2018-10-04,878.3464410969128,1132.2373418425689,370.1724344337456,-584.4456731521973,32,16
2018-10-05,26.142275359611176,1053.8882324381177,313.81650676511833,-566.2734597707185,32,16
2018-10-08,-731.4143276712182,1015.897876740595,279.7527944675156,-596.5295831452605,32,16
2018-10-09,-691.0527274197417,972.8327303621511,498.53756209586464,-454.4276815193724,36,16
2018-10-10,-2230.6907644402163,597.8250883062,605.4416098106393,-377.8592430467893,37,16
2018-10-11,-2614.4560672670536,488.74947575673434,579.0040970517108,-377.9894854409067,38,16
2018-10-12,-1733.6546587185683,609.3930293447049,654.7195368632163,-344.88807877909557,38,16
2018-10-15,-2466.8303204726367,591.4471031547964,593.0409261616082,-217.60820760388324,38,16
2018-10-16,-584.4357836166085,731.5587161197667,661.6745527338833,-49.62284321495212,35,16
2018-10-17,-563.6916183916946,396.2788987465368,786.5550551088778,-69.30253406354271,42,16
2018-10-18,-818.8232439712286,-103.31640799343731,963.3913255957679,963.1273882147195,50,16
2018-10-19,-1571.3670403627489,171.78370011682398,1020.4580178942474,777.7146732378902,46,16
2018-10-22,-1498.9156798980307,203.6352414602328,1436.9111080422892,1659.9917534667588,48,16
2018-10-23,-1517.6084313872211,182.11034906103498,1486.7702983330005,2727.5430181048514,50,16
2018-10-24,-1560.1662482266759,86.40530570908028,1525.0100140597954,4167.683716480058,44,16
2018-10-25,-525.3079027752227,-584.1444225809502,1116.1149820637613,8182.494115932802,36,16
2018-10-26,-1132.566964822007,461.1636199928959,1244.3143576656348,-245.51864888170067,30,16
2018-10-29,-1962.8900802589965,405.1306060147271,1096.7794610509404,-234.34616203286578,30,12
2018-10-30,-1956.627496182742,367.3993436034526,1072.6415843359198,-198.31085296633808,28,12
2018-10-31,-1435.6997971002404,444.8572450517412,1278.5383992909603,-201.33392209060565,32,13
2018-11-01,-1170.9811429542688,526.8449901642332,1331.5623706016427,-219.68545819199804,29,12
2018-11-02,-1149.7466504820304,477.0735380484953,1293.482708255057,-212.51831254708657,26,12
2018-11-05,-1429.3154766965238,440.34510493784353,1265.4789487966134,-169.7550838618748,28,12
2018-11-06,-837.3892249681218,423.22168998132,1268.372739192503,-138.74407120358723,27,12
2018-11-07,-95.07038143409508,558.8539181506694,1282.1767601012573,-139.7781802400176,28,12
2018-11-08,-167.65969876860095,478.4371525992401,1241.2639186072065,36.110644249426755,30,13
2018-11-09,-116.85091136767025,537.5837404312962,1215.4157654275184,-228.2103556126697,25,13
2018-11-12,-1502.7795527818519,491.4329324784145,1136.2035867106858,-243.9615521388674,26,12
2018-11-13,-976.1623477205145,488.2804329392744,1123.1608865759333,-253.54964548006572,25,12
2018-11-14,-1254.857986697926,438.4727057663563,1070.9095928183049,-180.09838428180242,23,12
2018-11-15,-971.7286756840499,438.02844043756824,1079.250172169486,-83.93413201008252,22,11
2018-11-16,-1240.3668640638543,461.6211026575072,1022.0877917118012,-249.30774569464666,16,11
2018-11-19,-2167.5867709177205,391.7762538695695,909.727644397965,-243.55239022966327,20,10
2018-11-20,-2596.750267384219,454.2208364694001,1084.0026192727794,-308.430997800559,22,11
2018-11-21,-2504.170598177779,502.28547586976015,1190.1180240570884,-313.1529216443967,24,12
2018-11-23,-2226.114624525916,476.3035523365783,1125.2282842101483,-306.89744821270284,23,12
2018-11-26,-1923.1185626736856,583.8174194129648,1196.5100724260003,-329.06193357873764,24,12
2018-11-27,-1958.9295306152458,595.5142934639329,1197.114231920056,-331.4049077845415,26,13
2018-11-28,-533.035077721243,728.306833131763,1311.04271317879,-382.7026229482493,26,13
2018-11-29,-501.08542743331617,677.8635787601787,1281.120195419982,-304.18097877629737,28,13
2018-11-30,-68.11770684228887,675.558416068442,1265.0432211626278,-306.2788548539107,28,13
2018-12-03,914.1068345152268,742.2059106783468,1250.3169742874302,-255.1059675506768,28,13
2018-12-04,-867.0644490243473,630.001294563497,1168.0548399577356,-245.16842002043362,28,13
2018-12-06,-494.8142275814083,528.5139369032834,1126.2149819887763,297.6833527531594,28,13
2018-12-07,-1559.3413970103609,483.5896135890152,1049.5737098761435,-288.85365976529977,26,13
2018-12-10,-1438.1288058528942,497.51880366927645,1042.7989607097384,-243.16820838301865,26,12
2018-12-11,-1356.5664548068387,502.002943412233,1036.9465089264515,-204.9611324655758,26,12
2018-12-12,-1116.4857763011464,509.0515179425093,1035.8776056487468,-159.9034144551522,26,12
2018-12-13,-878.1960513887382,432.3997889880063,996.1827593907453,194.34694471109583,23,12
2018-12-14,-1734.8347086917252,500.7088624624668,939.0008080931307,-346.8116567783877,21,12
2018-12-17,-2510.5263787288254,425.4352263942982,832.329297944373,-328.2093321572472,20,10
2018-12-18,-1652.3745438621943,455.30285729634664,859.28827296927,-345.30015296309756,17,9
2018-12-19,-2782.832433348448,415.6540274894526,804.9654657149491,-318.8991979834657,20,10
2018-12-20,-3023.0437399686016,368.91877768769933,754.3557319303872,-317.541122348069,20,10
2018-12-21,-3553.4847343955585,279.5379570887448,618.4815652365401,-269.51338956606617,20,10
2018-12-24,-325.0624251069246,170.5525519552484,454.1551961107615,-239.4799925722011,15,10
2018-12-26,-2851.3803957100436,397.0055888110895,782.9412483461892,-391.9104438532744,24,12
2018-12-27,-2890.2496659818717,387.09286302692044,779.8682854660296,-395.7511137773621,24,12
2018-12-28,-3004.4556178934176,406.8717634990076,750.8579312558245,-368.4047414854045,24,12
2018-12-31,-2486.952997075021,439.405710744335,732.7930833724786,-369.55773146327596,23,12
2019-01-02,-2367.89871394379,488.8754992176197,751.1020493941402,-399.76632671128453,24,13
2019-01-03,-2986.7244368673128,405.7957793497726,658.696868562315,-372.13830319640255,25,13
2019-01-04,-2438.4338079932554,561.1781478669598,780.3622487455112,-448.49906775898376,26,13
2019-01-07,-1710.767009784483,645.3489261660105,810.1329697308851,-570.1826583784198,26,13
2019-01-08,-1299.5677299234383,687.4341778534158,831.2068745994471,-589.5547158251932,26,13
2019-01-09,-1249.8475714041258,734.5376061294535,833.5914605613634,-593.6987769523171,26,13
2019-01-10,-1227.3510110797436,735.691856482535,811.1670336104029,-622.9116951938173,26,13
2019-01-11,-1547.6310422617628,756.9830128628847,774.0017708892449,-638.790621714724,26,13
2019-01-14,-2278.476641255465,727.6600971922137,702.7376524947266,-728.2745767780353,26,13
2019-01-15,-828.6130675146799,887.85140846561,765.802095829747,-990.425703578232,26,13
2019-01-16,-759.9562351393122,907.9148480617869,725.2375099169783,-1192.857889292,26,13
2019-01-17,-339.0964621877589,819.5049615532722,696.8783978344984,-507.6471808363514,24,12
2019-01-18,-270.5206899710997,851.9978065849747,733.1476018226356,-544.0994334736075,24,12
2019-01-22,-1546.964349433412,691.2673775194953,667.3116369287532,-523.5484781343181,36,16
2019-01-23,-1345.6326644951043,616.1367982953208,646.4231313792405,-268.1429398137634,44,15
2019-01-24,-1448.8130004608345,35.18898743741229,496.8256746510118,472.1347166583374,44,14
2019-01-25,-1339.485140186167,43.24930167589132,507.30431871276505,500.8194596784006,43,14
2019-01-28,-1127.607044397413,-206.2011009368221,422.50395809567937,1554.8846854969077,46,14
2019-01-29,-779.235847695825,-267.42445083359917,370.24497804333294,2054.1217050703267,41,14
2019-01-30,-1934.395850842897,-191.28784761573587,346.1640563496486,2964.0419940411966,32,14
2019-01-31,-1652.1857275222428,-684.0945374372437,265.08658555489376,3997.974863879179,29,14
2019-02-01,313.5575383648122,76.9478091460116,300.815625207738,70.63156875586363,16,14
2019-02-04,-261.5181407807831,-100.86672784958112,213.73663747416379,400.9941766684576,14,7
2019-02-05,-729.7568092912796,-46.68941133462471,236.45785327800002,74.62508370243779,12,6
2019-02-06,-364.71542651480604,-314.36751759725183,218.8377717809667,259.6498547666326,14,6
2019-02-07,22.19003979667906,-780.3798093187906,177.00475997852314,660.954202157285,18,7
2019-02-08,463.0952817438751,34.275560237042455,193.1852217948296,15.691825694089978,16,7
2019-02-11,520.3807278527618,32.10193304882691,200.55293841216562,81.29922576240592,16,6
2019-02-12,656.4969917693306,324.70416648834913,480.02703090473904,12.683301690847227,18,7
2019-02-13,625.2771322400818,315.9878249941667,478.73786520759575,132.9520099530959,16,7
2019-02-14,337.6333291418739,327.3504996277024,535.6100525340439,338.06614918971314,18,9
2019-02-15,429.66539707276695,391.6308895567427,542.7272123764537,-185.96437750936542,12,9
2019-02-19,1282.557695780377,563.9903768138753,1051.7555913681626,-293.77814688424786,26,13
2019-02-20,1214.8800895570675,593.7982533468524,1040.5906779527827,-291.0787995304728,26,13
2019-02-21,984.4550892183929,595.351444836688,1035.7176602487662,-292.96197185243363,26,13
2019-02-22,1319.8908786521472,612.4793637668446,1028.6897156104862,-298.5486130622017,26,13
2019-02-25,1409.7909004612352,599.8312487692679,1002.8376190316377,-307.18240847400364,26,13
2019-02-26,1495.632305737141,608.3638653517195,996.9522086764781,-311.0893247988769,26,13
2019-02-27,1627.9901484119457,585.1677195307399,990.0376353245707,-319.0155182234014,26,13
2019-02-28,1629.7704847544098,592.3979512550756,978.936733502403,-323.8607881661917,26,13
2019-03-01,2134.469141438771,585.1387453846894,960.297342819513,-331.601950318646,26,13
2019-03-04,2312.945416032397,567.0286179218533,928.1259756770568,-364.51343053907806,26,13
2019-03-05,2336.0038935734224,568.241228273969,914.4381251075763,-360.899165059664,26,13
2019-03-06,1910.2353555601549,572.5106995992498,907.0862636802565,-367.7413392394885,28,14
2019-03-07,1376.9284341314876,505.50297657011305,1072.4519819996272,-245.13166033814298,40,15
2019-03-08,1375.2212633092233,497.0428854976004,1064.6535734229146,-233.5887998131553,40,15
2019-03-11,2404.367739711478,494.52431593040626,1009.5701921555208,-114.41718221687614,40,15
2019-03-12,2581.816132459916,480.23933452617337,975.8916969966541,11.776562026842349,40,15
2019-03-13,2900.269288974964,478.89441598295963,995.2470560649907,177.7896078541993,43,16
2019-03-14,2265.4873196465746,440.07031427430644,999.410837949023,1226.0207055892522,39,16
2019-03-15,2751.6676066453283,537.385332090432,992.963294779899,-278.0686455477445,32,16
2019-03-18,3081.270566780881,519.776968460944,951.9728653664316,-268.63679506195285,32,15
2019-03-19,3438.7925822424536,487.31031386913924,905.7688391105997,-252.62504520944833,32,15
2019-03-20,3846.8648955924,446.5939882775956,890.8420980930255,-223.6325451878583,32,15
2019-03-21,4088.9082655524376,400.4373656242633,854.0632796483067,-280.87990707762003,32,15
2019-03-22,3470.559152919643,504.2227242526857,874.4131249127885,-331.2219558132165,30,15
2019-03-25,3583.4764074579584,491.8008631634416,843.1782554909819,-342.56101347357816,30,15
2019-03-26,3755.924879552958,500.84908535780517,829.2299339569829,-344.751676194506,30,15
2019-03-27,3459.8879486435517,526.7357730990352,841.483766118316,-360.63706671836525,30,15
2019-03-28,3614.746416520197,533.4830393094721,828.4145989645826,-355.70197302516743,30,15
2019-03-29,3566.7794299405696,522.303051019266,805.8475044279575,-342.76440021871167,29,15
2019-04-01,4600.685845735342,511.9173488031994,743.3973028684336,-335.82403115131,30,15
2019-04-02,4824.667559533314,534.3840395788073,758.1267175647711,-336.8152602087427,30,15
2019-04-03,5004.705964412099,503.0447854153114,730.555484461174,-333.6665302481933,30,15
2019-04-04,5028.268674887425,502.5725329309994,697.8382463678654,-320.67510001999057,30,15
2019-04-05,5270.760178925387,487.7066236986789,686.9405309312174,-313.7722780239837,30,15
2019-04-08,5440.874862451556,476.02188846927265,646.6790752592949,-315.91540151927165,30,15
2019-04-09,4874.5545215679085,488.75102428196675,653.056923098125,-334.16510451602306,29,15
2019-04-10,5379.465055389604,462.4771897975011,622.5140705625104,-326.576389195498,30,15
2019-04-11,5288.507091467022,434.25231039833466,593.908116532101,-319.51160067305545,30,15
2019-04-12,5480.152416032329,409.3146086827037,551.005033770294,-295.2107880247059,30,15
2019-04-15,5526.905123555473,414.21405467503155,534.1452316462944,-310.6976201713365,30,15
2019-04-16,5647.932596408261,400.62735547157496,487.85319947819414,-278.41514593440115,28,15
2019-04-17,5807.416658336858,328.2936743120153,611.3110465896067,-139.71894656984225,38,15
2019-04-18,5158.022680573915,-503.97214165035894,483.3810222533443,395.09623986152786,41,16
2019-04-22,4277.473885012709,-803.8123471136097,395.6567685456183,1225.8259897434993,44,17
2019-04-23,3577.7530979940007,-815.791876114835,504.7016288106873,1385.132999173388,55,17
2019-04-24,4038.9142505868763,-946.719248825699,402.39056809577426,2248.0590585737973,53,17
2019-04-25,1276.9907591938443,-1003.8065400328461,374.89212500390005,3403.6123801448707,52,17
2019-04-26,2152.0288173485274,-193.9601847809732,504.19546465736266,295.54190369258737,44,17
2019-04-29,-5.966261135640039,-187.64506486801156,352.9651620769897,572.1904433791434,38,15
2019-04-30,1321.649048848557,-63.65624081980515,358.459979068708,279.0260658856221,32,15
2019-05-01,1708.406586645609,249.40708280004725,961.9585078788015,26.40444397361543,37,16
2019-05-02,2584.6588180416707,192.6096748218971,974.2790480829542,67.2709917678709,37,16
2019-05-03,2196.9067498641602,459.4733749958105,956.9850319515143,-253.34389764395598,28,16
2019-05-06,1999.3802332978275,445.6562022989527,949.197794017796,-279.09024064981804,28,14
2019-05-07,1358.576110944237,407.6610122053937,958.2292344562072,-331.5141272675424,28,14
2019-05-08,1278.4785173434047,396.651629764864,968.0151368797951,-260.8584970111544,36,15
2019-05-09,1072.296976360951,329.9548535622461,909.2816578205727,-166.20500161958796,42,15
2019-05-10,1027.4747535693973,324.39676940731664,882.487998639998,-137.99166412442284,42,15
2019-05-13,159.26911263772757,364.34886463515056,818.5070781775239,-221.76198298472107,41,15
2019-05-14,393.0905315998118,381.1483738667714,786.9133826337774,-86.18565318694587,42,15
2019-05-15,740.6996654284545,358.885826121986,786.1283235792965,-64.76008729018005,38,15
2019-05-16,879.1972172070512,331.897063496831,783.2253480814737,394.0611935290417,34,15
2019-05-17,-25.4781353181194,517.7310592302416,777.0364563410376,-273.3407702920069,26,15
2019-05-20,-737.1885799825702,548.2132200000844,808.1542037284405,-303.16266550672304,28,14
2019-05-21,-601.6952208203278,559.3660078360608,823.9730932847009,-295.2719290932702,28,14
2019-05-22,-723.1539643503775,547.2749513475505,791.8370034271738,-289.3854729025318,28,14
2019-05-23,-1378.5087073361715,526.9187989982103,773.4594912874624,-302.7356419510714,29,15
2019-05-24,-1511.2876056220914,531.4585241324952,741.7394198782197,-287.48841118190984,30,15
2019-05-28,-1428.656005992684,496.88944969596565,715.465198500707,-298.54372551163914,30,15
2019-05-29,-1779.5998263712875,492.2957169932039,679.9472050518444,-301.51867303279573,30,15
2019-05-30,-1791.5130055940826,500.45097458847744,667.8759560344361,-296.8393845353711,30,15
2019-05-31,-2378.2023390554245,465.1542061941231,614.6534907521622,-287.0747959614519,30,15
2019-06-03,-3248.9587267191755,400.0703165824911,495.63875302577804,-274.3211172933511,28,15
2019-06-04,-2664.536571987702,466.98695064802524,563.3102978371205,-301.04901103624036,29,15
2019-06-05,-2450.7098045023195,439.8674004762527,554.4070479817937,-301.70122258800484,30,15
2019-06-06,-2109.935016091333,419.8995097028242,641.2511621360818,-229.38050476612972,33,15
2019-06-07,-1553.994082711765,461.30680477265923,670.0344858414651,-230.7754013196543,33,15
2019-06-10,-929.4027214981336,490.1102632370926,678.755447978458,-212.26294314550591,34,15
2019-06-11,-806.9555647258005,457.61530022286263,691.3326887774322,-127.99893597454306,38,15
2019-06-12,-1021.8482634515543,433.86467140130856,675.3476374320982,23.644767566433664,42,15
2019-06-13,-979.4092023877135,401.0035412717465,663.3499067007016,454.2923171535555,40,15
2019-06-14,-1011.8114787749732,471.0935139253218,681.1102559722509,-267.54461385656646,38,15
2019-06-17,-756.9479452740129,481.1548544116475,674.9514830679631,-257.579300337584,38,15
2019-06-18,-643.7343454095464,436.0305565522647,724.8201354880783,-108.66124843541317,40,15
2019-06-19,-881.5370046342666,464.15873170905866,722.0020823927769,-164.70025784733312,38,15
2019-06-20,-688.9216764913964,515.0876871925087,736.3357109049524,13.448134220295826,37,15
2019-06-21,-331.0408218014828,565.4652784871608,727.030234584603,-291.08242025598804,34,15
2019-06-24,-272.59041738486155,571.2729912293956,704.4060597196469,-291.163493042415,36,16
2019-06-25,-925.4852882981093,570.7987174246252,680.8498120917862,-283.26709647540827,34,16
2019-06-26,-541.2837085469828,570.5679640060058,681.515804379876,-307.8459768429747,34,16
2019-06-27,-323.1368195592487,575.0533186902646,669.4911594729103,-305.85656417630344,34,16
2019-06-28,-339.8632310412925,578.9514445439268,670.13598130922,-333.78559259129304,32,16
2019-07-01,138.59428810166105,620.3416483377223,637.0124645931179,-320.4229764199339,31,16
2019-07-02,423.94496424344,633.8550550770124,633.4461431020981,-316.5881227831377,32,16
2019-07-03,494.59763325532526,630.5860563857458,650.5065690372076,-354.6235562192541,31,16
2019-07-05,431.09066225093346,654.3426307149844,607.3991504480392,-327.0579520907778,32,16
2019-07-08,164.78417470043962,614.5633202116007,557.8590102998024,-328.62694791514633,32,16
2019-07-09,559.8640848474113,590.1344874884912,536.1529555164295,-321.6960844729769,32,16
2019-07-10,883.3330055060146,508.03838906823034,658.5734305910229,-147.3844830468312,39,18
2019-07-11,1050.1516290806715,473.67815289743817,662.608817759782,-128.07653612876203,42,18
2019-07-12,1223.807333915679,478.00277545356096,641.4613700113717,-76.08129369809072,41,18
2019-07-15,1635.6935407120147,497.29191045831243,628.5737885327744,91.97425301143849,40,18
2019-07-16,1701.4960631624306,528.2615727891011,641.7645183832269,181.66356341739888,42,18
2019-07-17,1344.7874571360094,518.7007675107118,675.7684145607321,379.0894377146756,46,18
2019-07-18,2116.9224234383682,114.63001996163898,1166.0653697888429,818.7410509191018,53,18
2019-07-19,1463.1289578740166,181.4217369557489,1126.4615897047947,474.73849341517706,48,18
2019-07-22,1608.2400870031938,119.30058230531326,1069.6072874040874,1289.4920040389952,49,18
2019-07-23,1728.482084720783,21.912019810401468,1012.6210433467811,1995.8012604393089,55,18
2019-07-24,1929.5951244570686,-73.88272267483777,980.8535090106872,3206.1096814145003,57,18
2019-07-25,2052.637823216694,-350.0645702463604,923.419766762684,5611.805870900764,52,18
2019-07-26,223.5543697201316,528.8501008788895,1047.0585428505779,-168.21985864057348,43,18
2019-07-29,1182.476965460622,581.2911078398309,1201.4555067589781,-96.21145555308013,44,17
2019-07-30,881.2188916606692,481.560258816649,1069.3492563349228,47.793009862428605,38,17
2019-07-31,139.3435407674102,432.0517827765216,1065.9427795628267,-81.88588360540746,36,17
2019-08-01,44.44060688339823,393.4746684262818,1062.5677249371552,-137.64866546183896,37,17
2019-08-02,-688.692557912462,590.0813402509197,1026.4238282185536,-347.52202979952324,30,17
2019-08-05,-1830.2527760788782,466.5963924497294,789.5181513396001,-342.57617386849694,30,15
2019-08-06,-1565.2308909951923,492.57186036823776,760.4035699692909,-335.1262673709125,30,15
2019-08-07,-1398.894166145913,476.84168409148043,765.5359884927595,-337.2933197584269,32,15
2019-08-08,-781.9349003045504,430.8677434959372,822.3408400221822,-229.4342377422284,37,15
2019-08-09,-1018.7668510059499,389.4557715451522,774.5196743486558,-210.23965123061865,38,15
2019-08-12,-1318.918125017035,355.34906537687095,734.550627950039,-136.58287152679233,38,15
2019-08-13,-752.8941648724041,397.9047125906438,729.2300141960004,-137.7528556350811,38,15
2019-08-14,-1515.1337826337437,316.35113081404154,708.0967940779008,4.180065372906631,38,16
2019-08-15,-1159.6585001932706,308.3019651381657,716.7109543492649,110.99612774151208,32,15
2019-08-16,-908.6654367101594,395.1053987892326,741.0311540712447,-302.92729301223966,26,15
2019-08-19,-366.47199445963906,455.5768964037806,840.5116778432313,-330.99264264287024,30,15
2019-08-20,-658.969595438998,448.5449574198735,807.6712536806126,-325.7604262061902,30,15
2019-08-21,-324.85894180090304,474.3111380918257,815.5330018542893,-325.35120633069846,30,15
2019-08-22,-510.3044167702287,459.65965591448264,796.4785774568616,-333.70227974252657,30,15
2019-08-23,-1537.388352348199,422.2155117006761,750.5058750233633,-340.02285329231404,30,15
2019-08-26,-1108.5683701478074,439.18525276799454,743.7630822816161,-353.68075581911773,30,15
2019-08-27,-1169.3523853779504,421.00375885357016,726.1082177779728,-360.24122017570875,30,15
2019-08-28,-1179.8591403596024,419.2555109283197,704.6955483389618,-359.98233810071616,30,15
2019-08-29,-627.00126204156,453.55006888615526,711.1738574611132,-346.9305565386518,30,15
2019-08-30,-625.1703295247781,450.9458760216755,694.8028839197001,-351.8129022627743,30,15
2019-09-03,-910.7423562736934,454.4393817943465,703.1398686201544,-407.2341434687992,30,15
2019-09-04,-422.7137533319765,454.56883447402515,694.6882015850042,-383.832451235413,34,15
2019-09-05,425.7594768742606,391.7497459727751,671.0952712228487,-278.09350770199495,36,15
2019-09-06,210.40271152417947,398.38464048197466,645.5183751364266,-246.12404706995508,36,15
2019-09-09,202.37390754366376,401.8963749456948,633.087278097931,-180.5252265952476,36,15
2019-09-10,157.5660873213968,336.4905207634237,587.1506729337317,-33.12245590103026,38,15
2019-09-11,415.82631054065655,322.79317476650067,564.8487155468475,87.82534266707847,36,15
2019-09-12,236.65284529491436,307.1883690972034,561.9750323161312,380.02828382827676,33,15
2019-09-13,384.3258641626683,384.3661736221575,553.5940295367301,-258.725499986811,30,15
2019-09-16,164.24129389940634,378.8383321451057,527.8245547458181,-271.20627585840873,30,14
2019-09-17,151.4386908863321,339.88644077384726,521.3290844341981,-45.40747068704016,28,14
2019-09-18,242.86121242392,233.54580921602582,501.3151476213651,-141.57327889178558,28,14
2019-09-19,222.19955821357934,132.21708715188203,497.36395904072566,-121.33989684507924,30,14
2019-09-20,-13.902491326090598,363.20055837475894,472.76053729675573,-236.80060061917993,28,14
2019-09-23,-38.07587787839165,362.47355829223073,491.60582522826945,-222.83810582233522,31,15
2019-09-24,-485.4077755660303,353.82802091370826,485.4731535466313,-226.5047227432343,32,15
2019-09-25,-47.73006901513085,349.5657117417906,458.7083867236876,-172.10741528791146,32,15
2019-09-26,-154.22782389124808,340.8866147725628,434.0937769512801,-97.68134254853167,30,15
2019-09-27,-506.3726387564427,367.82122243260847,447.40426173127753,-284.61467079030075,28,15
2019-09-30,-415.7933291332913,374.2491292259809,442.46004734727745,-292.4151140977302,28,14
2019-10-01,-616.3868787155019,367.26228460907447,435.62340872204646,-309.55712515815117,28,14
2019-10-02,-1008.1573582685137,350.76082842145365,429.55777134101896,-323.31625196957975,28,14
2019-10-03,-744.9674203344703,341.3420114556421,404.2245233503255,-299.1530838251938,28,14
2019-10-04,-462.50708727241033,343.43221488307523,389.12231551083073,-298.40005228630855,30,15
2019-10-07,-171.72046527640492,340.3371767679646,358.80899913988594,-293.02860450663746,29,15
2019-10-08,-573.4821663218827,337.70615634252925,374.06704448389524,-337.3898744532954,29,15
2019-10-09,-493.6242316666901,276.0924444616892,349.94617485546354,-109.27889568237731,34,15
2019-10-10,-479.3441173636123,258.0698128601327,328.31921205886937,-70.24323662164636,34,15
2019-10-11,-11.631162809325332,258.84544165577273,317.9459226931502,-43.4115436445146,33,15
2019-10-14,-353.1676410000782,262.0642675874536,279.89963051549483,84.56488702117494,34,15
2019-10-15,-5.633364090594739,257.820239514203,268.1711242258488,174.1235194508857,34,15
2019-10-16,38.842818857660475,110.6662213342013,253.58673676332137,689.392002007085,34,15
2019-10-17,-74.14216999703169,-234.33736913927098,120.71473147003994,539.9815197028612,37,15
2019-10-18,872.9793622841125,-34.645087303939334,147.23105018400622,397.31984726976447,34,15
2019-10-21,472.4970748194419,-269.89717112120155,187.76800590499064,1139.9592940172795,42,16
2019-10-22,691.7396123101012,-265.498235288972,176.05914095448176,1485.9165271584602,44,16
2019-10-23,460.6338205081835,-397.7309839462513,134.89232847928915,2359.446095182965,42,16
2019-10-24,1608.9384338207258,-582.7035724416946,102.95890614354234,3948.3922347907846,38,16
2019-10-25,1838.1039292519918,-123.87354051471486,181.89627339905667,353.2614163797107,34,16
2019-10-28,82.32539843708068,-8.646342546800431,538.5354057170753,775.2496313765519,37,15
2019-10-29,216.68037255852587,-518.2088834727887,537.32321795243,367.91923761305924,34,14
2019-10-30,39.35197300396886,-632.7208650588254,564.0272075609715,508.0211080176932,36,14
2019-10-31,-381.4504454374249,-950.9494179699433,576.1811526252247,332.4654590752517,36,14
2019-11-01,770.2586976485419,200.36418301949985,584.6949913070862,-134.66297479388726,28,14
2019-11-04,974.0817916563532,215.1958047100457,580.4939737998617,-102.99304969722466,28,11
2019-11-05,1029.128358112238,226.32664693215796,569.7667811718787,-130.71990762542995,30,12
2019-11-06,668.4211700967788,234.05345163271423,576.8977694038452,-64.86245399929521,28,12
2019-11-07,996.3896971267528,137.47976100660966,523.1588668822162,73.94502362566355,33,13
2019-11-08,1104.2991270250864,191.19745835268054,550.8908802078747,-61.0642004985163,33,15
2019-11-11,1416.6172141895934,202.11061692370183,526.614691135903,20.969470423387182,34,15
2019-11-12,1450.8658423037602,209.85171235427498,533.012572957264,81.51992637509773,34,15
2019-11-13,1269.2142892452673,193.34196219424564,523.4786812190913,250.69480627303372,32,15
2019-11-14,772.6946256711759,211.93915815223653,528.1042668449176,732.7663281020909,29,15
2019-11-15,961.7125674817356,321.27185908632674,516.9146907525454,-188.14136354138853,22,15
2019-11-18,1140.2602421782083,357.480683572865,601.7687083162887,-216.3567976824688,24,12
2019-11-19,1829.0526388191802,490.9053436159266,807.2799413351157,-271.49110342229415,26,13
2019-11-20,1564.4873328374345,497.32692146661213,816.9698399724876,-288.4460874335009,26,13
2019-11-21,1582.911937885063,506.8168151085479,803.3497890161204,-287.4563204604292,26,13
2019-11-22,1618.127578261943,508.6989722466846,805.6782547006567,-290.9879698648267,26,13
2019-11-25,2292.265777283707,517.3471592641245,772.4895583184405,-282.64677289561996,26,13
2019-11-26,2445.3566698631807,520.5384383488188,760.1732338126504,-286.50044192930415,26,13
2019-11-27,2759.5142593727187,520.4449883516185,747.0011247081978,-288.6252383422388,26,13
2019-11-29,2399.9956206815887,490.96347461100964,748.1945853211424,-311.21590605553774,26,13
2019-12-02,1894.6727280765945,529.4793896065603,746.7396070227205,-337.89594319734664,26,13
2019-12-03,1658.8636678420971,508.16844577354703,739.0543761872373,-354.63571040310137,26,13
2019-12-04,1884.6341352740094,514.7510577629315,736.317862583066,-353.7255495419671,28,14
2019-12-05,1850.3846844799534,390.0364211059191,738.2038110357099,-169.99836345612175,38,14
2019-12-06,2172.55531681246,369.22581585025694,714.334026787583,-143.94151376453846,38,14
2019-12-09,2150.769646864322,366.0178215187345,725.0236233588788,-56.15199277612054,40,15
2019-12-10,2094.8425580925236,361.40777632074514,717.5648241049671,51.66120309989199,40,15
2019-12-11,2388.2029949448074,340.73869791254907,711.0591267800517,247.12695355629856,44,15
2019-12-12,1735.2628247292653,286.2851022173848,675.0457193234533,537.1011204769208,38,15
2019-12-13,2250.421651631354,455.70902271830164,696.7859970588751,-272.27080623992083,32,15
2019-12-16,2605.9056298271826,433.1622476323061,662.8520735912052,-265.81181115677936,32,14
2019-12-17,2871.0422894602466,432.1422190278775,651.2756888954732,-265.8383703027254,32,14
2019-12-18,2592.642120922869,377.6555164020537,644.9993614318181,-185.0506425447064,30,14
2019-12-19,2854.0715519870387,394.8576228291391,705.8210407542391,-265.9976333989504,32,15
2019-12-20,2998.940736457779,395.153839140601,692.4371753654494,-270.71988479238047,30,15
2019-12-23,3580.4456973646024,416.54538989518704,718.2295006499518,-293.5790315262214,37,19
2019-12-24,3481.9555480095287,422.2650332795459,722.6406276889363,-307.62013923189727,37,19
2019-12-26,4496.031107619791,441.5895578131552,681.2671943652945,-318.81240521751556,38,19
2019-12-27,4534.839819923838,507.43819945565474,691.411442612801,-334.3168833491016,38,19
2019-12-30,4357.444633741694,552.4116394101765,695.3861951947613,-346.49033022723535,38,19
2019-12-31,4647.460962955575,587.0802810925336,702.0666837441003,-346.79364100953194,38,19
2020-01-02,5666.554262047472,562.4046124966828,611.3585017320858,-313.05816393463283,37,19
2020-01-03,5373.326965580303,659.8798130317244,639.71859594183,-336.203822953234,37,19
2020-01-06,6002.262495350407,635.4369008199626,586.2882517989941,-333.5305394924947,37,19
2020-01-07,6122.568046275082,616.1154951542583,568.3709793616384,-329.41848633905863,37,19
2020-01-08,6250.002952818824,623.5384035813867,554.8608093784406,-322.14092669977174,37,19
2020-01-09,6902.460129498841,585.1732172536884,514.6959723961784,-303.58276629834916,38,19
2020-01-10,6617.660004002717,584.7642170543986,518.987747731569,-319.72416031906687,38,19
2020-01-13,7292.30872043167,557.0882216968048,469.2487013988983,-314.28157358547344,38,19
2020-01-14,7083.5664383782205,452.42118968421437,468.71112700316104,-194.2547164719742,40,19
2020-01-15,6643.335152901013,449.3052916629341,464.1336036659491,-191.88902181923862,40,19
2020-01-16,6443.242605735543,384.6144853149579,533.4684880196597,-125.04555760501323,43,19
2020-01-17,5816.466126831083,378.3266736154798,518.3247975427859,-95.18587350772107,42,19
2020-01-21,6420.710641774322,209.1164504686326,502.2959640123073,292.1528262761799,48,20
2020-01-22,6393.734747463865,93.33513273165151,507.4257580736413,436.71654976643634,52,19
2020-01-23,5466.822870670547,-300.16358848183603,512.427254639069,1187.4755953774898,57,19
2020-01-24,5976.91294889882,-68.42553185694037,590.2406631668867,873.7316775650496,53,19
2020-01-27,6438.465353425984,-199.1793158744422,588.437635274216,1734.4070003100449,56,19
2020-01-28,5346.464982415741,-389.7630155775942,522.7188967134499,2446.6523459149344,51,19
2020-01-29,4927.459125366167,-645.1291610969763,527.9259717853133,3349.2325979659036,52,19
2020-01-30,3927.769987802835,-1007.7317805459749,379.9122383681849,3575.391218384289,46,19
2020-01-31,2872.9768230969644,49.605728541363725,377.2833105649104,321.89818133270137,36,19
2020-02-03,937.3207580923183,-54.1959388222967,319.3994247740501,883.1861475193484,32,15
2020-02-04,2035.6943476350257,-350.17452624151514,292.7590009569913,339.7673449318082,32,15
2020-02-05,2021.9708511264757,-499.721744913884,290.59497367374286,495.33172720593996,34,15
2020-02-06,737.387675790196,-416.0847959634328,372.6852005295229,431.0436315031305,42,15
2020-02-07,1976.2456817743787,55.71927518146176,386.29539500462664,60.184867001221065,38,15
2020-02-10,1975.9094464371542,36.973974052680305,371.52777091724045,205.27294210947142,38,13
2020-02-11,1980.8387506865693,36.680325771800504,372.09438324321275,318.98248723464206,38,13
2020-02-12,1831.3849475434063,26.577910872939537,315.44419828133374,434.99375950155934,34,14
2020-02-13,1291.0820175689416,-134.46942526546593,293.8391640105075,412.93407193469073,34,15
2020-02-14,2004.4398356824042,310.8133975120245,294.8369711226314,-228.53972183898233,26,15
2020-02-18,1905.3365108528549,307.5072660225507,277.205428066242,-236.6915872972343,26,13
2020-02-19,2200.920999967381,305.3436772213866,261.2969204732817,-233.34020523934728,26,13
2020-02-20,1946.1950592552184,318.503318446258,264.5768050508489,-249.86670740174156,26,13
2020-02-21,1643.2571854106745,333.87801658756416,288.14481924693183,-281.97468645235926,26,13
2020-02-24,841.1664740246636,300.43994115887585,224.35763467430183,-341.254325818181,28,14
2020-02-25,-24.357629199316705,333.22745511862144,441.28598715716845,-439.9467535558754,30,15
2020-02-26,252.21391520930473,334.24456287040624,443.88870537018374,-449.6875941333223,30,15
2020-02-27,-972.3072060135091,273.70131620563524,388.37902994354295,-491.1337674579529,30,15
2020-02-28,-595.7025158276236,252.2833057189565,414.1527918318775,-561.9707830584409,30,15
2020-03-02,197.89441553246033,283.44747652711663,433.1121399850313,-519.7231625733781,30,15
2020-03-03,-544.8255813154462,257.2421536177783,399.08373024965226,-537.765964459289,30,15
2020-03-04,351.63436871692153,281.76630088584625,420.37022847690633,-498.9782675186764,30,15
2020-03-05,-363.3786917884072,211.05421429329158,630.8213005055368,-272.71098670813114,43,16
2020-03-06,-629.7732531585164,196.33613491682223,623.1498909106554,-305.9714720742624,44,16
2020-03-09,-1348.2932849683714,153.9454326373461,549.2300081242979,-374.9248891715446,43,16
2020-03-10,-674.5663380755154,157.57747451830235,597.0121757715481,-81.70056035258662,44,16
2020-03-11,-1192.077595081049,156.56850392155243,551.5530860550116,-217.32061569525735,43,16
2020-03-12,-2216.815180286637,100.58966874617079,374.3543246306785,331.53175161668145,36,16
2020-03-13,-1693.812054815724,165.57022735943738,570.6624426262558,-515.525600796373,32,16
2020-03-16,-2258.91982900235,91.43278666488577,352.1194276557003,-507.5481282147162,30,16
2020-03-17,-1829.3044819609574,115.67399802591231,411.0051072300772,-590.1979566113796,31,16
2020-03-18,-1832.4241089939026,89.12925673247256,356.3705840190965,-564.0216515212196,35,16
2020-03-19,-1775.9255381444407,105.16597672577959,399.68656217046157,-543.5614726441961,36,16
2020-03-20,-1993.8302763634529,98.139486943972,338.19301193728955,-467.00629648127784,35,16
2020-03-23,-1852.0404633326896,99.03835384947413,308.9452808990212,-429.47198650651114,35,16
2020-03-24,-1570.0890947388286,116.3472233685824,398.6487456100109,-429.2746055489931,36,16
2020-03-25,-1666.9775659569486,103.81447895427037,391.7616378678524,-494.08826475967123,33,16
2020-03-26,-1236.6616582247127,125.64617434549024,469.98726480339485,-509.8353014936486,34,16
2020-03-27,-1558.0298727557108,112.41399154309835,424.0933708073619,-552.9567903624862,34,17
2020-03-30,-1186.2889327569264,130.2734848285165,442.39084803067266,-556.7020626842472,34,17
2020-03-31,-1207.274707356836,129.69045628765963,415.3665435714916,-512.8854700914972,32,17
2020-04-01,-1682.3291058254822,106.65072575279177,352.93277860646793,-517.292835490143,33,17
2020-04-02,-1436.1392469759928,119.66542730440513,376.98653125798864,-515.5427029139026,32,17
2020-04-03,-1693.8681004142531,117.77449619326141,343.8124009327414,-488.46036546332857,33,17
2020-04-06,-1009.0685408508389,145.63570626738652,396.9298504868784,-486.89921588699957,33,17
2020-04-07,-1135.812549464782,160.3055947716809,429.56828754573,-661.0910714154847,35,18
2020-04-08,-867.3511655090163,149.03207817109703,447.102544105005,-583.5914101679659,39,19
2020-04-09,-817.255451252215,146.35066029868952,437.4528790794608,-583.5635855828153,39,19
2020-04-13,-143.82499699014792,128.97477471875496,423.37875075273917,-556.6989427615988,40,19
2020-04-14,599.0585922500295,146.0580971780178,442.0418845365246,-292.3380709874945,42,19
2020-04-15,538.6374317284337,94.44573139858753,418.8232275260778,-306.30303609193066,41,19
2020-04-16,767.6092931646356,133.49339189409926,424.4900847709004,-217.1696313657633,43,19
2020-04-17,1106.8980586237258,171.85527404975275,440.99825134559677,-386.8537148019655,42,19
2020-04-20,1043.5984049380877,157.4614394188747,416.81431573618147,-158.52872843448733,41,19
2020-04-21,34.54072274414901,56.280351783553165,287.62376039553055,498.8437813517078,43,19
2020-04-22,275.9872308998805,4.538914009087654,379.2816865582815,799.336910640448,50,19
2020-04-23,300.895852982489,-82.52147129360358,442.4357485284406,1971.354717580117,58,19
2020-04-24,290.2723353663402,-58.8715880505157,462.3121006830335,1660.5186188016012,56,19
2020-04-27,355.6339226708243,-70.8135932755476,474.3868169286987,3027.876116985841,57,19
2020-04-28,1881.650293149537,-143.84546115392567,424.35627917915633,4214.621647108472,52,19
2020-04-29,-1374.2149961546547,-92.84094638842751,441.04628253742663,5508.29489016608,47,19
2020-04-30,-435.9687427783649,-91.23578974687089,433.30188763978146,6820.0542975562685,38,19
2020-05-01,55.8996085804377,137.13040526785443,428.7339264453847,-488.72517377429926,25,19
2020-05-04,406.2885541821964,139.57174725041438,418.4529864646733,-511.1057753814578,25,13
2020-05-05,510.220376925197,143.98730228707143,415.3983618632463,-498.0991464961273,25,13
2020-05-06,760.0921784466154,139.0768745513783,393.88666567140984,-491.1908193208492,26,13
2020-05-07,1577.1905620304617,170.8453174566123,585.7720915745946,-529.003551523377,31,14
2020-05-08,1791.9191162874824,176.37251673374823,918.5794192646855,-522.4136118443557,32,14
2020-05-11,2013.1909312063083,177.54822702694042,888.3423791017077,-528.6105198076338,32,14
2020-05-12,1634.406308761042,181.39621946796032,892.5863414570762,-524.9551691387185,31,14
2020-05-13,1369.71310566362,173.60124100972115,906.0207135564116,-503.9688701694272,30,14
2020-05-14,1656.5229127842701,158.38354377736502,933.7306864113827,-353.2424216169853,34,15
2020-05-15,1791.1879165513171,161.28382340830444,905.9056963942287,-370.70822346458186,36,16
2020-05-18,2078.574303770094,170.22270501600752,880.1941840634308,-327.570985573543,36,14
2020-05-19,2149.8528914935155,171.83773292516463,893.9973051240881,-279.2212272001904,38,14
2020-05-20,2646.466973670905,166.37102919674436,849.9498683839263,-241.1086158545935,38,14
2020-05-21,1909.5406575051688,158.67275269275078,857.274872945683,-66.12553862449374,36,14
2020-05-22,2353.3097981127958,177.00874583424937,846.8928949089761,-505.337006341352,32,14
2020-05-26,2276.639397507669,179.67453672627676,817.7455386449919,-503.6455199641516,31,14
2020-05-27,2274.190223004234,172.05718396968268,801.5249697172252,-453.8764024944504,32,14
2020-05-28,2172.115916485527,143.49796287316875,932.7672553996448,-235.66363942289124,36,14
2020-05-29,2665.5536820588013,161.1465358414841,903.6719012978728,-497.6273189214557,32,14
2020-06-01,2902.0215929634705,154.92758723911385,871.7518393783864,-443.98155410398306,32,14
2020-06-02,2971.7237225250256,156.48650749093437,848.5947291935241,-398.2759237755072,31,14
2020-06-03,3009.6479458118674,162.01584886625017,832.7144139633072,-412.0989324796245,31,14
2020-06-04,2555.1722783857144,90.28388455556671,782.5503680048078,-204.8115711642625,32,14
2020-06-05,3209.110679389298,97.92082708097932,735.0392425984795,-420.9893365799155,30,14
2020-06-08,3599.2207281386036,100.09746839925617,712.8804224434463,-282.5625391325207,31,15
2020-06-09,3893.1967332233203,96.29260487447316,638.3258553797046,-276.73700771600824,36,15
2020-06-10,3789.3909776230516,81.85887078406655,581.6548472442137,-261.3973850320252,36,15
2020-06-11,2824.18193683529,86.27358794233469,693.9753465532723,135.68815284957256,34,15
2020-06-12,2727.5408227764588,110.88359042780024,700.0475607862248,-672.5144534555036,32,15
2020-06-15,3054.726722045307,106.88404371165697,632.8747802608822,-643.2300404613522,32,14
2020-06-16,3315.246654924348,102.71102806347145,574.8199583440396,-578.9658639463431,30,14
2020-06-17,3611.7699159874264,112.26549110594624,536.9778055391065,-607.8824074940921,29,14
2020-06-18,3894.623097224364,131.67244779203753,639.502753290918,-621.2544623439629,40,19
2020-06-19,3875.0476561863466,142.83680049608537,620.9365719482618,-657.122000462633,38,19
2020-06-22,4380.6211436942995,138.29925093156635,548.3743215363841,-626.1544561837279,38,19
2020-06-23,4482.712960560704,127.67933156526533,521.5493611518882,-587.8917210019907,38,19
2020-06-24,4096.4705087655375,135.52498107323547,568.0850467340335,-671.5248838444925,38,19
2020-06-25,4341.398296939751,133.38339999435738,538.8932441836761,-655.4439482466545,38,19
2020-06-26,3647.525584784416,149.20407497850783,591.7546370331199,-773.7690655276508,38,19
2020-06-29,3997.5429350823774,143.49954030253477,528.9466396601379,-739.707093654949,36,18
2020-06-30,4653.0482509328995,132.11449788268513,466.771443936207,-651.3536527985674,36,18
2020-07-01,4898.257347614796,113.12110159237554,393.3667855952816,-579.3835824999409,36,18
2020-07-02,5328.016435628833,102.11523749139911,290.06064598771883,-494.6464452815081,36,18
2020-07-06,5934.729910594384,93.79504075030994,254.4989156571637,-500.1276845623148,35,18
2020-07-07,6181.030581675271,105.90023097259274,265.7771947297767,-595.2224365251087,36,18
2020-07-08,6394.095490679016,72.68822474018081,261.71181218361284,-423.1094458327736,39,18
2020-07-09,6156.087821150108,61.83623062534141,563.1772241775818,-240.8840909589039,43,18
2020-07-10,7072.410566310787,59.11423874268106,538.7167300265727,-270.7518455134177,44,18
2020-07-13,6889.492560992689,73.36611647999568,607.1940054893093,46.0275065891438,44,18
2020-07-14,6788.843456229204,69.63523550328047,592.2965740319943,239.53709678316375,42,18
2020-07-15,7163.445252234628,66.79213135995629,585.6915371402079,531.6723062234926,46,18
2020-07-16,6682.7612797938355,9.336350176993108,682.5141100994648,1425.3759853406907,48,19
2020-07-17,6639.378869093277,101.3363196441347,588.4822750674048,-504.3633343251949,44,19
2020-07-20,7585.770995612253,80.00263655251733,534.9512476209092,-326.32716314372567,44,19
2020-07-21,7345.1006380297,78.71757664169434,500.5963757984741,-185.50017468479962,48,19
2020-07-22,5104.206550788816,52.480619416063746,497.6987792936023,-8.047950217313765,46,18
2020-07-23,4955.473811260652,-82.39178763600692,834.2529652100061,1533.1528281765095,51,18
2020-07-24,4710.714034141987,-59.12644945743607,886.6535913563316,1565.853103422946,48,18
2020-07-27,4853.47758463337,-120.22335961308319,744.3413568418907,2794.063400373044,48,17
2020-07-28,4499.591653016049,-110.76432000003308,1214.1493159622037,3762.237085187837,44,17
2020-07-29,4232.737154019041,-129.3814374536718,1200.924311301486,5498.065370526324,42,17
2020-07-30,621.9467602175677,-162.739064877385,1222.787150478368,9930.585574452723,34,16
2020-07-31,1616.9141608493044,148.7106438601204,1284.873484677763,-504.9086148108467,26,16
2020-08-03,1690.284988358682,144.00485481539346,1116.5977453415667,-538.951383288877,28,14
2020-08-04,1390.7895271848836,143.95932440428277,1097.3189906354335,-532.494948546199,27,14
2020-08-05,1965.2102267785262,144.43582365369608,1078.6977764905755,-539.5320754034083,28,14
2020-08-06,2148.033671492822,131.23874714545147,1134.2199419800459,-501.4743909550925,30,14
2020-08-07,1496.8339423331884,133.16439692978,1136.505229629147,-560.0262301646045,29,14
2020-08-10,1691.342573391644,134.83496596920224,1132.011011119539,-552.9404050041428,29,14
2020-08-11,1446.6559968317156,142.02383131144836,1110.8154034839256,-555.0622662579422,30,14
2020-08-12,1573.1000711544127,131.54669452436,1057.545279610782,-273.7505171402099,29,13
2020-08-13,1580.4967836959602,123.06222287694246,1055.3004239784295,-94.39066565593433,31,13
2020-08-14,1234.567344428964,130.1740708456171,1060.2793114027365,-167.04380472229553,30,13
2020-08-17,1821.5030965154003,133.75963191186904,1046.7099456643573,-114.6571339301172,32,12
2020-08-18,2392.107191021608,125.57340089160249,1008.0443030843807,18.112932420619394,32,12
2020-08-19,1733.8042310948517,127.8445033704321,1025.1390407421852,109.58572933591847,30,12
2020-08-20,2001.279414059336,154.21073642854418,1024.110500764504,-317.1083393738082,29,12
2020-08-21,2478.0060457744544,200.1253862310748,1018.8099584507012,-594.8272726862801,28,14
2020-08-24,2614.7016921136737,190.97494878453105,998.8871254130355,-625.285091320919,28,14
2020-08-25,2877.89920713537,187.36591801198972,972.4778506416923,-617.9680579186426,28,14
2020-08-26,3602.201419502845,181.960153110356,937.6891955967853,-621.1028650095808,28,14
2020-08-27,3355.729426164331,161.50335210198782,1005.0800823987623,-577.5413704426895,31,14
2020-08-28,3468.25677426018,153.14948238693003,969.3421807951134,-591.6032899188887,30,14
2020-08-31,3670.1879865613723,164.96878767847355,905.3317215602223,-523.6510785438563,30,13
2020-09-01,4130.11584741325,170.66929200140808,889.1107524170557,-506.2946119879222,30,13
2020-09-02,4513.098568572423,177.24593095727292,882.7579244149081,-598.3797428920561,30,13
2020-09-03,3135.415800305728,186.71599728147154,975.3844434561508,-187.0279226466666,32,13
2020-09-04,3427.8233328057513,369.867259655374,1162.1766400789752,-925.8586097688494,30,13
2020-09-08,2250.232458245575,390.2595856992173,1281.1525734636448,-749.4223876195884,34,13
2020-09-09,3230.6779197071573,409.457036689233,1346.0792359498228,-679.7521960775905,34,13
2020-09-10,2443.9811009245095,434.70132152925146,1323.7309733114955,-613.5963576449572,32,13
2020-09-11,2163.3917708109766,481.578070927876,1391.9888734288352,-643.2323278055718,30,13
2020-09-14,2215.934673291908,482.6603197029368,1353.2540192259746,-571.1300471437943,30,13
2020-09-15,2112.694378061907,494.9821998617235,1392.287656360971,-549.9746452091775,30,14
2020-09-16,1264.256709339792,416.0936795784494,1446.4319930319646,-561.1455561779421,30,14
2020-09-17,462.1130680735385,413.31987830318184,1507.2201323063407,-627.53477379305,34,16
2020-09-18,283.55966334435925,653.4492907911917,1489.638158199981,-886.9280071834252,32,16
2020-09-21,317.11361735423293,631.2281947697945,1451.48711603255,-914.1974360945529,32,16
2020-09-22,1819.1175982735995,669.3550273246113,1460.139401695974,-934.7149526612776,36,17
2020-09-23,221.97080783957955,671.5494470172214,1438.7946247820896,-940.5699654699392,36,17
2020-09-24,508.6998664172861,684.726008981798,1432.175802749911,-961.6938478406571,36,17
2020-09-25,1435.6226389371545,686.4430593964537,1467.6984276113863,-948.3190789711481,36,17
2020-09-28,2414.7214016741805,710.4206200753881,1426.6968455938093,-957.2834863902589,36,17
2020-09-29,2275.6488917105307,689.8481400130305,1403.804150693887,-952.3972771669648,36,17
2020-09-30,2544.3204440325035,696.6997215040756,1373.7946711382162,-982.1994262548183,36,17
2020-10-01,3512.1970706235857,687.3172104543102,1380.3380194459519,-1026.6536403471393,36,17
2020-10-02,1972.7621276174277,736.9677880325004,1333.7218164018518,-1075.528922574388,34,17
2020-10-05,3354.770531752139,784.1829359079846,1346.2610472511763,-1096.9477007252385,34,17
2020-10-06,2025.9750815295376,754.3282033548899,1329.9646680140013,-1108.7966131767553,34,17
2020-10-07,3411.191274494593,723.2237530731201,1464.284889263496,-972.095298163345,36,17
2020-10-08,3544.7617456493235,754.0998254222851,1385.758530657123,-981.2723792581662,36,17
2020-10-09,4810.975504508017,794.2241276726504,1301.4667118833656,-914.7310283737671,36,17
2020-10-12,6853.531314506016,755.509855227451,981.3972933025606,-907.1536177586712,36,17
2020-10-13,6885.025156254171,670.1898863993808,1092.4529011454683,-704.3309094005994,40,17
2020-10-14,5958.924414083413,403.80280041317303,1066.1135849124728,-315.30177757559994,42,18
2020-10-15,5954.836323523781,300.3478447994563,1080.3172755307783,-132.48047583631282,46,18
2020-10-16,5916.235817928738,485.3284877436987,1147.529734017207,-436.51708326785445,44,18
2020-10-19,5104.385731839671,535.1019090562453,1155.5580018406142,-183.09930927491274,44,17
2020-10-20,5497.093951674848,485.43607985772917,1214.5167454620937,-41.05806399240617,50,18
2020-10-21,5226.794101878596,513.7624773839148,1203.9622903516754,-362.6182724626975,51,18
2020-10-22,4958.777189945904,16.728360070304817,2311.9682541667958,910.6359245511563,58,19
2020-10-23,5044.792352410468,19.114021228200173,2098.484745238904,878.885047058728,54,19
2020-10-26,4701.914509018622,66.3355039301909,2304.180978059048,2498.1731681177585,56,19
2020-10-27,4521.153108368558,-136.96210068417858,2241.153204576262,3128.108933321245,52,19
2020-10-28,4837.652771737757,8.576251290553088,2473.630860697536,4309.82075578601,52,19
2020-10-29,2310.370750097938,-899.5996936557976,1486.518712612366,10943.522849029992,52,19
2020-10-30,297.98920477964816,623.8994845213244,1480.007220648203,-644.7891039457239,40,19
2020-11-02,236.68038525366455,624.3275183201547,1470.3339136380553,-525.9294231302151,40,17
2020-11-03,1027.5678893732775,641.092846961224,1464.195905510666,-596.238425401244,40,17
2020-11-04,3471.936834892032,682.2384660266024,1410.1555655327434,-474.2716882541192,37,17
2020-11-05,4221.761140729638,638.2694849631963,1314.760433160188,-541.6551422182407,38,17
2020-11-06,4291.796631450681,658.1468874199225,1336.3298855663832,-561.1889809723001,38,18
2020-11-09,2612.5834643225335,648.7129733346047,1286.8672289085143,-516.1068745954359,40,18
2020-11-10,1201.0676941239885,669.7321745359349,1263.5845231200794,-563.8827561363763,40,18
2020-11-11,2260.9256159410165,531.6630734657215,1227.650329070771,-97.12222937491535,42,18
2020-11-12,1692.3789388955297,509.4343938809443,1201.6522441706309,-277.54181835588736,37,18
2020-11-13,2092.3568544504187,527.4230544814635,1180.8122501700536,-429.0938383032754,34,18
2020-11-16,2024.2856852071234,514.6138638310468,1147.0357988427938,-272.2036341912872,34,16
2020-11-17,2341.3875221525877,492.2714750514652,1138.3533430227005,-132.92341867209973,34,16
2020-11-18,1188.8807888034246,435.16303214064885,1122.2751297708203,84.73276255487892,32,16
2020-11-19,1210.5886672572083,259.4953085754253,1096.4239952082928,-250.07401926426274,32,16
2020-11-20,1660.2332886074905,622.8141945963243,1106.3638307798985,-659.3413230393338,30,17
2020-11-23,1729.2227621002246,633.820528398107,1090.894867268407,-665.6677504389519,30,15
2020-11-24,2232.6227094324117,607.8125080157541,1100.5926709665348,-654.6066977666887,30,15
2020-11-25,2859.536573374832,603.3689239775857,1110.9464659538087,-668.4049725128791,30,15
2020-11-27,2550.810258429373,593.5344244941081,1017.2439016909798,-629.0477589163969,27,15
2020-11-30,2860.004701404496,586.359478342372,967.6548889232884,-707.4623923339899,30,15
2020-12-01,3662.9068470048037,573.6967948317474,951.2445819516576,-714.451034068765,30,15
2020-12-02,3381.831930003737,529.0438946167931,963.7814269788332,-711.9357670207256,30,15
2020-12-03,3305.458807523072,439.5943843192181,1034.1661572512446,-435.39195262913296,42,15
2020-12-04,2840.6036941041493,425.5687846876243,1020.9879452253095,-372.9327971821926,41,15
2020-12-07,3338.170151190752,424.084027148098,974.6047042586241,-262.16929361158105,42,15
2020-12-08,3394.0019406024385,440.71782826864467,986.9694040691728,-213.79066485995583,42,15
2020-12-09,2518.1354102624045,441.8174951990319,983.0902180747441,158.94572725429788,42,15
2020-12-10,1954.0498191834765,203.08046955420207,951.006503241759,388.98224442132505,36,15
2020-12-11,2082.9169379888162,518.279844197792,940.8190693294582,-680.1413298976917,30,15
2020-12-14,2471.285695963326,524.4312328890293,926.066525205944,-698.0436489061375,30,15
2020-12-15,2699.489851794908,531.6487791901384,895.8752642284618,-688.9855002109811,30,15
2020-12-16,3326.890305127505,514.5267117580794,918.8284793888225,-705.2629830169701,30,15
2020-12-17,3319.6148462210936,508.08052842132895,961.9642082109132,-726.0313930701245,36,18
2020-12-18,2267.1289984721584,496.5072041939643,962.8667095547065,-719.2152857609666,34,18
2020-12-21,3051.593069110917,498.66939619384715,886.8874591771774,-767.4721075371259,36,18
2020-12-22,3089.2993076529633,531.0117170348669,1026.8136941694447,-810.4145285893812,38,19
2020-12-23,2852.780859048651,544.2157734980824,1018.2952222750066,-797.4285249963655,38,19
2020-12-24,1788.7974883552947,532.4813722561569,969.9829199241473,-744.5406258369583,34,19
2020-12-28,4027.594813352995,544.2247136950187,922.8331469963559,-793.817728072139,38,19
2020-12-29,4134.727061616031,521.5729962082227,911.6971708279899,-805.8645509382118,38,19
2020-12-30,3805.895637386055,524.156480593537,914.1948217961657,-822.6760805892036,38,19
2020-12-31,3746.7715303819455,499.7921891046322,916.3390809658227,-787.3667824768895,42,19
2021-01-04,2824.3246545646457,490.94855493752175,919.1727940837064,-858.1255445183202,42,19
2021-01-05,3287.031522494121,510.65967974202186,925.9374090570269,-799.5841629595518,42,19
2021-01-06,2281.4006053917215,479.2761178539351,878.9829834348226,-765.7815597830721,41,19
2021-01-07,3293.6615384809797,439.0875845753299,865.1898032421788,-672.1499494782477,40,19
2021-01-08,3829.5845066280217,453.7446970155702,844.6883035973618,-848.1069054483304,38,19
2021-01-11,3161.211847941976,461.0664756971219,845.4657091363509,-941.8755570491877,38,19
2021-01-12,2616.1160490060065,462.43995812080425,793.7487464924369,-708.6270941821283,38,18
2021-01-13,3034.1927554703902,477.1616951076691,802.4442164275182,-702.1552828544371,38,18
2021-01-14,2339.0814944756303,469.10769844271863,779.4307260612618,-655.3400207944466,39,18
2021-01-15,2456.629126028839,485.2132816469785,754.5695276258944,-623.5033654759784,42,19
2021-01-19,3440.64755298103,417.74407148882017,666.1594199782453,-209.46525296108754,44,19
2021-01-20,4549.993120040607,329.9885543038544,674.5092031045176,-74.74814661351348,48,19
2021-01-21,5536.826756073394,307.770767458616,647.1961634605511,-48.210572259153736,45,19
2021-01-22,5447.870052628806,334.91287240354086,505.21349298618435,-190.4268491529395,42,19
2021-01-25,5122.976109335238,367.7827440966444,484.4735472959998,247.41528999650956,41,17
2021-01-26,5266.222073570918,-90.74314817272611,50.82688967186293,1982.506189193763,50,17
2021-01-27,3817.4868388826335,3.583828279426143,1161.0844216004266,2945.8216600427154,48,17
2021-01-28,5299.926963497471,-233.43886526826003,1318.0129064922032,1799.6491468670893,47,17
2021-01-29,4656.766357155284,32.00460842688026,1431.7359065833216,840.2219421712375,39,17
2021-02-01,5073.181486276574,-246.80382381851317,1358.3597532444262,2348.2678881257043,39,13
2021-02-02,865.9668817344875,-536.3424202989975,966.1957610423703,3722.3064637917464,34,14
2021-02-03,-775.8989197006191,-677.480647408437,1180.4217053598263,1615.9699837084665,31,14
2021-02-04,1046.551778877159,-1019.8523006198644,1234.2798138063647,1111.641454605144,29,14
2021-02-05,3120.6430698247023,400.2660469271787,1285.809906677326,-498.2200838574875,22,14
2021-02-08,2851.1976682928644,374.2972586275211,1258.3643527681552,-499.31958207632425,19,10
2021-02-09,3020.047803577433,394.3286351941006,2228.170779030866,-588.1017186696513,22,11
2021-02-10,3020.059111691867,399.9266002320863,2172.3005128479726,-642.3071040517441,22,11
2021-02-11,3115.0008333252595,381.260182280104,2135.793322621176,-592.2045090003053,24,11
2021-02-12,3257.666912956515,416.3444832744594,2205.5239996403993,-600.9198555826188,24,13
2021-02-16,3292.826184962165,431.65216299717787,2151.5335072667867,-566.9696474316527,26,13
2021-02-17,3191.030574063223,424.510364928053,2310.6340982488023,-351.4792697103391,29,13
2021-02-18,3508.441175098201,424.2883668103053,2278.845136167969,-141.64534864050273,32,15
2021-02-19,3344.216356131688,550.8506687083219,2248.158887501657,-398.7371444700258,32,16
2021-02-22,1909.7681453729294,598.0224430743314,2141.6219603449013,-189.31443536882514,33,16
2021-02-23,2522.593516615563,626.7672024812069,2101.518507788564,-94.40107570736988,34,16
2021-02-24,2422.279344678053,552.0948104360854,2073.958234075377,393.82077635317285,32,16
2021-02-25,296.5856280660728,572.3090874877178,1902.9549604626327,163.03388142198054,37,17
2021-02-26,433.1400698091352,567.2780346061799,1898.7131539026195,-625.3772588402272,36,17
2021-03-01,1272.3855968873793,591.3211207551332,1949.4758269028782,-594.8968098227097,36,17
2021-03-02,231.31628918013212,560.2028339598446,1813.655891029719,-429.547034708489,35,17
2021-03-03,-636.8742071607691,535.3596658190891,1675.4099015130066,-198.3205468359041,40,17
2021-03-04,-1312.5810583761177,462.01993605272867,1547.8878542474329,64.19534809727408,38,17
2021-03-05,-956.6867588568432,566.7647443945459,1528.3754708524095,-683.7988872473106,36,17
2021-03-08,-2472.0794725892006,566.5368365799253,1352.5338523042312,-699.783621439626,35,17
2021-03-09,-1120.3895507787379,697.7503512607294,1712.5155946898458,-736.1588991104428,36,17
2021-03-10,-1382.1145898034483,658.6902425894938,1696.2093394891008,-660.2849178704762,40,17
2021-03-11,-68.2077942176063,729.2507806809891,1803.3351466352044,-685.518386835188,40,17
2021-03-12,-765.010599435628,743.4026972656292,1767.4662498838366,-703.0268046798752,38,17
2021-03-15,-886.6794181792611,792.1073543507827,1759.9863482798878,-655.3945437452347,37,17
2021-03-16,-699.756089241314,723.8735564451074,1694.3630196953459,-475.89969199379817,40,17
2021-03-17,-105.21580975462075,689.7305801675103,1762.9063107380598,-521.033538106925,40,17
2021-03-18,-1737.7752511854912,753.1727151343274,1665.6752594225647,-551.0068864070631,46,20
2021-03-19,-1668.7956284710926,871.950892464659,1674.8444066993172,-661.3298942828432,44,20
2021-03-22,-1293.6819558702355,942.2336168243655,1604.5446947217442,-562.2926248079127,44,20
2021-03-23,-1118.9290290921056,854.232892033274,1526.2797332845262,-464.66984140977786,42,20
2021-03-24,-1805.6819222204583,679.4731685340387,1387.1013039396798,-464.7713116276269,41,20
2021-03-25,-2384.6379336365912,499.486062850569,1353.85817685772,-393.20550069581765,42,20
2021-03-26,-1788.9211816296993,866.634427765438,1310.4109049842496,-709.5919158757131,39,20
2021-03-29,-1656.3619217313123,875.4591027523651,1256.351291958565,-733.4645405264394,39,20
2021-03-30,-1836.4009893750401,895.8642495324482,1251.1894785250186,-734.699014978564,40,20
2021-03-31,-1289.2492486717053,971.4881307772624,1312.2367648808422,-729.0880598641954,38,19
2021-04-01,279.83422577266674,996.6359226316707,1264.4607393889696,-710.2840885850188,38,19
2021-04-05,1840.2566790170129,1040.6113945938123,1297.1432107812823,-762.8282323911229,38,19
2021-04-06,1731.2363726877797,1046.6949922835192,1273.0707798261892,-751.3001393109263,38,19
2021-04-07,2370.684650270018,1023.7960861275819,1201.5143119241652,-740.5669431615476,38,19
2021-04-08,2859.0183225933056,1019.1740430729374,1188.8154853112962,-739.5288636454928,38,19
2021-04-09,3682.0725423312274,994.7527222710539,1127.207763998732,-726.7779045402926,38,19
2021-04-12,4019.52267687997,1041.5302522235963,1175.619930286728,-804.1800987875185,38,19
2021-04-13,4893.852230226685,949.3041461896482,1305.810580972251,-650.3316292441903,40,19
2021-04-14,3797.9246847471068,983.4816374328581,1212.0417864239982,-635.3608284999757,40,19
2021-04-15,4932.208957641069,937.1492785112488,1190.4603334493572,-569.4278098913805,44,19
2021-04-16,4765.177507147716,932.0126392282945,1166.201888223173,-526.5638260020685,44,19
2021-04-19,3699.25192177579,916.0103622119052,1085.9728766323071,-408.90797681159535,44,19
2021-04-20,2911.555933311852,592.5899137771117,1414.5485119632976,389.76942163320484,56,19
2021-04-21,4095.9830846204686,627.0314677406204,1512.0112525065294,19.00053525738899,64,19
2021-04-22,2765.671253940328,310.6604445418745,2023.675695247861,899.9200832043643,65,19
2021-04-23,2530.5764123944746,324.398584022836,1897.3160795266629,884.8217711598809,62,19
2021-04-26,4155.371466470032,128.04133581089596,1506.1850076324297,2232.2752905622597,60,17
2021-04-27,1413.4084663008348,26.56124918315905,1446.867362235134,2893.120172459295,52,17
2021-04-28,-578.1557244060026,66.16158132518946,1538.9500955607655,1960.2091442196452,46,17
2021-04-29,361.2679405600416,155.11199440220756,1679.1184395625824,3131.7739122423222,43,17
2021-04-30,2201.581951273143,937.4697056954259,969.8150061726947,-553.487648852265,32,17
2021-05-03,1431.716960102625,988.6632154963809,912.7767921881843,-556.5454654202388,32,16
2021-05-04,192.06045255988795,986.3713532426588,881.1436223450416,-564.2333490528033,36,17
2021-05-05,-45.00907847593197,1017.1819634456111,877.1330160564428,-555.8376366423627,36,17
2021-05-06,395.09795382279106,1025.8784733122602,889.6192287461568,-531.7800432250314,42,18
2021-05-07,725.5919997893238,1036.5454456875095,880.7869287321244,-466.19298698008754,44,18
2021-05-10,-1392.5900632839625,1051.2504833113967,843.2830892068395,-419.0749966205816,44,18
2021-05-11,-1089.171522972626,1003.7900432924177,840.7664915678174,-438.9347203483623,44,18
2021-05-12,-2549.507217834253,868.5049582881916,854.4208635065703,-398.24824326581603,47,18
2021-05-13,-2274.7587190186123,854.4969723757498,907.7557057272134,-489.87362960791614,49,18
2021-05-14,-967.0930271650758,974.193858887874,969.6715010305057,-469.4596421937048,44,18
2021-05-17,-650.3080787058268,946.3247939369596,978.9342922150313,-497.45288737347954,43,18
2021-05-18,-1265.9275839057143,902.7708219073279,893.7965957605296,-476.7058579622906,44,18
2021-05-19,-1012.7071153285244,850.8621509271649,915.3469009975626,-363.3876829068161,44,18
2021-05-20,-572.6126563192511,975.8184656552883,967.6178719804411,-448.98469803815044,41,18
2021-05-21,-537.2586800333578,1008.265458925011,1047.9867031385274,-545.0064624977991,36,18
2021-05-24,996.3982837923961,1119.8287310920762,999.641174892879,-491.62449986657055,36,17
2021-05-25,1352.9809722959158,1209.3332916545994,967.9776767726034,-460.22501579458066,36,17
2021-05-26,1321.727072614442,898.2113954542695,877.8803610311184,-405.45615265063293,32,16
2021-05-27,1212.7648721828484,656.7450959477814,1069.969858300571,-322.1252302664412,36,16
2021-05-28,963.47042347348,767.259479273408,1009.8510121182732,-406.40512394900657,33,16
2021-06-01,1152.8280230795535,787.265075368622,858.1258495769622,-295.9386196925564,34,15
2021-06-02,1153.93151989132,709.7846268386461,842.8631014777139,-207.03611073193628,34,15
2021-06-03,416.2195975133097,430.06007143926837,787.9028712810797,135.0544058898153,32,15
2021-06-04,1090.7365357178746,880.9332391370444,848.5872303691127,-489.05268404868656,30,15
2021-06-07,972.310990281628,840.3813137136246,821.8612165164867,-510.3233169628353,30,15
2021-06-08,1480.243762715258,835.525837380091,849.7226089330615,-488.39289943695786,34,15
2021-06-09,1665.3278712278727,833.8981771576093,845.6409872772617,-494.48002449279375,34,15
2021-06-10,2513.292000764792,764.2555913905895,896.9137350926126,-365.8233143242191,36,15
2021-06-11,1668.5924232859516,776.0100538633258,898.5476353668413,-370.75612563117454,35,15
2021-06-14,2147.501013821052,752.1188602001259,874.9592540418107,-364.0830766857705,35,15
2021-06-15,2561.3757443157456,757.2148126397489,867.2004143577194,-404.11738249421757,36,15
2021-06-16,1909.8342185426168,706.219154587268,825.5750179914421,-238.11735153112667,35,15
2021-06-17,2591.7358603652533,760.9068632777796,922.1832827075874,-83.67126551817587,37,17
2021-06-18,2856.1727978669383,797.7491716101862,784.3323466763611,-570.9430991874174,31,17
2021-06-21,2771.0528445746068,767.9718363545024,779.3873978006708,-574.0495030549106,34,17
2021-06-22,3620.2236613641744,830.8128695159573,745.2020581866701,-568.2165154755602,34,17
2021-06-23,3708.0029568272384,821.7750717416816,758.0199732760428,-547.9204511282618,38,18
2021-06-24,3581.4286117458064,809.260544264594,764.3780351544532,-552.2605702710763,38,18
2021-06-25,3122.428463023663,806.8068927156372,776.0111343553372,-570.5402802271416,38,18
2021-06-28,3623.613920059794,749.7752789111872,756.9349578930131,-573.0763059527135,38,18
2021-06-29,3610.535695845879,685.0583690462541,733.879722594106,-570.889091254377,38,18
2021-06-30,3545.2636239655085,707.5315321250267,731.7008815741775,-577.238029607839,38,18
2021-07-01,3546.6678279566086,595.0803689332386,736.5583674729646,-565.9491069270216,38,18
2021-07-02,4723.255488694984,679.7439776783881,678.2370423814721,-592.9665021852836,36,18
2021-07-06,5387.469693890036,590.5891122210037,640.0677863238426,-612.1887534034696,36,18
2021-07-07,5425.452229295658,577.0265744908986,618.2972397136472,-610.3082684130308,36,18
2021-07-08,5015.254942186257,575.7453697531965,617.7635289380421,-636.4212729162385,36,18
2021-07-09,5155.38502245472,538.0974346982975,605.706407864021,-600.6003496203538,36,18
2021-07-12,5441.018586637206,501.35816911021624,555.9026705390368,-593.4974904133101,36,18
2021-07-13,5430.624516890327,494.63393888630634,559.2782874901034,-435.13232402637175,38,18
2021-07-14,5927.945788880654,-200.5399728232826,477.2500923954997,-252.7402553356098,40,19
2021-07-15,6046.437311823835,-80.41507750604893,521.1341440390324,-265.7298289994307,44,20
2021-07-16,4696.060065365392,378.07703096580553,544.8457563187878,-395.0727888330215,43,20
2021-07-19,5268.836872412827,246.02964215666643,1125.3685194126274,-20.787329267115123,48,21
2021-07-20,4371.214601390295,-120.36622690421427,1450.5537493198872,673.1599102335856,61,21
2021-07-21,5085.469652531784,-920.6271032384913,1386.6110595456203,808.5626769722328,64,21
2021-07-22,4492.980285457075,-1140.593029694447,1660.3461447161142,2225.1720336497606,66,21
2021-07-23,4212.9836264649275,-24.83827105375267,1623.3239000714386,999.8866735999021,62,21
2021-07-26,3868.8424029400235,38.48734902829867,1639.560035963273,1960.712993732135,64,20
2021-07-27,413.4961568088995,-377.5298299862211,2011.5342508043461,3016.7377646657324,62,20
2021-07-28,393.3544013595832,-391.3036986969335,1992.5325487186226,3503.3477326928205,60,20
2021-07-29,1365.9025621757037,-201.07317957268532,1960.5538502680224,4985.635876371212,56,20
2021-07-30,1679.2228163405912,493.21048247502466,1804.0858851035057,-460.3161402245133,44,20
2021-08-02,1799.7529282612068,507.3914324285825,1876.6497207484022,-422.20102904485384,44,19
2021-08-03,2175.0227717080124,507.36100324560965,1837.043320184555,-379.25879643913055,40,19
2021-08-04,1754.6069103392817,436.368650394695,1842.2990732281414,-485.3659199198356,37,19
2021-08-05,2077.452952569737,437.614029304449,1834.4114028803704,-274.090352709562,43,19
2021-08-06,1654.2707437865324,392.3802601949649,1814.138043002935,-456.4617343492825,41,19
2021-08-09,1811.9508592250234,400.50339579863635,1771.299260550552,-419.8505686661401,41,18
2021-08-10,1653.923779409357,374.7482356071438,1668.8786173171761,-380.44740033754346,41,18
2021-08-11,1489.5056581116298,-506.9694417296454,1659.1453377502826,-227.80307280741133,47,19
2021-08-12,1963.3718059802147,-583.3210916767894,1711.5636231979565,44.729154120461715,47,19
2021-08-13,2277.76245119976,-602.1794092363597,1683.2460368031927,-400.46678141647845,44,19
2021-08-16,2102.4790924134163,-890.6839650891042,1665.3292669786845,-317.6699651000784,44,18
2021-08-17,1224.9613289202455,-926.5997987732375,1652.014724544641,-243.35095439108085,46,18
2021-08-18,396.9516029384879,-885.2592485629797,1581.1463145856894,-177.39739736686838,44,18
2021-08-19,1154.0501118307195,-2951.1398117144704,1583.749084523471,-45.77487232647346,44,19
2021-08-20,425.4013890478444,912.89981537778,1600.1203016646111,-465.8444468433512,38,19
2021-08-23,709.1339544656273,836.7591686478286,1554.65307285282,-424.28831490147275,38,18
2021-08-24,1010.7188136111715,845.3459807165248,1565.3512150570411,-522.6368147226455,36,18
2021-08-25,971.2227284837837,811.4097089354816,1525.5078914574412,-527.6792393283906,35,18
2021-08-26,1108.5562428416167,750.5531409040362,1637.0242333142696,-400.7893813135035,40,18
2021-08-27,1484.760904414112,669.7448411245409,1553.4982236165265,-415.09214454724645,38,18
2021-08-30,1689.7759886134675,697.7445960870383,1449.1276356325982,-372.88452393301117,38,17
2021-08-31,2044.0338874712013,700.4285219358073,1453.1762729460343,-340.53966206326527,38,17
2021-09-01,2092.676589195335,713.4847320782015,1449.962297259776,-217.91202552351362,38,17
2021-09-02,1623.336874062038,682.4270512560043,1428.0210984052776,196.4788787541293,36,17
2021-09-03,1650.5197733051923,735.1046114057101,1418.1252344596614,-558.6744754343756,34,17
2021-09-07,1888.5352883782523,728.406858092317,1357.105049854877,-572.085064986388,38,17
2021-09-08,1833.1884419367054,758.8418691121557,1385.8925808699862,-597.2684350882288,40,18
2021-09-09,1518.7496656492215,782.3096023756782,1346.7478031672047,-587.1320652634288,40,18
2021-09-10,1272.471912722493,771.9081169180981,1450.4869664176947,-633.7874379043446,42,19
2021-09-13,1425.0723917835455,794.2519815687352,1380.7541784889709,-588.2060846981873,40,19
2021-09-14,1417.2160077720648,841.3170729075005,1408.1065347828762,-530.799368980305,44,19
2021-09-15,1805.6887759707683,959.3063260941318,1368.0919410438937,-494.3491415706604,44,19
2021-09-16,1840.0542475010627,1003.570182915796,1372.3535722613997,-511.4767447008045,46,20
2021-09-17,1610.498940340256,1010.6193660217579,1361.7055136963572,-507.37668926055244,44,20
2021-09-20,770.5100144068616,947.9995754637595,1522.7279967631134,-416.46841140766213,44,20
2021-09-21,142.51153386728456,944.4812129652903,1490.0891015628913,-344.87039576576393,46,20
2021-09-22,698.481386120552,926.2158793074714,1473.5837556445617,-558.2741914108312,46,20
2021-09-23,1039.3431667490545,827.401169035711,1434.152862560186,-436.34766773683964,46,20
2021-09-24,968.0525037989613,900.4317734005609,1391.433744448106,-632.4474215989916,44,20
2021-09-27,735.6336113695389,962.1635715547111,1322.8370182070707,-652.4791843309904,44,20
2021-09-28,-246.54412730712144,898.7721652714627,1355.5920335635587,-684.0567617687329,42,20
2021-09-29,-626.7718452304659,920.0762966961614,1291.2944033564827,-712.8253138690218,42,20
2021-09-30,-875.5914969090963,855.5923181977591,1273.4794101828538,-698.1639766083482,42,20
2021-10-01,-249.5868943567997,855.8496942979981,1230.123715232045,-718.4143230178638,40,20
2021-10-04,-1223.9711574349583,889.7090356985858,1175.368823337433,-766.0711553947862,40,20
2021-10-05,-769.0905344396298,874.7675371733105,1156.325471532844,-727.8360555837435,40,20
2021-10-06,-404.648476612172,884.4615100398956,1142.5514187386939,-741.9846564724446,40,20
2021-10-07,60.9240020522945,887.0380124090111,1124.7972997464478,-716.3271951011916,40,20
2021-10-08,6.557356843060205,874.7606797292883,1093.8235140725897,-700.2761936702311,40,20
2021-10-11,-265.08357810442476,870.1076248719182,1016.3252700084907,-705.749764929119,40,20
2021-10-12,-831.6565449284649,949.8486760855089,642.2610915584496,-517.0057764561036,42,20
2021-10-13,276.44981030160704,572.4175035599295,853.1536320009753,-89.9377354007367,50,21
2021-10-14,1071.7235422859212,563.9039849637754,988.3494856830844,-43.78609754269019,56,22
2021-10-15,1750.7359627758374,771.4239756828786,1054.8550767391298,-92.9579659640889,56,22
2021-10-18,3011.7415876611994,979.4022610205892,1075.4668319891157,54.719002121987884,58,22
2021-10-19,4866.549045443651,499.05160490808834,1292.2545996954702,795.8168923442497,67,22
2021-10-20,1749.4135203802057,39.57457438705864,1267.7990042426425,753.9554041791312,64,22
2021-10-21,1186.113546479306,-131.8123814749558,1636.2560495873415,1122.9629935671292,70,22
2021-10-22,4468.377035070989,183.6265128099976,1650.3031038819527,529.4058462731689,62,22
2021-10-25,5349.664047755274,176.35544475279335,1815.522881756104,1330.2260575743637,62,21
2021-10-26,1701.0462736420304,-282.5464756606621,1794.966471122745,2718.3677204999226,58,21
2021-10-27,-1259.4675801267244,-1648.7782488983974,1784.9371040646313,3120.417571213553,62,21
2021-10-28,808.5553086620296,-2613.9775472196975,1579.0782452390222,6703.070851246718,63,22
2021-10-29,3039.199776075895,808.2829407966295,1702.0086539188678,-577.5648500967035,53,22
2021-11-01,2697.562327481798,812.7652417132113,1639.2642333016843,-470.12575709200684,54,22
2021-11-02,3001.875805293417,800.4936167897838,1628.7987887602803,-350.74745198258734,56,22
2021-11-03,4255.000054748038,811.7363361051817,1611.5176681066926,-308.2068367027829,53,22
2021-11-04,4907.08084090821,775.0362707717368,1580.478057317047,29.959941470277982,49,22
2021-11-05,5874.230089431063,794.9534739697622,1554.430203423623,-758.6475906698685,46,22
2021-11-08,5144.430997210518,780.6277014813315,1517.9329558502495,-739.4770960605642,47,22
2021-11-09,5484.768776919656,747.7032821327565,1523.4755743542034,-775.1585150932871,45,22
2021-11-10,4028.5252229860794,773.3050596523835,1554.4919660363194,-671.7697155372767,51,22
2021-11-11,4039.238893620785,751.8560749753619,1692.510522229406,-552.4035725401383,58,22
2021-11-12,5483.324495654362,754.8302708639737,1611.5926908995364,-553.4339803181474,57,22
2021-11-15,6243.182471398067,733.254857588498,1558.6174360992354,-445.82518167307927,58,22
2021-11-16,5476.840749027421,713.8291449530918,1552.1038176434054,-348.7092603539057,56,22
2021-11-17,6127.287253398088,700.3366009660942,1550.8096868652026,9.848366170818501,53,22
2021-11-18,7279.856767124406,752.0937821143696,1466.0617390903026,-248.4349691446179,48,22
2021-11-19,7326.115970727302,882.8462543962479,1468.9143558194467,-808.7759946722836,40,22
2021-11-22,5690.530269855825,984.5956806902725,1544.8358129482403,-879.3936102039609,40,20
2021-11-23,5086.2134795108,959.4715053099609,1567.2670678855382,-944.2981055540157,40,20
2021-11-24,5368.368776579667,975.8827887842331,1549.4357734376367,-932.047291690111,40,20
2021-11-26,3388.8031425238282,917.8380691719287,1309.4668804733105,-1057.2011598286924,37,19
2021-11-29,5733.364335209901,926.0024121351046,1164.7919356111574,-951.6068199361802,38,19
2021-11-30,3875.5604083906314,894.75168828067,1226.0929424278095,-1072.8016436513774,38,19
2021-12-01,3069.8969664560773,882.1837101685825,1220.7943679293694,-1134.3563026738752,38,19
2021-12-02,3120.2265020152404,765.2966103592856,1394.830659824951,-1008.0362453092838,46,19
2021-12-03,1667.9713965971046,743.7770957466076,1456.7325616029443,-1065.077816755048,46,19
2021-12-06,1869.100262540733,791.7209882863975,1354.154039630292,-962.3946350287551,46,19
2021-12-07,4399.982349510269,965.7585248815359,1314.4082889476904,-1064.8988131280732,46,19
2021-12-08,5433.950528600559,1010.5796101882311,1284.1488905090598,-1003.2027420278641,45,19
2021-12-09,2712.2893511718466,991.2391301785038,1300.4602891365746,-533.5943669877139,42,19
2021-12-10,4027.2733258578546,1093.8785645647638,1312.5526225334233,-1171.3322421728826,38,19
2021-12-13,2610.123250238749,1118.4859165606294,1334.777125962757,-1432.5608123698341,38,19
2021-12-14,1317.3106816804943,1078.6447557654446,1278.427668701696,-1536.9438008092714,38,19
2021-12-15,3587.768873956233,1117.8951931916824,1173.729497679434,-1925.0770524578015,38,19
2021-12-16,1875.6347191408668,1000.1259383423496,1253.5048548585312,-1054.2360014217716,42,21
2021-12-17,1494.1927916261438,1001.3093008913538,1227.1071382753307,-1029.458570454052,42,21
2021-12-20,868.7084858739545,966.8411385948657,1178.037202336258,-1077.3695077621715,40,20
2021-12-21,2523.3971558218873,1022.485746992765,1173.5102051263345,-1035.4951544799703,40,20
2021-12-22,3711.054524112784,981.3549106987008,1100.4418331695929,-1011.3940724746997,40,20
2021-12-23,4323.225562720166,984.292906650187,1052.4483165379013,-980.8041368970979,40,20
2021-12-27,4987.688163133462,975.885408622337,966.3196225255272,-1009.9535915341166,40,20
2021-12-28,4754.329607195175,1027.4430557181172,975.2734901623063,-1026.5575012798856,40,20
2021-12-29,4484.669128820613,1002.7012038646578,937.7907979051071,-1025.5764674872453,40,20
2021-12-30,4273.501726346853,1020.117694173851,915.3496179913475,-1025.599240222496,40,20
2021-12-31,3534.1201426485823,1052.8652434313744,901.6440527551762,-1011.7262757378236,40,20
2022-01-03,5031.59017872901,1058.918330902548,821.0040510379289,-1026.46417159717,40,20
2022-01-04,3813.575627596958,1090.773205486644,830.7134346100614,-1082.8605049727946,40,20
2022-01-05,802.7356397951937,1099.7901720426441,857.6483089714721,-1116.836561855471,40,20
2022-01-06,700.3737633578771,1115.8310567398441,844.7410775749322,-1103.5460018006977,40,20
2022-01-07,-84.51060035944755,1135.917929428228,818.6301836191806,-1085.3925220778635,40,20
2022-01-10,-200.6475246559372,1141.0770062701476,772.9251365338679,-1183.2228117802088,40,20
2022-01-11,775.947930210225,1232.3433678806703,779.3053224046294,-1191.3183634477607,40,20
2022-01-12,1677.26709255894,1066.1670881546108,732.1986879308473,-967.9522885298911,42,20
2022-01-13,-293.0576464785778,978.6752380608283,726.6916887328904,-734.324466944959,44,20
2022-01-14,242.14425601383766,1021.3893709332408,713.0847178870912,-679.7678658811276,44,20
2022-01-18,-1521.0102274122955,901.5915084101064,824.9002898437415,-447.32664866237656,50,20
2022-01-19,-1269.6282463951015,548.7982228393238,1033.0608280751487,450.82237677357057,56,20
2022-01-20,-2089.5277628774134,381.46304632949983,999.0888683262422,2080.763533093943,58,20
2022-01-21,-4397.893443110113,464.2236910409388,874.9106796461709,-187.41113645237482,54,20
2022-01-24,-4632.53478407328,500.673579622371,917.7707600338482,300.2497554481316,54,19
2022-01-25,-5240.406781411691,177.34052112623232,1116.4010140281066,1459.8371191456988,60,19
2022-01-26,-6501.853035138248,-25.367320585105908,1026.9745539798103,2636.7147595714823,59,19
2022-01-27,-6254.481756739062,-167.066324862089,1328.7540659225383,2182.110128673646,61,19
2022-01-28,-8649.204795142366,200.5312784607019,1629.653371995853,926.6267742774663,54,19
2022-01-31,-8948.807213633681,600.7169646069353,1637.6426190955062,1171.61743881477,56,19
2022-02-01,-7147.244827054836,451.3570279264609,1439.648032540542,1249.953773874192,51,19
2022-02-02,-6465.305645151709,577.3869070576168,1428.1680029396487,1930.0651576707814,48,19
2022-02-03,-2968.035624445044,191.29097734547403,1824.658152131401,11456.6768681229,48,19
2022-02-04,3988.3987404157447,775.6873412994162,2242.2033799821065,-707.4137164856988,40,19
2022-02-07,3376.3666214462182,784.6500557315838,2212.8030713734342,-629.0043372870847,36,18
2022-02-08,3963.142543336725,772.3659014967981,2160.1986040978886,-617.6371897518313,40,18
2022-02-09,4791.958451857938,713.0318390903625,2180.4975467957065,-512.7708903301497,50,18
2022-02-10,3766.9357434751855,655.1586491989489,2200.363591520445,-451.77432387698036,54,18
2022-02-11,2234.476793034316,715.7924762296426,2270.3786711271396,-592.2764724663226,51,18
2022-02-14,2535.8368379084063,713.1607931804058,2214.876732009133,-586.6626362822934,51,17
2022-02-15,3184.150555553958,685.3282199107169,2164.349401032016,-259.1088893942266,50,17
2022-02-16,4016.166787015111,572.6799706031968,2103.3151706716053,236.5320050417942,44,17
2022-02-17,2919.7861264919875,659.73258862987,2124.553288046413,-401.86054398721603,46,17
2022-02-18,1707.7758478127575,779.5718732997665,2125.17657905732,-677.821553283157,36,17
2022-02-22,1087.4769780527026,777.7084771777181,2073.506735930161,-580.5311872760645,42,18
2022-02-23,-531.7685208010598,793.4018768758974,2385.8422280452032,-527.1125395553773,42,18
2022-02-24,1669.078534168676,714.8282217640103,2456.7928978143077,-343.2688391348005,42,18
2022-02-25,2134.889326636192,701.055728070327,2448.6814718904434,-343.64960777001386,40,18
2022-02-28,2504.195678592755,703.5803393427376,2558.7513340674755,-118.1781741307836,40,18
2022-03-01,1938.5421151930445,671.5262249207333,2652.34628021989,-213.12421709214675,40,18
2022-03-02,2302.6978707651842,642.857018221133,2607.811372784431,19.692347204263033,40,18
2022-03-03,1121.7104828679292,571.4525317788216,2665.8409011590934,804.2777226785576,42,18
2022-03-04,317.6089735611171,751.4007324204936,2901.054594310408,-730.7831877310381,38,18
2022-03-07,-2032.5591972593352,738.8250308714186,2769.6145357355517,-755.0829899113363,39,18
2022-03-08,-2588.519417013935,753.7731014448685,2759.6255819419275,-746.4508142378908,40,18
2022-03-09,-939.8190416641103,846.7330309420353,2797.3044272872844,-699.2321012815021,40,18
2022-03-10,295.0440621712051,793.4486735114675,2640.278957622803,-574.1030406066143,37,18
2022-03-11,-1198.610696449256,775.381269960903,2577.278264663663,-804.4836600616009,36,18
2022-03-14,-2479.13185116615,756.764321093949,2571.809154261703,-793.9108534770916,40,19
2022-03-15,-915.5270995021258,761.8147686612093,2635.790919325931,-667.5486843594588,44,20
2022-03-16,919.2299912943281,869.2550022007391,2595.6536355969683,-701.0696429982237,44,20
2022-03-17,1742.9868634526251,897.551447554955,2548.416698555358,-660.5665025554996,46,21
2022-03-18,3308.026776742515,948.5607452772775,2431.3396421673287,-648.6654271182699,46,21
2022-03-21,3550.794091059386,957.9693184031371,2419.4772565025996,-586.0982540084484,46,21
2022-03-22,5144.390543682662,938.4930864839737,2326.811929005113,-564.392633226165,50,22
2022-03-23,5377.847243451754,729.998028910358,2373.9041501356896,-539.2769961627052,49,22
2022-03-24,5736.9714201975385,832.5705454811421,2265.527164269584,-664.5397776777171,49,22
2022-03-25,6322.016082238279,1007.5667536519945,2199.3371120821803,-790.4892425715443,46,22
2022-03-28,7746.730460619792,978.1122911697819,1979.3380002253618,-748.6949751164684,46,22
2022-03-29,8616.553173889046,974.4094409148922,1867.3873234563234,-689.9137203542117,46,22
2022-03-30,7643.735225011663,951.4272656561769,1942.6083093586599,-750.7800019284883,46,22
2022-03-31,6209.0810938061895,980.2617836928364,2067.436119261817,-818.5615390059494,46,22
2022-04-01,6309.652805080889,1001.4278262148371,2002.4484922307252,-855.1340014611834,44,22
2022-04-04,8203.317839660187,953.4620513875692,1689.850201089169,-795.1410963302349,44,22
2022-04-05,6459.968600762008,995.3306947506765,1791.2896989351052,-859.9146313690788,44,22
2022-04-06,4930.469814619571,1062.2609999701085,1999.50125073321,-973.2914546345143,43,22
2022-04-07,4868.706326868636,1074.897792931638,1990.6335897275185,-994.7529595460263,43,22
2022-04-08,2785.0923220509303,1132.0308461941306,2068.5202253891134,-1029.5624373042567,44,22
2022-04-11,610.9184581591287,1146.123344571401,2051.951018907058,-1126.5272478245718,44,22
2022-04-12,455.90044852390656,1088.9695608632856,2041.6051566690821,-943.3751024715269,45,22
2022-04-13,2093.5433062448533,898.8705190987408,2329.639384875226,-508.5221245454171,50,22
2022-04-14,951.5892047494151,908.7645754608428,2381.1194008727994,-524.7209122284477,49,22
2022-04-18,1126.9430441378854,884.9898906707718,2294.5020225816143,-16.55554428088127,50,22
2022-04-19,3007.7876957860362,789.3601436188452,2106.2749868653004,422.86143728518607,52,22
2022-04-20,3486.023784450944,642.310683751606,1766.0448122834807,2183.9959600797847,52,21
2022-04-21,996.7516267112171,37.371796290897414,1710.7197692925383,2911.7711358121273,58,21
2022-04-22,-296.1813017225399,888.5721628921584,1633.8087226130951,-1026.9369030467556,53,21
2022-04-25,437.61386312980915,924.3280777190256,1574.172764889022,-924.8888518440427,54,20
2022-04-26,-971.6870063887266,536.5364060132573,938.35415145373,-261.30956130078994,55,19
2022-04-27,-1172.0447658053135,449.1206339190687,961.896203690092,-131.5601162048419,52,19
2022-04-28,-1797.1819002490238,-80.00026634838378,322.96492046708875,706.1902056523013,47,19
2022-04-29,-1703.183996898788,162.11536903104357,286.59390701502616,-148.08874131905316,38,19
2022-05-02,-1458.4508794954556,192.8724468522439,286.9976203363806,-71.56505265379815,42,16
2022-05-03,-1240.4212005340187,163.00665262604687,240.92986233005746,68.57495922054005,38,16
2022-05-04,-1006.0808937118624,140.4797403056264,252.78753613674306,-113.77732779918664,38,16
2022-05-05,-1388.5170531401623,155.06013519317477,255.54945687944843,-125.02435952947141,38,16
2022-05-06,-1393.2361425189113,189.0690408705945,247.40451040027668,-264.62064839125657,33,16
2022-05-09,-1996.3181221450036,160.1755971466603,233.430905671699,-258.3839820277275,32,15
2022-05-10,-1860.342093528709,170.54245881507592,243.1241779626311,-267.76643294535035,32,15
2022-05-11,-2230.245851135108,145.15766766160607,212.3023345489802,-218.5530653127748,34,15
2022-05-12,-2196.439437997422,125.00779755044618,194.2176613534211,-184.9782537643477,36,15
2022-05-13,-1927.77600345337,157.21362498443406,222.3874292907999,-204.63301484914786,33,15
2022-05-16,-1924.779877389171,131.3039963178085,205.66979482336967,-75.14569174115799,37,15
2022-05-17,-2232.714755371342,184.73643470251753,251.29266431800278,-127.19357971535138,40,16
2022-05-18,-2179.184254044475,96.89794392397835,261.57572265492234,169.42637526982932,40,16
2022-05-19,-1775.8770242211049,-31.71218083604233,215.16670535273505,602.7859669171869,43,17
2022-05-20,-1988.6220165750917,-35.98231407675451,215.7319465698154,263.531175534169,42,17
2022-05-23,-1880.1613950857818,43.5773040609066,284.20069961392954,371.37075680844004,44,16
2022-05-24,-1913.3149866379608,34.434010007077546,260.7585867500448,318.4856314603326,44,16
2022-05-25,-1595.3385705806086,19.714690756307736,281.9495448064024,664.9553379723379,41,16
2022-05-26,-2033.6930622499465,-246.3437096180632,255.90700199610578,558.6083123782525,38,16
2022-05-27,-1052.0759536430962,222.17048125923623,297.65030332044284,-273.07818555524756,28,16
2022-05-31,-1187.9019538106675,222.71457184319937,290.18611580645353,-294.00162895356,28,14
2022-06-01,-1188.6666223602188,227.11169207029775,286.4719340989856,-297.0958074225359,27,14
2022-06-02,-659.6504502357601,243.71639601762982,280.5467018739557,-312.1357669594212,27,14
2022-06-03,-1153.801470085263,224.28635358016237,262.8022358409153,-303.43149993556216,26,14
2022-06-06,-1158.3339190069464,229.34443062845457,261.47067621017675,-318.3900854283852,30,13
2022-06-07,-1089.9207365750788,230.42515225659238,282.88443382416426,-325.1841338501458,32,14
2022-06-08,-1191.178436706969,233.17504277553127,273.06956000356956,-343.38398838353334,32,14
2022-06-09,-1288.634851385569,172.7439142480598,283.00280757738534,-194.88268931323333,36,14
2022-06-10,-1579.1010996428893,164.23821458080076,265.4142927551376,-218.48734759595135,38,15
2022-06-13,-1941.9404471175274,167.23829307193904,384.52953116009576,-259.8900855618468,38,16
2022-06-14,-1887.793716494937,170.56877845711273,388.2698406968634,-261.88749663622775,38,16
2022-06-15,-2312.2820210894474,207.65004034151323,404.56631246707775,-383.4960781952585,37,16
2022-06-16,-2346.4862351681036,157.33634325707393,410.28563577462455,-158.01699854055872,38,18
2022-06-17,-2496.2304326986014,165.34895131001173,431.5524853471047,-214.28267508774692,36,18
2022-06-21,-2293.248416796117,194.17423254653613,451.9132644985846,-254.08731235236095,36,18
2022-06-22,-2599.8585270359367,193.46210657761057,448.1180765168782,-245.7821110240562,38,19
2022-06-23,-2508.9006633425433,188.9335636976688,480.21719965815436,-225.64707522401184,42,19
2022-06-24,-2146.8658666614074,219.34682198419753,532.2797903895415,-259.90990445079717,42,19
2022-06-27,-2268.0198754843746,215.03924522883347,502.0450955624099,-245.09343654092558,42,19
2022-06-28,-2601.8598715454254,183.6611419873998,446.1762408604836,-197.22558035118237,42,19
2022-06-29,-2666.2201710563336,178.04064753628842,438.9168673825228,-148.2488378249331,42,19
2022-06-30,-2675.805220066732,161.97885079163672,412.0060667243979,-35.99959473925085,40,19
2022-07-01,-2765.412237937473,164.39362796956306,413.0054362756517,-234.17101989695055,38,19
2022-07-05,-2670.696764824706,176.47132291951053,416.2841080006651,-251.48439543319634,38,19
2022-07-06,-2668.3241431148213,182.61948979163935,419.97422337933,-242.5432511962849,38,19
2022-07-07,-2429.5044932688998,221.60147635656352,455.8408091902579,-273.8117696771932,38,19
2022-07-08,-2420.761148224622,231.26762615816656,455.76549103529663,-278.0443192334754,38,19
2022-07-11,-2749.6461213856437,197.03023581252802,410.69533043714324,-264.31299096354104,38,19
2022-07-12,-2551.478492526083,171.91904399477642,367.86745282270005,-145.51111447668384,41,19
2022-07-13,-2795.0732028983884,116.13379969071266,451.2473947600372,26.234118625761603,46,20
2022-07-14,-2715.612034171657,121.8110461938838,460.63262209846687,15.732146371436464,48,21
2022-07-15,-2811.446609215356,146.86973414260427,485.6171273457761,-2.4679750713600566,48,21
2022-07-18,-2941.518783646732,131.59208877502178,462.45856277404357,275.8593535552495,48,21
2022-07-19,-2387.0676518028145,148.2661829457961,619.0657309764814,371.41533693917074,54,22
2022-07-20,-146.03914718296855,152.80596604197032,615.068570239485,5.12586587507402,57,22
2022-07-21,-336.96268809070983,125.9700815254832,664.081160534129,196.33457503903685,69,23
2022-07-22,454.079859336044,144.96493514498445,626.7128505441243,66.20334129453117,66,23
2022-07-25,430.24287594715975,140.34332557161545,590.3647385179894,345.07866170256244,66,23
2022-07-26,466.04997881730446,111.07141724118006,684.5470978394677,561.0685928848739,70,23
2022-07-27,578.5304442595651,-52.80770685270066,761.4286558226055,776.1101526147136,68,23
2022-07-28,1336.882566210523,-186.708839990658,824.7483155865392,796.9661923230584,71,23
2022-07-29,1072.5033015233182,289.45282377711857,853.2861725548076,-200.9347838842301,58,23
2022-08-01,1154.421554334533,285.5390315460089,861.2735562891435,-105.39745714960607,62,22
2022-08-02,1100.9473125527923,279.9671889103766,892.00892344896,-28.11222699214281,58,22
2022-08-03,1883.9276431989815,298.95743105294105,874.1803292993678,-8.272068216135605,57,22
2022-08-04,2133.4852175558003,278.6755022764609,836.7747600442008,145.09897782722564,53,22
2022-08-05,2107.0065448222394,329.68811855709527,849.3985426380867,-347.6136173147645,46,22
2022-08-08,2020.9497048670135,347.63990893022367,906.1741404893747,-376.7503232729105,46,22
2022-08-09,1412.3204233524757,355.04796082002684,919.2665951948137,-389.50444545457566,46,22
2022-08-10,2295.0305999372627,353.3693770292409,845.5556196653598,-371.50544106591957,48,22
2022-08-11,2127.3731065422653,323.8958216120679,834.8176945128178,-343.0908193984761,50,22
2022-08-12,2657.200689643905,318.39824297893284,788.7669591051952,-342.33764645674444,48,22
2022-08-15,2895.187949253358,333.3551915345972,790.5805552283389,-290.39774244114034,52,22
2022-08-16,2748.308925457971,352.47209416498555,826.16267610094,-309.5761866687515,54,23
2022-08-17,2311.871368323631,323.16477194573014,887.0130174741753,-214.20085154364304,56,23
2022-08-18,2577.008084854842,293.6602069866759,922.1995479090738,-17.169598689761482,55,23
2022-08-19,2054.3269655402432,360.79065479349515,980.1404061037744,-293.30841153955754,52,23
2022-08-22,1165.1295329759625,361.3263119068542,994.3928341946474,-260.06182309656094,50,22
2022-08-23,1150.4453710685314,366.191108634851,942.4065748928457,-317.94891702115063,50,22
2022-08-24,997.1049757991403,318.7332151011486,869.8896023486436,-229.2965318844452,47,22
2022-08-25,1833.826174247565,210.03956069112547,929.3465718809966,-77.94362173677384,52,22
2022-08-26,383.3427521992538,304.4854330671922,843.2794768203704,-281.7335514899263,48,22
2022-08-29,99.52308418806527,304.48187737343403,809.033755535085,-264.45889964570466,46,21
2022-08-30,-102.92051931908917,314.7566909569084,794.3434082653571,-308.8471640540053,46,21
2022-08-31,-805.8020165889966,335.8427164769476,776.8783333829913,-347.84305133655323,45,21
2022-09-01,101.35486689739615,292.73114162718156,733.9967034833793,-253.75331658919384,44,21
2022-09-02,-649.5215697626974,299.01695727144624,719.6320192530682,-332.4079279476563,42,21
2022-09-06,-823.4469464896349,300.8830961934111,730.0563502821911,-339.3832566469477,46,21
2022-09-07,-545.3907321081442,333.9227129414416,735.5818036001111,-338.30646304265053,48,22
2022-09-08,-417.8126903200461,341.3056636051925,861.8108695754843,-227.86395977063074,52,22
2022-09-09,-4.559348209751391,377.16334837624294,849.7833992580728,-240.3744550237376,52,22
2022-09-12,145.1544523053382,368.42656868395983,871.1352949619569,-179.11905549264102,50,22
2022-09-13,-889.0299631278713,268.21052147886326,805.9028833753168,-23.490819313719044,50,22
2022-09-14,-696.5374977531446,280.43165806981426,670.5414151929745,33.44687451398474,50,22
2022-09-15,-450.15253644996534,321.9468168302098,590.4759920977306,-183.2726947710062,48,22
2022-09-16,-1065.1217101106124,319.8398338148051,576.6735925488193,-308.80084377673444,44,22
2022-09-19,-1012.3863562161454,330.3663774153119,553.3718888107152,-305.55778939656125,44,22
2022-09-20,-1258.176463055671,309.9041144022306,535.0676291389661,-306.6947647920076,44,22
2022-09-21,-1555.5386207063,283.9899863572181,497.12190563586876,-296.19803384244904,44,22
2022-09-22,-1796.568268396165,282.19566461891515,517.8834833232502,-271.4033513983668,48,22
2022-09-23,-1925.2756556564023,256.23190011214115,497.9231797192331,-275.84517519234356,48,22
2022-09-26,-2033.77441890692,241.54454137444603,458.1842754596648,-266.1458158365111,48,22
2022-09-27,-2027.9563828390585,249.5295658046247,428.5687840382768,-265.28171463372274,48,22
2022-09-28,-1776.9034878839375,265.95108144564813,422.4899649575575,-244.99124730113672,48,22
2022-09-29,-2064.6463151795483,219.9607855131221,376.3952818104638,-144.04725546119047,46,22
2022-09-30,-2044.7901117039173,200.89929420400873,343.53806357107504,-266.5216738169894,43,22
2022-10-03,-2014.0435447401485,243.22424133282735,374.93591299111273,-310.9817234303603,44,22
2022-10-04,-1374.156331841265,283.7604630913113,410.4104115308644,-349.8213786185855,44,22
2022-10-05,-1310.0152483907552,288.5474453959753,411.0486153908715,-369.4630865670719,44,22
2022-10-06,-1400.827701960275,283.2933120441382,368.1545481003034,-382.7502013165603,44,22
2022-10-07,-2080.5786594565957,242.48606097837634,302.3569652695883,-362.7523138500763,44,22
2022-10-10,-2344.6375685139137,213.50450137963972,261.6473591884818,-353.58301991025894,44,22
2022-10-11,-2410.9588979809096,149.73529225244698,273.31946233001247,-241.82315944338114,48,22
2022-10-12,-2426.3175394161476,60.335077160434906,321.7298575643274,83.01990435039687,54,23
2022-10-13,-2389.5748940539156,67.36754103825503,335.415243846395,76.96842442959382,54,23
2022-10-14,-2207.8741174999523,19.417771616286437,286.6948459867164,129.66005570550442,54,23
2022-10-17,-2222.437433511699,22.98243871685147,292.7712292616272,362.8009440451442,54,23
2022-10-18,-2658.5860267399007,-28.498495991095616,386.4568222442302,796.7661899330574,60,23
2022-10-19,-2169.053096717075,-15.51060028091722,431.3209329148499,664.6014788468411,61,23
2022-10-20,-2663.4803743743564,15.477033612724297,409.57936439046597,340.21184557735364,72,23
2022-10-21,-1489.450089901873,61.48214133200335,463.437176006476,74.3736130139663,66,23
2022-10-24,-1476.894764144439,76.81040738397918,392.3978873355697,291.8528169946775,66,22
2022-10-25,-1376.2927845406903,38.28476591198637,323.4357841721109,516.5350713558162,66,22
2022-10-26,-745.5291293001391,-4.6558374275189305,296.6523094735584,770.6865795100119,66,22
2022-10-27,-297.79419945068616,12.064216346983828,302.07009333961145,1764.4492752796823,62,22
2022-10-28,-891.5366844742197,81.39580830054754,498.8325915925816,-2.657967425319541,52,22
2022-10-31,-946.2587888222688,73.61019298167606,472.3255599280533,138.0633625304646,56,21
2022-11-01,-735.9775228648549,60.46429867155126,430.1941029602983,310.0268864346196,51,21
2022-11-02,-817.3234165333395,38.203499263400595,380.9239099240856,364.51390207281986,48,21
2022-11-03,-1383.1942298831311,16.248750209694197,336.5891844795591,775.287547498395,46,21
2022-11-04,-1296.8048287136503,102.78270284153955,389.38351320648263,-194.11463868053548,40,21
2022-11-07,-969.2569654783313,114.15773577954417,398.44594244155763,-197.4360704451952,37,18
2022-11-08,-1050.1555242370507,127.29898394680978,399.87155029090303,-222.25661019291255,37,18
2022-11-09,-1013.4654562796143,87.14865291173254,414.4153845623005,-126.90715817087954,45,19
2022-11-10,-720.5297968936005,149.21488432007567,543.8054317833657,-179.72403186508143,51,19
2022-11-11,-556.5447430898978,183.44269632311395,572.4571220233457,-219.78767763874313,50,19
2022-11-14,-436.6961059049116,194.2747887313669,613.1974585924388,-161.8895619395751,61,22
2022-11-15,-275.72615664821325,217.10084151745642,635.2312506699466,-261.57374734977344,62,22
2022-11-16,-330.7034132196238,163.71195886995557,593.5642602175228,103.00015436996571,58,22
2022-11-17,-101.54289338872047,144.20534998958075,587.95411393414,40.73646061574855,53,22
2022-11-18,-127.28740817050809,196.76750453415056,607.5791050667965,-214.48581770058695,46,22
2022-11-21,-182.1028341488809,186.3679780632501,719.1754359291702,-121.92240101391914,48,22
2022-11-22,150.88678611882108,210.85652451040147,754.8207505476245,-248.55406634856558,48,22
2022-11-23,314.1952491599959,221.96263434994822,758.3921642425913,-250.52951075483006,48,22
2022-11-25,56.203560776576026,224.60497926662418,741.0117812234625,-263.80584732234234,46,22
2022-11-28,-283.77545923673637,210.48301979167718,708.729853660939,-285.76118591818334,46,22
2022-11-29,-387.5504699322454,215.03060935561376,692.0412144064959,-309.5222796647555,46,22
2022-11-30,631.3879940013452,262.5588751622792,737.5497999510992,-366.8358227157389,46,22
2022-12-01,680.8924235456329,145.14831693401547,699.9507354995023,-214.2136481766362,47,22
2022-12-02,706.7405057299043,135.45396109193706,694.3021194152499,-229.43627439454832,46,22
2022-12-05,554.8557991044738,130.5527614459728,644.307898743009,-204.98813750347009,50,22
2022-12-06,307.1229397474724,140.48559874827467,605.4859321355539,-169.60693933252782,50,22
2022-12-07,237.63979375560587,154.0555113209019,651.1822275549372,-190.47585481014033,50,22
2022-12-08,670.7122281111878,4.170980851806366,707.8860512175828,586.4925814137562,52,22
2022-12-09,235.96890337326442,126.95644318810436,716.3946330843706,-91.37188862571618,50,22
2022-12-12,294.5983299193985,126.36476076744968,733.0721947323167,14.701093198084127,48,21
2022-12-13,359.82850631490584,118.81497392524862,723.8817361351399,32.86131971500326,48,21
2022-12-14,670.135938680333,100.32361204328251,742.0777135580074,258.08408431647376,53,22
2022-12-15,392.28440442739486,73.18813586662337,738.5101372282346,877.1701732219188,52,22
2022-12-16,1328.811149172996,172.51920433365697,793.0101820020208,-251.15426223515715,50,23
2022-12-19,1134.9826824649465,175.68045382981938,780.8794508404363,-238.17267941786733,50,23
2022-12-20,1160.715364167917,179.99327586862054,807.2188616969026,-246.79741360581593,50,23
2022-12-21,1393.8036779901918,174.35864818858474,779.5200659518545,-206.81375508755355,48,23
2022-12-22,926.8700378558002,180.38443384855395,765.7300854518613,-206.26595985814984,47,23
2022-12-23,931.4219174970419,186.89531494452098,776.5142415506417,-260.2074845033993,46,23
2022-12-27,714.6252290510952,189.27646056606935,730.3734223882851,-277.0762644582117,46,23
2022-12-28,563.3395115884215,237.2046995047489,881.0350099310295,-323.9673854520827,48,24
2022-12-29,1025.3278935887574,248.2785964714406,895.832568220259,-318.51862835457007,48,24
2022-12-30,993.5744209816753,250.3005543196352,891.9613694986771,-322.3926554069668,48,24
2023-01-03,944.8568563358854,249.49397601878928,858.5595989895606,-330.8320859100681,48,24
2023-01-04,1137.581431957821,244.70082596530864,831.8795548335938,-316.1310420086585,48,24
2023-01-05,839.8394351730606,235.11971003428374,822.5399375729023,-308.4277806706693,48,24
2023-01-06,1458.2384931646989,239.76155243673134,791.3887394244664,-307.38569115075376,48,24
2023-01-09,1576.9831368806238,242.37160003765115,774.038800822779,-323.7602707939626,48,24
2023-01-10,1756.4675649703715,255.23780236543328,759.181561681999,-319.5126400338577,48,24
2023-01-11,1940.726658372229,268.3492062229362,763.6771731494358,-342.0624995689927,48,24
2023-01-12,2144.567007055511,250.0513450535322,706.094389266157,-87.38697172611701,50,24
2023-01-13,930.7058166456213,262.5252011364721,708.5709846728756,-70.54968636550403,49,24
2023-01-17,1846.286382435252,201.58726569003477,641.8921503997507,246.65987598767848,51,24
2023-01-18,2332.1068097454868,32.22060419592427,933.2717232010606,712.2841613067199,62,24
2023-01-19,721.861171458889,60.12048522030986,914.4919809120557,1300.115569458395,61,24
2023-01-20,941.7411197533389,45.22892803585811,987.1382005729619,-10.853900159779675,59,24
2023-01-23,1069.3592738605018,94.74326057945053,952.0037782712923,203.76078348843433,59,24
2023-01-24,2382.77270429634,-36.23633857397289,893.5992993797848,452.29482937547834,62,24
2023-01-25,995.0433759742884,-78.70631309174634,840.1377660358521,608.6900974777715,60,24
2023-01-26,1028.2313670786305,-37.07869129146838,763.2219377882573,1000.1369917899309,68,24
2023-01-27,2564.5621112713443,259.03146832852565,777.1884213115706,-19.218415918723345,60,24
2023-01-30,2103.77420137774,283.1376195804691,816.7349888338396,212.69194331634057,60,22
2023-01-31,2253.0883623792674,243.44435167741784,771.2566624184437,470.91053477277836,56,22
2023-02-01,2686.5233152567,245.15908950634142,709.7348157809515,507.10949669824817,56,23
2023-02-02,2195.2521113913267,176.87545974626516,632.6043122526078,1337.2735967906058,45,23
2023-02-03,2964.0507591816495,327.4027118014783,697.3522516198686,-321.41657503745387,33,23
2023-02-06,2876.28257602379,349.80366165184256,799.9449780156722,-362.08401571752904,40,18
2023-02-07,3396.3313830027287,308.2365484383579,742.9905983114214,-298.5732782137693,42,18
2023-02-08,2993.979336445044,300.2893382125403,780.37642082314,-308.09091063130876,44,18
2023-02-09,2695.7597036759594,244.97882543612664,774.2605916210005,-273.4546791754728,45,18
2023-02-10,2537.6984515779523,258.66267232676927,794.9876818496525,-278.5394641627297,46,18
2023-02-13,2381.006642086339,234.1902803896871,735.0680897928378,-226.87032192094927,43,18
2023-02-14,3284.523882574739,224.13574612479272,727.8650136351882,-71.0179262770669,46,20
2023-02-15,2650.8526293312348,194.2855986970544,839.2610946705289,-74.58924424658093,49,21
2023-02-16,2901.3517151747988,204.57431306284994,846.2173615580327,116.51409607944885,50,21
2023-02-17,2255.454435530831,293.88311642391585,853.9280010913225,-227.32561592447516,43,21
2023-02-21,2180.1114460181902,325.84152572042274,879.9772056843016,-168.37636276075804,48,18
2023-02-22,1212.5221082392634,355.89797332644275,883.6450197905428,-220.7204343522436,45,18
2023-02-23,927.185920770649,48.799816720566035,833.6166419129711,46.629411654091264,45,18
2023-02-24,668.0085000625818,290.08891827460263,833.3179451114654,-158.30418592396407,42,18
2023-02-27,916.5984612608672,280.01602163063023,802.7266668500504,-8.53594385163662,40,18
2023-02-28,662.785675831296,245.28782751903822,816.399780564451,-52.621902554143105,40,18
2023-03-01,570.2153433461319,278.4349255173431,812.0476475663031,33.159184455083675,40,18
2023-03-02,114.29136840015975,259.7339083247001,793.0234243691428,368.3491354605899,41,18
2023-03-03,1104.684144489531,380.9990722091982,780.8066635680095,-303.47915012013135,38,18
2023-03-06,898.4322770662301,382.96632386087384,755.11247088344,-304.8711191863431,38,17
2023-03-07,583.2186073747121,365.37441964813684,735.8008682010027,-292.4389078623895,38,17
2023-03-08,972.4852755869802,348.3905159867173,910.8092535098236,-194.47911624742113,46,19
2023-03-09,441.2429664331808,327.078997750725,850.863224920889,-95.05930639284696,44,19
2023-03-10,219.15166933707752,336.33843298940906,744.6098967384336,-330.92421090027807,42,19
2023-03-13,291.2333416777862,336.5512852038499,767.5198866073647,-355.5365701058572,46,19
2023-03-14,866.718559646033,343.8052944354426,737.5358843699657,-318.7067533515917,46,19
2023-03-15,876.2829413780206,240.15489694143324,690.3764622480907,98.15800773927602,44,19
2023-03-16,1271.064872480769,101.15242402477796,896.9867652970132,26.376155900799027,50,22
2023-03-17,1401.297275373667,348.9532284326726,871.7244805098953,-315.82493656171744,48,22
2023-03-20,1561.2209784776455,364.39834416297015,847.6530465339756,-362.0529004519474,46,22
2023-03-21,1845.7385258783818,358.52854989223374,845.5001745884565,-340.3192547585544,50,22
2023-03-22,1422.817424235296,333.97554021716087,815.0119757043154,-344.36833292200504,50,22
2023-03-23,2089.513222237438,333.2575397878528,829.1333979040842,-375.159105115512,50,22
2023-03-24,1805.0492388495995,331.50061988707887,830.6398540141367,-393.3174861098552,48,22
2023-03-27,1696.3627322440284,350.4693342276924,800.7594074231679,-381.4862221229888,48,22
2023-03-28,1516.201281588922,348.4541328054648,793.1211073404456,-361.0089691455399,46,22
2023-03-29,2028.184359564786,354.32456537597295,778.6649056137163,-404.5541334163764,46,22
2023-03-30,2466.502918877957,349.7089227925752,757.6841072508173,-410.4796873131993,46,22
2023-03-31,2836.4134892347693,332.949759562723,729.0510408386302,-412.49676842306155,44,22
2023-04-03,2646.226480796618,350.8477403335918,710.4252154733704,-439.2181641964298,44,22
2023-04-04,2593.738964227035,352.51229242730903,715.0997628580835,-462.81024103916945,44,22
2023-04-05,2332.7527361498605,373.5836911490943,718.713968170955,-479.41459551590015,44,22
2023-04-06,2294.938440548957,375.53060097826557,707.2856334090833,-477.07796515939924,44,22
2023-04-10,2404.0250898984104,393.2211560093603,668.144720546675,-557.6971762269852,44,22
2023-04-11,2300.93590789871,385.615503509026,779.9115682952532,-457.8669559075592,48,22
2023-04-12,2024.937728304545,259.66780254974725,839.3585038735259,-250.9500643199137,56,22
2023-04-13,2020.4171634412132,243.24679301421364,767.5002712787485,-213.36836905819678,55,22
2023-04-14,2032.157565746158,256.01207049047434,811.8762299005446,-208.50817165219138,55,22
2023-04-17,1751.0439586663597,257.39454985199194,789.5998669673426,-169.54774418682342,55,22
2023-04-18,1387.2676054129934,138.93438513531396,771.0610305969195,462.4673663914293,60,22
2023-04-19,2855.404842474612,-12.38228478444828,799.7744294937125,371.7003718175545,62,22
2023-04-20,2368.3283603803898,37.80876153092931,852.9300953682865,193.19365967860904,69,23
2023-04-21,1656.6728586970708,179.92952849540862,857.1609703305234,26.0389061242966,64,23
2023-04-24,1631.3899433114407,188.49771991619443,860.6483979004661,264.3989151515188,64,23
2023-04-25,936.0654605736529,180.00738004912031,840.2834466216722,392.5276684433464,66,23
2023-04-26,176.92864857787603,31.45011955519982,823.4189405497094,727.8890778909408,66,23
2023-04-27,694.7857495682796,174.9349256873669,805.6813264866746,708.2122327612425,62,23
2023-04-28,1078.5827669724204,275.6008582533394,862.6337561363249,-174.01086100323397,52,23
2023-05-01,933.6138632113737,249.4603021595877,831.1261826303745,-79.25742542003988,56,21
2023-05-02,669.5404139086426,221.57797252140296,889.0965054492513,34.82656060465658,58,21
2023-05-03,699.2348845733479,218.43538922231374,824.7922962926257,79.88124037811832,56,21
2023-05-04,388.7642830290633,207.5496087465876,831.9928674387583,133.0413275598915,54,21
2023-05-05,745.0824137529232,289.52531185471787,882.7795049531854,-262.7000128298857,48,21
2023-05-08,833.9339765123216,294.64542638377753,854.9268762770582,-232.98350098887957,46,20
2023-05-09,590.6612115692958,288.8930479451798,818.8969522614694,-153.42949567290145,44,20
2023-05-10,997.0582262244194,294.18449082889884,801.3466922669264,-283.2133435459352,45,20
2023-05-11,1053.3187394188105,282.964956658737,893.7701319532033,-224.2486598452832,51,20
2023-05-12,704.8602223054891,287.84854972889485,829.1958753222491,-246.48607180137742,48,20
2023-05-15,875.6455045416169,281.2074031024667,834.4830661662704,-200.62789698949751,50,20
2023-05-16,804.9146315013866,279.43119794145156,833.8907430988302,-180.40156014345743,52,21
2023-05-17,1342.8108217925878,241.70927119038515,884.052881203307,11.287102759717115,56,22
2023-05-18,1469.1142516984025,236.7765629501876,884.2595878539042,-34.85723092380097,53,22
2023-05-19,2104.833077887302,247.22688774008165,865.3066671515066,-114.2926784647947,52,22
2023-05-22,2429.229711062795,238.43872267198034,884.3950719920341,-15.294067332657377,51,22
2023-05-23,2603.0725132924217,225.07643275826106,904.9741489700108,19.93527078527352,52,22
2023-05-24,2105.27526250589,227.17548761158753,948.8083365069068,195.91327211093784,52,23
2023-05-25,3273.5693659650265,111.89559376440783,765.8437436993574,32.1796297967413,53,23
2023-05-26,3579.183101002042,180.33387931601774,752.1614056678193,-89.30423275463964,48,23
2023-05-30,3796.8764303636176,175.51334681083478,726.5041262262788,245.38753987427367,48,22
2023-05-31,3725.998915716517,184.05024836686448,744.1795049944423,695.6856323419233,48,22
2023-06-01,3338.9684934687393,162.534729968535,661.8484985551535,1511.8314595654062,45,22
2023-06-02,3990.887219397703,213.48482184032815,667.1042189562554,-292.330487108971,42,22
2023-06-05,3985.224007560276,210.76693971210403,645.0107810306483,-281.37322980539875,46,21
2023-06-06,4092.426153427771,223.45576614605946,687.3924230122034,-266.47500856442707,46,21
2023-06-07,3913.9898195463,247.09721824714273,714.184751061439,-277.43599653725227,46,21
2023-06-08,4321.525886828424,147.77253822414536,802.6968503739529,-106.31482621380762,50,21
2023-06-09,4408.936855271592,148.12880216741948,820.1144680220478,-60.00884429273754,50,21
2023-06-12,4512.506686170518,146.8988304564353,692.467894161396,87.23358530349323,48,21
2023-06-13,4814.157129469724,141.49024547142056,734.0339470250087,92.03472466047354,48,21
2023-06-14,4988.393711148106,144.81406760292631,660.3544222088335,96.13249571271501,48,21
2023-06-15,4125.082767912692,163.11468032741544,728.9675817120766,284.29059376732494,47,22
2023-06-16,5069.974982498776,270.47051462667014,895.5689948331128,-283.4816413497225,44,22
2023-06-20,4954.200814787474,275.4128168162356,843.0744213260904,-287.4111209469852,44,22
2023-06-21,4724.241682269274,311.20911876263034,876.5509012103616,-281.5934964613291,48,22
2023-06-22,4968.77182712111,293.9393367967803,838.5635229355505,-260.6621719106008,48,22
2023-06-23,4674.177943810541,320.3807976817524,833.6274087109741,-274.1635656570475,48,22
2023-06-26,4530.597796468411,340.2848965253581,856.2096396348206,-282.72042103284946,48,22
2023-06-27,5152.033084677248,289.181927035969,763.544607728402,-239.22476190132332,48,22
2023-06-28,5134.368940026176,303.86865837919754,726.9028537126561,-190.3912387343679,46,22
2023-06-29,5195.955578171337,272.7161343872357,713.4661164902878,-234.71321055620314,46,22
2023-06-30,4862.9249222543685,286.42037758608734,627.1507916780135,-252.80030791691408,43,22
2023-07-03,2849.508668534029,240.27846529110667,634.4883333458087,-227.70736105896734,38,22
2023-07-05,5447.857856859822,301.45313236340616,608.2456272866308,-283.0548051359408,44,22
2023-07-06,5100.1890462259435,343.37086867063516,600.9808394973091,-322.4826382514082,44,22
2023-07-07,4595.6507585487225,342.881498152074,581.1918013332229,-314.3286458695576,43,22
2023-07-10,5334.5627539269735,310.7006135622432,576.3891091266132,-350.59752112674994,44,22
2023-07-11,5426.793653420586,308.91539077852707,543.3779791381745,-354.8624030547555,44,22
2023-07-12,5395.87295020036,-87.64369171628,675.0693593936595,190.9345040645079,52,22
2023-07-13,5256.98818457136,-110.73188210971192,634.2417653795678,227.75084541030816,53,22
2023-07-14,5714.286504431558,-101.8530035527886,631.1713907959744,249.73824137959903,54,22
2023-07-17,5135.867923221172,-98.84243295568706,605.3224769922913,591.2089328201772,53,22
2023-07-18,5144.4583674384,-144.35232228324617,681.9538274824126,713.4451386266423,61,22
2023-07-19,4603.982411265056,-512.2167346956895,878.5695621680129,1434.0694768615017,59,22
2023-07-20,4942.963563657507,-328.3675295160169,851.0402873042397,764.222153331525,63,23
2023-07-21,4641.887918042349,209.52002779135907,841.7792818057903,48.40625317095402,58,23
2023-07-24,4915.380883241875,197.12141529187983,839.436774782439,263.8603166930972,58,22
2023-07-25,4419.348164976195,181.80833815473216,663.9694951844328,605.249037989003,58,22
2023-07-26,3706.8415048160764,205.27138286065403,647.1360290374472,411.94230619302675,57,22
2023-07-27,3689.374422033939,84.36206371940335,603.5952914130917,287.86406704321143,67,22
2023-07-28,3775.7642923720537,144.6658760680403,602.2036032712296,64.16728688521907,58,22
2023-07-31,3993.657729034356,139.805705682385,624.6198235554248,276.5570757909059,63,21
2023-08-01,3811.4783374234244,143.51275201572105,596.4362745289073,464.5698556277993,60,21
2023-08-02,3552.6873826689975,180.09315882808062,385.7646474720175,638.6056744510392,58,21
2023-08-03,3186.602712268114,81.30202572882322,337.3496619898183,1333.6618079772225,53,21
2023-08-04,2854.2738877492043,330.57768523090715,165.5983735770331,-203.6024952530404,42,21
2023-08-07,3006.825658020895,319.98380233874525,137.55633846690554,-166.25287122724956,42,18
2023-08-08,2813.22064310949,348.0782670433676,145.97244901687057,-208.7693407162685,42,18
2023-08-09,2360.1243531410005,381.37385861391397,308.8109314462922,-160.71356701479797,48,19
2023-08-10,2334.2908224092957,284.47175126620874,270.05233409338615,-108.53728032594466,50,19
2023-08-11,2055.7162731402145,388.96238426851204,273.8427295415418,-222.21602574763793,46,19
2023-08-14,2486.139487431523,344.92383266146453,250.07911198344203,-140.50336582271876,48,19
2023-08-15,2160.5956782285375,316.82477455696517,260.00228477486996,-125.08731287749433,48,19
2023-08-16,1902.5773848619765,229.98843716947192,566.2573955233854,158.81022528500114,50,19
2023-08-17,1372.3594382731856,208.6101055803951,535.5305555816024,265.2839815042339,48,19
2023-08-18,1109.5644059312576,274.9411688533477,558.9769134721491,82.57092641002012,46,20
2023-08-21,2883.5385205091015,393.4081063788899,451.5222207571713,175.4146764670024,46,21
2023-08-22,2611.0467782969554,374.2823311764889,517.3307957511641,392.4363629906731,50,21
2023-08-23,1464.3034944870938,301.35695793168196,244.59712770926882,510.81699478054406,50,21
2023-08-24,279.5956966075023,210.90493615247428,-28.885029253038425,215.11319076829858,52,21
2023-08-25,1447.3067202638779,299.400894006305,139.94068847855198,124.06206125600563,48,21
2023-08-28,1606.5402351478226,212.06041728156882,131.1420142446539,354.3313548721245,48,21
2023-08-29,1824.0154103904822,294.12919587736053,94.67364873948713,342.7084527652622,46,21
2023-08-30,1620.6798350991207,283.4939824257065,96.51047411042872,480.05154810202407,45,21
2023-08-31,453.40662929540895,464.13205235786853,77.88614465851703,324.6914157994895,42,21
2023-09-01,1579.0358542777376,546.055889837519,103.95039783522905,-296.16897201029116,40,21
2023-09-05,1915.348534773484,519.8470303835295,203.12261931546314,-295.755649715883,44,20
2023-09-06,600.8660828480532,509.97618080003775,186.97501673560393,-270.85492955801504,43,20
2023-09-07,260.5500076853649,419.4645627337855,268.0926010777304,-92.5998029105655,47,20
2023-09-08,164.96061363963284,419.4915939638386,284.9217773828675,-75.75803269937849,47,20
2023-09-11,1318.1285766869835,449.29795874643514,416.9800239060961,10.636797749585183,46,20
2023-09-12,413.5309347427714,483.82770416405145,405.82145520389327,152.58677420542648,44,20
2023-09-13,218.5707698932619,456.0615927530421,21.373417418937088,387.25509964735136,44,20
2023-09-14,391.41001061294827,450.1955218048079,8.3876179818079,1033.7086589479477,46,21
2023-09-15,-476.1035822939111,635.2733495714465,-326.2609281016887,-323.6974178256272,42,21
2023-09-18,-1573.0197245784914,684.3214695960727,-335.90472121762406,-347.5799516760381,44,22
2023-09-19,-1558.346495107609,700.1921095957603,-358.87620995050423,-352.18232748190104,44,22
2023-09-20,-2106.3175140882277,634.8379301602275,-360.27569715325694,-320.54818317967784,48,22
2023-09-21,-2549.8804447840675,559.0794253302141,-183.0578192371095,-313.34577919562366,48,22
2023-09-22,-2618.512410205475,543.435492277192,-207.471540428683,-305.72194009097035,48,22
2023-09-25,-2534.0858737321787,573.0216550159236,-203.71882531042,-309.38013685962,48,22
2023-09-26,-2808.726574922432,511.8599496587939,-119.75436513732802,-290.309376374319,48,22
2023-09-27,-2865.9759362537334,492.21850488868506,-118.03455866746911,-252.7136554496879,46,22
2023-09-28,-2568.610670766554,545.2125783011052,-93.52556377855878,-340.6617950499949,46,22
2023-09-29,-2600.142600764785,564.7781142264243,-108.90009100681851,-345.9089104966075,44,22
2023-10-02,-2206.1639662917605,592.9667039589779,-115.82601792956939,-398.4412707789463,44,22
2023-10-03,-2701.050111644655,532.6901379298706,-36.30484058004402,-405.9448900830187,44,22
2023-10-04,-2350.413226536627,612.7155335164227,-37.2469764733901,-416.869191947986,44,22
2023-10-05,-2357.9407649215836,605.2521258893988,-78.0253283575369,-422.4547065381476,44,22
2023-10-06,-1909.9006943322834,633.8364751183647,-64.29858694964702,-430.04394393776914,44,22
2023-10-09,-1836.6020222635175,642.7509286628657,-62.28791691572299,-488.553811500165,44,22
2023-10-10,-1662.505684060174,641.7254940499397,-65.00486455822109,-484.0634742006713,44,22
2023-10-11,-1152.6200795663333,380.75201434478015,7.8236867294583545,-84.9500405292716,54,22
2023-10-12,-1258.0971225064159,362.3864400604562,-5.822491438257377,-45.22761002885358,54,22
2023-10-13,-1449.4550717487637,301.0162531335573,81.11601032198458,24.603096621965083,54,22
2023-10-16,-1378.538836591536,293.1110234012352,89.91876396476789,326.2517409734554,54,22
2023-10-17,392.60760518863196,327.29689625151104,452.99518466842136,552.9803601276776,61,23
2023-10-18,1319.5084891512809,118.96346716201694,456.4683127321135,885.7834852852797,62,23
2023-10-19,994.8240202696799,134.7380261322379,489.86420824979814,234.99510321109824,67,24
2023-10-20,-692.7330092310478,475.80437333967416,597.1139237428926,-100.4369185769036,62,24
2023-10-23,-431.2090423054334,479.05623391806444,496.0255065683833,162.78299206629663,64,23
2023-10-24,325.13707319646267,424.4306220097738,239.6295824678558,500.72448846489016,70,24
2023-10-25,-510.79898725243686,372.52941374941565,200.90908165716965,551.8325596857842,72,24
2023-10-26,-255.42922282376182,217.05616516706758,181.3063889779255,401.7712816893934,76,24
2023-10-27,-1121.5868837694165,450.2521460168107,137.37705776458566,-205.1994093014488,66,24
2023-10-30,-954.1055160101814,462.15394438968065,201.18405079141007,-74.76504063272372,65,23
2023-10-31,-841.7284610948669,448.93286184248336,174.7019985733158,88.73387330110145,62,23
2023-11-01,-106.06308707762508,503.3134589574276,213.14716776224307,113.18270926448471,58,23
2023-11-02,902.3357296298142,503.3759973124458,234.06814084701358,-175.36408165934395,53,23
2023-11-03,1759.7279438004166,567.7656526916452,285.13432101260486,-461.3257750096769,42,23
2023-11-06,1887.2820376277325,573.656228308734,272.52720622764843,-464.12872904820176,46,22
2023-11-07,2395.714573938285,558.0906890767262,325.6254904092016,-476.6937790407191,48,23
2023-11-08,2690.3890050932114,562.1490902877533,298.89435215093965,-475.16570560111654,50,23
2023-11-09,2454.487781186879,516.6242350318545,264.8869145453144,-407.86956198498314,56,23
2023-11-10,3634.254969397457,474.71078898689564,261.7283065427176,-377.64099057474095,56,23
2023-11-13,3533.5738766597437,500.1401994948453,286.95787374769696,-336.5921934399363,60,23
2023-11-14,4663.926434614049,398.59546649735654,322.0149852741972,-122.86518727172025,69,25
2023-11-15,4671.580639893333,406.86474602468445,341.3638724323303,-46.20328367647612,67,25
2023-11-16,4638.122348063516,381.7450584419037,375.4180812381005,332.66846427591616,63,25
2023-11-17,4649.220141964726,376.1218389259667,549.9859547460562,-178.82929459521407,55,25
2023-11-20,5166.778789349746,334.1351052464986,409.5738746127661,52.193168331413915,54,24
2023-11-21,4343.7884063347965,292.33226639880394,419.56995423790556,235.63819539300152,58,25
2023-11-22,5080.318000089248,178.6836516261642,484.14554656321883,-244.86999550562345,58,25
2023-11-24,2953.135285349227,394.04380553366457,466.1227643934312,-282.5104182112182,52,25
2023-11-27,4369.13979051998,454.08889167175414,487.92122627561326,-280.4683725494004,54,25
2023-11-28,4238.772921162272,474.29249289575307,486.0228500913088,-400.69872392664155,52,25
2023-11-29,4345.025326960383,492.4356303535167,463.3965733958063,-422.10790022867036,51,25
2023-11-30,4061.6442811770635,515.5512320270684,469.2081408008198,-440.0133684021851,51,25
2023-12-01,4182.392042364568,489.61592752635477,446.61685102543606,-436.6740085367214,50,25
2023-12-04,3777.4490778627232,507.02769470516563,433.25028751183515,-483.6555681802537,54,25
2023-12-05,3797.801501371252,533.023836423016,433.7944061023749,-521.2523050642961,54,25
2023-12-06,3579.5852258032346,482.1446704681552,321.19302886078157,-384.3823774400791,58,25
2023-12-07,3110.086115048588,298.55908991259855,288.6585429289085,-189.16661592873518,56,24
2023-12-08,3331.756529094459,292.93732669126894,265.12585626234386,-144.21450015147983,56,24
2023-12-11,3244.295263038041,245.92608828506786,424.5257237202151,7.826420711474384,54,24
2023-12-12,3458.4760597595528,250.5257256006118,449.32600991573696,-2.080288834018568,54,24
2023-12-13,2876.507763479527,199.80386942774297,475.3303575597734,516.4512761614612,56,24
2023-12-14,3661.199596363984,94.85857579982924,420.19647731268753,54.277922962668626,56,24
2023-12-15,3118.5874032579,324.22737859757524,448.62545299137054,-272.9431110093391,52,24
2023-12-18,3372.4266220548716,332.92085318869937,449.8202395941413,-270.07689545966923,52,24
2023-12-19,3576.0123668958363,325.89662999215835,451.0302265563075,-257.58595133062926,52,24
2023-12-20,2994.670062425939,350.8102628703574,443.72673858848947,-217.7206162949929,50,24
2023-12-21,3363.4342303134044,351.5518475166088,440.36906269927886,-301.58537830464593,50,24
2023-12-22,3477.088334176492,359.4834937341625,427.16821885517436,-328.0110036674235,48,24
2023-12-26,3646.620764971685,368.34886517884735,427.3680614791575,-337.0486345556107,48,24
2023-12-27,3699.4535792338233,376.58044820101713,417.95875429426695,-341.7196779991769,48,24
2023-12-28,3634.2645440164047,369.787495261428,363.46888828911324,-333.1479990625114,48,24
2023-12-29,3506.4042913497087,367.87869651083054,345.39976745778694,-333.83522197381546,48,24
2024-01-02,3027.8005973522277,408.7705511934965,330.78928547309675,-365.97316634094426,48,24
2024-01-03,2612.820783369755,407.4610907827534,304.58429359679917,-367.08525306091406,48,24
2024-01-04,2534.994661519567,415.7494443410721,290.83714465880274,-366.40295668392355,48,24
2024-01-05,2689.7055578437626,415.68184315655037,296.6218318039312,-353.85465838055745,48,24
2024-01-08,3582.683601662294,407.010801695357,287.69071110726463,-351.5086813852867,48,24
2024-01-09,3663.896882544971,418.0127718722935,278.70329011980584,-353.82327784278255,48,24
2024-01-10,3807.908081712718,392.34625016360644,242.8091338098793,-343.9666122507506,48,24
2024-01-11,3958.484295589913,386.80694332679985,302.9725273147044,-329.97338970259733,48,24
2024-01-12,3906.095645862061,383.73073118301556,281.6003553746446,-328.8224723537722,48,24
2024-01-16,3810.7044826067563,373.08201997729077,61.42253615870806,-202.32447093034966,51,24
2024-01-17,4201.1450544478175,307.1424342413159,25.119781595917097,-122.62703873200397,56,24
2024-01-18,4466.59938960583,260.36088835877194,78.61518199048496,-54.841554396096996,55,24
2024-01-19,3571.2806159311176,234.29282208083393,64.36202308969668,21.72273476571418,53,24
2024-01-22,5514.810600621564,245.55554021322146,401.577669632334,248.59517372047725,56,24
2024-01-23,3569.003849915436,134.30311577779716,429.50566755799804,645.055376172093,64,24
2024-01-24,3704.3676550984883,142.2517045764221,341.4639384999514,273.2001142756899,66,23
2024-01-25,4434.987361375248,102.419345610173,589.4481645337072,258.8219994627613,74,22
2024-01-26,4109.922856494332,109.65882829347917,732.7655885300986,262.8216604534238,71,22
2024-01-29,4344.671492880964,94.34729759270716,948.8270440381223,689.3637423707977,75,22
2024-01-30,3812.5170078246297,84.50934628110674,804.3475135372722,1166.0625726969972,72,22
2024-01-31,3865.463080608458,-118.0222250290966,617.5797465122394,1154.684430552213,74,22
2024-02-01,2598.760410961269,-306.17642349219835,180.2306647196262,2249.7510479517855,66,21
2024-02-02,3426.2840223900894,295.0708039185034,145.95350155188888,-216.530645991774,52,21
2024-02-05,3267.6204020902114,299.44056845955595,101.29486226599036,-124.81844925984174,50,21
2024-02-06,2729.793749183231,270.39173786181954,114.91366326802383,14.742502368256153,50,21
2024-02-07,3428.5190745262553,283.14643895860667,109.65595180635935,-136.64347741675064,47,21
2024-02-08,3298.183042140946,218.7973126369373,311.44185774328196,76.72279516170808,53,21
2024-02-09,3681.5654614617774,237.64903513059568,272.0732398423277,-178.3976425561198,48,21
2024-02-12,3551.701843026275,276.43752653584204,228.57124411616874,-127.30515865383947,48,20
2024-02-13,2835.9525832303834,249.3124136416574,180.95868761970598,26.464044571674314,46,20
2024-02-14,3429.5129856717294,145.3935725428444,384.94232192041386,387.3444821614713,48,20
2024-02-15,3127.292999986274,208.0228857096385,354.16827876010495,404.6909569358887,45,20
2024-02-16,2896.7128272497275,258.02988412976975,392.64488205332145,185.12890413602577,40,20
2024-02-20,2726.151753798129,275.23833392014467,740.3759637179998,745.2970956141936,44,18
2024-02-21,1677.4004323329348,263.0441201015738,376.67461643394364,833.0095595718194,42,18
2024-02-22,364.4565469883141,167.2881543152684,1281.4438912910766,-183.5114390950013,44,19
2024-02-23,2284.0219665269206,462.1163739679691,1268.4626433207598,-364.65992962948553,42,19
2024-02-26,2295.8142309223604,447.4777581574828,1258.3323057002726,-337.2296235864473,40,19
2024-02-27,2379.301921408523,452.73215981560276,1258.3756341876667,-396.6797322599259,39,19
2024-02-28,2106.943368400858,469.2371763612696,1261.7679152474361,-363.1672163974503,40,19
2024-02-29,2992.933212373208,190.7213442424758,1560.103666106833,59.53882209580705,43,20
2024-03-01,2856.4211851057134,287.15775643504173,1509.1407383766502,42.58207230044473,42,20
2024-03-04,2847.4820516630857,262.03198303589454,1539.297967728063,387.65577857427473,46,20
2024-03-05,2761.6537962192215,137.1478862705025,1508.8830305608494,1054.4575172201933,46,20
2024-03-06,2993.5216246722225,119.15193750916241,1465.6600209233748,1835.1628322941979,48,21
2024-03-07,3137.106689485455,146.1226701704555,1563.5344020275884,3578.7971905371483,52,21
2024-03-08,3838.9853319908884,634.4206738845315,1671.2038258018138,-411.80152604092257,50,21
2024-03-11,3406.4630772854607,669.6306561707954,1751.7598317024892,-269.20305233162776,48,21
2024-03-12,4457.025090807556,713.7496935238665,1589.5016917184178,-579.7803091197704,47,21
2024-03-13,4078.297535267013,721.1616996438836,2037.8149416003641,-462.5180496672186,57,22
2024-03-14,4012.855957595249,631.400415734451,2021.0646339499654,1499.2454831648909,56,22
2024-03-15,3457.2070317307375,765.0433869281625,2023.8887241090868,-313.6654960642196,52,22
2024-03-18,3894.040132139464,793.80288728156,1999.7442594268275,-199.6698111535501,52,22
2024-03-19,4093.6859757894626,851.3835137681917,1981.4426796803823,-116.24149667766099,52,22
2024-03-20,4676.335016110297,867.9563455114571,1935.5166241922507,-190.4512123795386,47,22
2024-03-21,5599.070653244877,838.9368318802007,1860.2938264956883,-262.29969724076363,47,22
2024-03-22,5804.745475790173,824.9347577146243,1793.2604938590578,-447.8375010976786,44,22
2024-03-25,5788.990214161093,836.121108995652,1769.1644432258172,-471.3311553221612,44,22
2024-03-26,5400.535297709995,864.0465994697323,1801.3733207337998,-482.70983193244666,44,22
2024-03-27,4890.870787381516,848.1006564020144,1849.1114642657205,-470.356264408552,44,22
2024-03-28,4770.661052791152,837.1022477365881,1849.6203375672385,-475.0382308465849,44,22
2024-04-01,5221.248016243574,808.9003588325048,1841.768462449497,-486.0368210617295,44,22
2024-04-02,4793.634037576319,799.6274147002391,1818.6909174120342,-492.1178212441727,44,22
2024-04-03,5124.2366209750935,788.7651012028842,1822.3323794597661,-480.79239137639695,44,22
2024-04-04,4017.994852522189,805.7085970318151,1763.4837079114384,-511.30581636083645,44,22
2024-04-05,4808.285258852173,773.8971026856246,1672.547901904838,-488.3034080361795,44,22
2024-04-08,4705.214838950858,801.4365224209178,1635.059802149247,-515.1961551218377,44,22
2024-04-09,4725.154298588547,827.7169751657601,1657.9612117161705,-497.042745804406,44,22
2024-04-10,4287.001031087915,350.7497392022989,1586.3286684088328,-175.7914389025777,46,23
2024-04-11,5223.010827748636,324.6875968189929,1488.013616959915,181.8038534224834,50,23
2024-04-12,4173.656938252817,314.2904431299868,1434.7419202901647,254.74500102468195,49,23
2024-04-15,4123.792356406675,372.8887285496761,1642.437000870045,655.7734047046682,50,23
2024-04-16,4074.1653178284323,276.8497281631416,1653.5813690461102,1224.9711857707764,54,23
2024-04-17,3159.9545657135127,576.6974714903947,1655.276310701745,876.3468668957782,57,23
2024-04-18,2193.0350630277776,576.6925715890354,1619.16807823799,2526.9646014697505,67,24
2024-04-19,256.8255816202315,715.5951793835967,1395.7127765488756,-66.13826430652705,64,24
2024-04-22,909.3941757654522,772.8471055438217,1156.1056066699,325.6944459308198,64,23
2024-04-23,2011.895736303579,713.7195151497706,993.0631865202438,772.7749199956729,70,23
2024-04-24,616.9395734303429,662.7862378532739,994.9166739940847,1407.8789969325653,70,23
2024-04-25,1930.5712002168168,702.7503444870074,975.4453707164547,1636.250389690673,74,23
2024-04-26,2612.4425363950886,903.1275873614402,1225.6730068886134,-225.28052804274517,64,23
2024-04-29,2511.2578785097253,941.8034367802089,1269.0760998843316,26.808588511174186,68,23
2024-04-30,1521.551004978965,812.3911759678107,1275.278188378561,350.0365120808296,64,23
2024-05-01,731.9074916592517,690.1214074513521,1197.7430056045364,392.8789440424638,66,23
2024-05-02,1346.230801698079,703.5773404599336,1159.5512897629085,592.9350472071637,61,23
2024-05-03,2855.9428831836703,989.1698498831328,1248.9736775530985,-438.9230766451993,51,23
2024-05-06,3941.722211029762,992.1483414786609,1181.8086141791082,-398.3287579579001,49,23
2024-05-07,3844.012492436451,1018.7128654309901,1210.071057548051,-371.0501196149849,54,23
2024-05-08,4049.343151748867,990.8590830644398,1056.552453343934,-199.84234541278914,56,23
2024-05-09,3381.5592831427966,1026.5269791301682,1197.325503441319,-391.1942333845145,55,23
2024-05-10,4255.579361633137,1039.0103072525476,1205.0647070039256,-407.7648089960005,53,23
2024-05-13,4547.60141776693,1049.0446800601085,1183.4855044564445,-330.6811973329377,57,22
2024-05-14,5142.262613123611,969.6361532581617,1100.9914936886726,-237.8717200069326,55,22
2024-05-15,6249.370063080084,807.8475235990476,950.3179458285036,-85.90184789158047,56,22
2024-05-16,5909.479412422938,853.8517605882186,958.6195679315472,101.63607849471177,55,22
2024-05-17,5400.395381332296,967.495865395954,993.6022613402458,-389.4922069293452,50,22
2024-05-20,6147.966659113125,912.9683802699961,924.4120634169971,-283.72699899871844,48,21
2024-05-21,6187.884918482653,945.7368453924723,1370.2741492325358,-270.3743846010425,50,22
2024-05-22,3290.7146925743905,842.1177781409474,1303.192170240412,-363.95542470297045,46,21
2024-05-23,3146.277883382849,877.9554321294065,1328.5342388168874,-238.19673209822042,46,21
2024-05-24,3945.245019188615,852.2453263384043,1136.2010642987373,-432.1411686587991,42,21
2024-05-28,3968.891263261831,791.318264079977,1180.6071358566578,-462.23404096515947,42,21
2024-05-29,3445.3973646734294,817.5536327495878,1146.073012988277,-504.6382638522033,42,21
2024-05-30,2588.3898977791964,840.3707016558587,1085.9417834002252,-518.6706155854075,42,21
2024-05-31,1974.3181665513844,861.9353002892451,1066.979303014888,-567.0878153466629,44,22
2024-06-03,1878.003580984015,838.845595190236,1067.8493926624626,-621.233029867057,44,22
2024-06-04,1939.8023157520472,771.2754534365273,1286.514014491341,-609.5378255608072,48,22
2024-06-05,3807.293473149944,708.3239623510398,1216.637358557894,-541.0304840478651,48,22
2024-06-06,3905.331996535325,726.4969008760086,1255.207988725527,-364.1484314194917,52,22
2024-06-07,3815.417040770191,709.8107127924652,1239.1349834585403,-355.01809396596246,52,22
2024-06-10,4532.2680028561,632.4116011423306,1215.303550993823,-147.37520490371125,52,22
2024-06-11,4991.320874512386,555.8600797523819,1190.5576169361561,133.89869693170985,50,22
2024-06-12,2594.6054610672595,314.0781237479193,1072.8499840734028,660.5186959395731,48,21
2024-06-13,3129.8121901690033,315.7513410263837,1021.9922165428401,2015.88953054046,45,21
2024-06-14,3421.868901642281,338.2971439911,722.0649429003136,-335.7610195667615,42,21
2024-06-17,3697.740140035434,322.67178248141727,715.538930222942,-345.6896845560463,42,21
2024-06-18,3670.980871534737,316.3074013435996,682.6586956743024,-348.69038738969715,42,21
2024-06-20,3793.7977521594244,310.2582357476665,690.1790177767078,-254.93345308533108,46,21
2024-06-21,3898.1709668762046,312.0166032717306,716.1674755000896,-239.72795332191117,45,21
2024-06-24,3767.6017095279794,362.1594803525696,656.830908842163,-203.79916789625142,46,21
2024-06-25,4033.7790524292095,351.39156590209166,658.0950051215578,-129.6408717377503,46,21
2024-06-26,3742.982401806704,349.9897816714682,627.8414496841212,-19.176634112712517,44,21
2024-06-27,3750.6425982233613,387.1461392458131,652.8651170929503,-360.8979341901008,43,21
2024-06-28,3554.840858722487,401.8431383444523,680.1491810842981,-395.3423449516963,42,21
2024-07-01,3727.625898363023,401.52438697449605,639.566617115983,-409.5140803988805,42,21
2024-07-02,4158.571469759551,381.26905740443067,651.4453887081962,-408.22106964247405,42,21
2024-07-03,3000.9956587239603,340.00326083768635,693.4136091689808,-381.0795192834061,38,21
2024-07-05,4856.309298435052,340.40371834471813,637.0553535853429,-406.00259389868893,42,21
2024-07-08,6860.945116914721,693.8649518729188,603.6760516813365,-681.5210803759768,44,22
2024-07-09,6777.3105499601315,762.0901017703152,554.9350728079414,-712.6227577872833,44,22
2024-07-10,7874.176454380416,193.6207934393948,551.5168622023159,-346.7530742950941,48,22
2024-07-11,7514.452139835174,462.929216186627,-205.23101623853066,-257.90754269089825,52,22
2024-07-12,7679.265693011518,269.3111246650462,-127.17941971420053,-94.9931105708191,52,22
2024-07-15,7472.224848658826,410.71434856644,70.97444186034483,-1.4949867593645016,52,22
2024-07-16,7358.761408206684,306.77189030803794,95.17130394792339,201.74214698892186,56,22
2024-07-17,4734.087042718732,668.6351979786468,932.4592757620644,-133.37772330079753,58,22
2024-07-18,4330.118115759315,583.3793020251375,1138.0170662702753,2804.2646832225355,56,22
2024-07-19,846.866877411036,701.8013254745637,637.7525304094742,-308.8071406777603,52,22
2024-07-22,1728.7538420279423,782.0527823647753,485.9755027037292,-131.32559386230048,52,22
2024-07-23,1033.4333899747583,662.0930617982012,734.9783055451859,175.36339987451842,57,22
2024-07-24,-305.7239470931444,582.7075158557427,381.15599854335466,-71.56434435628113,62,22
2024-07-25,-30.318732808948845,569.9981182599807,550.043002038971,84.89106415754104,76,22
2024-07-26,-757.7839307609125,639.3594523666833,698.2540726914182,103.62663460136946,72,22
2024-07-29,-790.4585793229812,601.9774607463369,649.4751798384492,597.9902223070867,72,22
2024-07-30,-1487.9134873929656,479.7182814323054,994.0413364672338,1202.3343441456573,74,22
2024-07-31,-657.9689161670583,504.5444013436111,820.3023662124632,1650.8630167204747,70,22
2024-08-01,-2534.638642148064,630.5595419013629,710.1786782866889,1365.577645407005,63,22
2024-08-02,-3351.937057195248,595.2166317248169,-638.4738838057954,-225.6118819963371,50,22
2024-08-05,-2837.3612449034454,389.3518090201085,454.19365344711724,-167.02515982170613,48,21
2024-08-06,-2831.699869568158,412.0345672218504,538.1526740288732,25.902643655809044,44,21
2024-08-07,-2750.7650647578894,392.2630997140494,390.7424621517469,-137.9523918789569,46,21
2024-08-08,-2079.541675916706,378.89524122892374,484.9550296549263,173.37123314441388,54,21
2024-08-09,-2289.7167169521977,394.00753620425263,498.3814891908,-281.4349963858977,50,21
2024-08-12,-2497.5909555411736,387.9906866471298,472.0439442598821,-243.12169954196523,50,20
2024-08-13,-2062.7756048727647,492.20246657278506,506.35299791627307,-323.66245088367316,50,20
2024-08-14,-2052.4788890070845,500.0406514890522,489.61241302628537,-268.7820927621899,52,20
2024-08-15,-1272.0742781025015,492.1494627304619,531.1465459333556,67.67236747837418,50,20
2024-08-16,-775.8109193857706,542.4998544301296,272.9861690874642,-323.47311438107477,43,20
2024-08-19,-403.910839356711,572.2738335513798,283.578803046703,-286.08403153949763,48,20
2024-08-20,-531.9203040364418,565.5886866608482,274.5837590268555,-255.1733559124087,48,20
2024-08-21,-142.32317423781785,570.2503779578053,358.6112669017756,-177.35793922652766,51,22
2024-08-22,-793.9609768047599,519.261895177759,352.354461501697,-259.5164403093948,51,22
2024-08-23,-660.7980632412409,505.16677333039195,346.46310043981566,-235.84902103962756,49,22
2024-08-26,-1155.4948367613517,471.85452021418035,326.6230548812114,-91.28743356494579,48,22
2024-08-27,-1151.7946754890722,488.9551153091473,298.42092585485983,50.163896867127676,48,22
2024-08-28,-1338.696225655851,481.7944751046747,304.51565780420674,236.50013505332868,48,22
2024-08-29,-1362.4105888852664,493.0756766344773,312.55235580536555,181.99917568174888,51,23
2024-08-30,-1178.1591375626126,523.561962940627,313.70091273390926,-319.03286862207517,47,23
2024-09-03,-1855.4517318717108,416.34180796467,309.5025313750359,-183.38871322577108,51,23
2024-09-04,-1744.2127801702022,394.02448647325906,306.52001943422874,-93.2183633457886,52,23
2024-09-05,-1593.5327807732403,354.3991054693529,275.58569943175087,378.37545470091413,54,23
2024-09-06,-2180.9354886706374,362.8467332056196,268.0546105435329,-56.25461913829545,52,23
2024-09-09,-2045.1948340420327,364.81322874386285,270.89213440637536,219.93194415279663,50,23
2024-09-10,-1740.824784219664,389.77422802400275,274.1292549546786,261.07045828089707,49,23
2024-09-11,-1367.3524827280446,435.5178711395088,283.68435465632365,594.8211014178765,49,23
2024-09-12,-1942.809800701201,419.3747616884729,283.2677801201776,1788.751266925683,48,23
2024-09-13,-1519.6390085174903,487.21461441090156,291.8019896545574,-401.07477343325615,44,23
2024-09-16,-1372.0370476468,477.05507460454317,277.0912510866814,-415.9401929613741,43,22
2024-09-17,-1254.6639986964956,482.52847559335646,282.27299824025016,-422.7097757677532,43,22
2024-09-18,-1654.221090920642,460.99512332929976,292.5850446347846,-383.51271684747803,48,22
2024-09-19,-846.466217017683,499.8238339770744,298.11805835513337,-382.47844099010115,48,22
2024-09-20,-890.1210622690928,493.7286119079611,299.345376891795,-378.2128412572354,47,22
2024-09-23,-887.9318365442338,499.0535747227801,284.3278866883023,-370.2836448809534,48,22
2024-09-24,-937.375545919405,531.7244523899351,346.15558405942807,-386.37874176562497,50,23
2024-09-25,-651.033672829618,526.8295543485549,331.1068013262448,-355.40936229767703,48,23
2024-09-26,-268.6409624828073,539.474384615476,323.9924111027634,-329.61506838307895,47,23
2024-09-27,1723.2333472530759,510.610178109834,316.3129328634714,-489.4153443990723,45,23
2024-09-30,-407.43770761220054,554.589933698197,311.9952678137092,-559.7894245085695,45,23
2024-10-01,-864.4176265500843,535.1675707526866,303.70569529305504,-567.9957474154834,46,23
2024-10-02,-898.4473076431117,519.2825644470716,297.2265275767928,-545.9030440916347,46,23
2024-10-03,-871.4566808999623,544.866074403018,298.6896852032207,-602.7499876160038,46,23
2024-10-04,-385.51682469366744,527.2836776195871,295.2603303083972,-573.1701339899173,46,23
2024-10-07,-919.2207121070353,507.7803203765152,277.5049473437418,-667.2304447782387,45,23
2024-10-08,1677.0216843089922,508.5674583447138,270.54767018508045,-605.1692018761388,45,23
2024-10-09,-147.36884558439095,551.4415459362798,273.3551326408559,-678.3847214592731,46,23
2024-10-10,-265.13842859357464,446.09283529868685,243.0053855914939,-283.5683503012902,48,23
2024-10-11,1589.2000494156498,414.36713294822755,230.93120244483737,-201.5806155212342,46,22
2024-10-14,1880.352047149607,432.2966780901405,227.29928657528276,-104.08189538419937,46,22
2024-10-15,1262.4921937152224,453.9681249914187,237.6361702461388,-134.37585518295217,46,22
2024-10-16,1203.7308712826984,378.6640380012596,253.97822266528212,35.33642777171769,50,22
2024-10-17,819.4048053853201,328.01225077407577,249.82411309773997,1835.6094030458,47,22
2024-10-18,647.9062558058918,389.05048178576766,251.77939826037164,-319.96876135211744,46,22
2024-10-21,644.0367603831497,377.6837519650202,234.97253586344468,-282.35121173508986,46,21
2024-10-22,721.356799156137,343.64034951550207,249.59939005182267,-148.164656542376,53,21
2024-10-23,693.4680679382135,220.7895485604061,232.77130030725593,506.4998216597345,60,21
2024-10-24,1039.8533123831048,227.19819444045388,200.92822069319936,306.1226136754511,69,21
2024-10-25,1038.2411735469173,201.04549228258577,152.54296414012595,353.20819227693045,69,21
2024-10-28,1056.1888419106347,187.79426056154395,337.1609099907449,979.2812016034902,73,22
2024-10-29,1164.4685580287533,234.61952336069245,378.26324244219137,1470.0338554676252,69,22
2024-10-30,893.9178158631985,83.11451155043463,360.96965857816053,2365.0674743921318,66,22
2024-10-31,340.7393060597304,-120.72694054120842,365.11669953142234,1658.9790915842834,62,22
2024-11-01,513.6889091152914,382.92257695478077,431.0676536646729,-145.3040299346315,48,22
2024-11-04,390.9317065546231,385.971222378653,427.85188941020124,-24.191162421906483,48,20
2024-11-05,686.6624523939691,395.4922847784897,409.29893395294107,33.11048548747603,48,20
2024-11-06,1657.4056358884668,312.8314665943746,342.7783694979505,281.3094614751923,47,20
2024-11-07,2035.70087056342,121.00132768972382,386.85760831179,504.7856222028887,49,20
2024-11-08,2310.146992308862,304.50022850742255,394.8201796995297,-172.66301304760333,48,20
2024-11-11,2256.5010158420864,320.0347635285304,382.06577840504974,-179.0798843350653,48,19
2024-11-12,2215.8330181959623,333.02734037033,383.98806969439823,-185.9882531238626,46,19
2024-11-13,2118.67015420648,317.0474602120895,434.4375375265794,-119.48812611891962,56,21
2024-11-14,2193.0199633119687,225.59832755366804,526.8508466491699,293.4795200016003,58,21
2024-11-15,1211.5180599168991,306.93547089627316,474.72957335675744,-109.76313162434685,52,21
2024-11-18,1362.6731371958613,317.4003683407075,456.9698917392305,10.108764661346044,56,21
2024-11-19,1417.3639035858237,296.73834004680583,436.50361536327136,104.74228510064385,55,21
2024-11-20,1087.8367864114011,263.0138392969507,429.40971953016646,352.520354245171,52,21
2024-11-21,922.6255088613178,84.25770054320633,438.83252805234395,-19.982763362481045,49,21
2024-11-22,1170.267837559832,350.1845859139282,405.5711569610708,-243.48025367785513,44,21
2024-11-25,1249.709904305156,356.0217117578485,366.86499876988154,-233.1703359934481,44,21
2024-11-26,1334.9809786044204,349.98190431461853,292.90552776245573,-269.80672055210835,44,21
2024-11-27,1026.574413469684,361.54350428365063,286.43328934933993,-272.67114717606586,44,21
2024-11-29,-63.93572508361501,354.7915945914071,272.41557600575385,-296.5869369480288,39,21
2024-12-02,1586.5512105154112,344.9767121506441,259.23351174081836,-271.3738210836106,46,21
2024-12-03,1680.543466659091,343.83482471579265,263.9018791780155,-264.0743400171382,46,21
2024-12-04,1829.8443704058254,268.72310330576505,235.5388937295611,-46.773457914225816,48,21
2024-12-05,1768.2313609439148,196.6614573416837,260.3824212408609,42.421104142313766,52,21
2024-12-06,3034.4966984436587,261.68943234944453,49.18192127613056,-53.807370388081225,56,23
2024-12-09,2530.9313000530874,244.81155583832756,69.7597297292495,262.8953561146705,54,23
2024-12-10,2611.767670701135,135.2491055955709,71.24044808158439,324.1996849440186,54,23
2024-12-11,3335.2287951600856,-40.425729549199765,28.637436500825185,891.8552406294303,56,23
2024-12-12,4264.875410104268,102.432463850952,54.223936988953724,499.03836645156105,54,23
2024-12-13,3511.237725943299,283.8674804033426,25.70803635921967,-242.90267778934464,48,23
2024-12-16,3789.452007800723,267.23424531829295,21.05524597447029,-204.40202904429296,48,22
2024-12-17,3502.563378837587,262.3233266645141,16.15713257728945,-144.21584803809705,47,22
2024-12-18,2803.451104539368,245.6554335309512,-81.86136306058793,-28.339713772777802,46,22
2024-12-19,2950.587076432936,259.37268703547574,-74.10016791639976,-309.527819927323,46,22
2024-12-20,2760.149190150839,262.61924528014225,-54.66896547951064,-320.4882353641334,44,22
2024-12-23,3009.434308810489,270.5130912465677,-40.606667790926416,-325.2888786197992,44,22
2024-12-24,1.4254419133948488,233.5955475796354,-76.12375350817265,-260.81424795997555,38,22
2024-12-26,3326.3343224939595,262.93216854140064,-41.92163320758,-318.80035239094985,44,22
2024-12-27,2653.810607889504,301.8609497540951,0.9025440523368595,-347.92947770106133,46,23
2024-12-30,2350.05100413553,301.10919231486685,-11.45959619462986,-350.13697194143316,46,23
2024-12-31,2170.373522903482,302.54601017985465,-10.129126627306027,-353.7411244998658,46,23
2025-01-02,2105.82406940983,300.5129167258839,1.7122857879912348,-360.5352562655445,46,23
2025-01-03,2409.1446791807716,298.1849981863298,-0.033740231670239984,-363.4432816825241,46,23
2025-01-06,2888.9521233521973,307.9094959429976,27.05592365076096,-386.0298036271184,46,23
2025-01-07,2550.7926370123578,310.97654206405,17.33236124540211,-394.92754053152476,46,23
2025-01-08,2557.93225704047,314.8137978210494,12.273414670365305,-394.10085828378595,46,23
2025-01-10,2198.090551826443,305.73350442946486,23.71986295355516,-406.2289433583988,46,23
2025-01-13,2136.7690741077768,306.48095051639075,20.1369423331225,-420.8161690392171,46,23
2025-01-14,1969.6102592038824,323.09500924169384,17.90785021767583,-437.714166368252,46,23
2025-01-15,2775.0235144370677,328.2281656850974,29.37238839009784,-406.9500953419084,46,23
2025-01-16,1186.917108832839,339.2855547044854,27.832928243645043,-418.64173764916654,45,23
2025-01-17,3022.751919707673,345.30634152268124,21.32589931242809,-425.9478605273485,46,23
2025-01-21,2178.407398820169,324.6052754943971,2.880478404532274,-383.74482217870616,43,22
2025-01-22,2839.541563733454,39.93471971632037,48.24926490905783,203.21173129729402,53,22
2025-01-23,1740.0373394790304,4.569651830584204,101.37516691948025,315.0436129809774,61,22
2025-01-24,2885.2368239564794,-12.176519283797019,126.17263052187386,330.9103218719084,62,22
2025-01-27,2145.561111036778,38.54580880584332,156.95902235130274,734.2046672102309,66,22
2025-01-28,2307.7148978677506,3.02600411621155,212.2209661037129,1232.5918676221904,78,22
2025-01-29,269.2527520766047,-61.70569938779015,276.6245825426175,2040.38971239231,76,22
2025-01-30,869.7176244913553,-132.60057641444266,284.6174261048084,760.8708464407795,76,22
2025-01-31,139.5529074568489,255.35035036500537,207.85971655317542,36.276900894719276,66,22
2025-02-03,-356.57221481078085,250.58052961478305,236.25145646255268,376.563546121532,64,21
2025-02-04,-105.89403470610841,266.13225464483565,213.9957169690236,485.9488061890891,57,21
2025-02-05,285.3408281957277,157.82013180369765,236.52897387079184,650.2428214238257,57,21
2025-02-06,-46.25684071183419,57.5412290879098,255.67813788849935,823.9606070637908,60,21
2025-02-07,-173.4390198320129,325.52075703199057,212.8134100381182,-206.99498184409438,50,21
2025-02-10,94.96889097844237,338.1286235871314,217.4806878122634,-100.58118872230168,50,21
2025-02-11,-51.597215853953145,328.0293118879506,215.34083838401318,-27.643843462087094,50,21
2025-02-12,-216.24713257952482,323.63433369320666,144.90584801557617,158.8719261671069,51,21
2025-02-13,128.84626142744705,276.17038952182935,145.21957842279795,838.6373740010962,48,21
2025-02-14,238.35391559019047,370.57035137298465,180.42523126295634,-263.00599986345804,45,21
2025-02-18,509.5664900724822,375.9558504725361,180.19459515278587,-204.12982261957703,50,21
2025-02-19,470.8220840113917,338.35281591470266,205.51218615696862,-97.98713125552025,53,21
2025-02-20,250.2933468958604,340.61256204129245,194.42469219226146,-209.4032824473367,52,21
2025-02-21,-314.06348922937786,319.5123885732045,175.075748319136,-221.3448463385044,50,21
2025-02-24,-661.0253391929004,329.8232720882666,165.6503405073017,-155.8249574986577,48,21
2025-02-25,-817.5021977328236,347.8333097002706,-122.51894958951972,-256.60040071632466,49,22
2025-02-26,-369.23777148785695,283.6114777459832,-124.74553700807495,-161.76379575532147,47,22
2025-02-27,-810.485830025541,268.30449401133717,-145.58361547345032,-202.76520016658822,51,22
2025-02-28,-975.4718651702894,281.47944617919234,-103.67992074355563,-297.83338111649323,48,22
2025-03-03,-1274.8186795162076,250.23400502935135,-97.76745533068677,-201.17789154558307,52,22
2025-03-04,-1295.6931821576616,233.29662927272074,-93.8045218763237,-137.74772649884895,52,22
2025-03-05,-946.8048676864107,235.59972404021946,-26.02748512237844,198.74537428247748,56,22
2025-03-06,-1504.6697716255367,180.99334555484393,-24.79988988619739,397.2690912599508,54,22
2025-03-07,-1624.683119460818,270.23479814205047,33.95923031463208,-104.27377276876689,52,22
2025-03-10,-1888.4184385352776,217.27654831580404,28.83926405188531,158.4587616420467,50,22
2025-03-11,-1756.4904868526357,232.54258664532588,32.38767769567344,169.42152152389951,50,22
2025-03-12,-1226.1364491001711,223.92425234912392,54.21124711647237,483.7250554508194,48,22
2025-03-13,-1687.9993801775045,256.87845071586565,120.4590925225283,-157.30172899795465,55,22
2025-03-14,-1693.8281170042837,299.8696180374021,148.13608369714476,-281.83562752382636,52,22
2025-03-17,-1559.9410568507847,297.8662158629158,134.68218139117386,-279.8790818746408,52,22
2025-03-18,-1914.8545621367582,282.2813388714639,136.51739512818767,-235.06793367042258,52,22
2025-03-19,-1884.2476522637835,317.11887546524963,356.66599028465345,-157.72483502951587,52,22
2025-03-20,-2122.3750087793674,280.6887205651045,358.99085866569374,155.73795937721792,48,22
2025-03-21,-1951.2520931757979,331.3972929145832,381.59149268684257,-293.7112581984,44,22
2025-03-24,-1613.7978072899953,368.49966038649427,421.14449123565794,-319.6422968732606,44,22
2025-03-25,-1600.1603031089792,384.2602408840581,456.4163910159199,-328.6114881537994,44,22
2025-03-26,-2093.727034423383,351.3312051243594,387.444612143451,-314.28621325555844,44,22
2025-03-27,-2292.228407577098,343.70291112032703,528.2679158206344,-307.96263444865855,44,22
2025-03-28,-2777.669453457966,301.40483300456003,464.6386544080991,-291.2674583578543,44,22
2025-03-31,-2830.2113577377368,286.84752796186285,423.43086926689364,-296.51824341852364,44,22
2025-04-01,-2773.5507206764605,304.62898100842705,422.1936386177736,-302.33321717371945,44,22
2025-04-02,-2721.443919473554,328.85809618069516,478.8611016282236,-318.02632195563194,44,22
2025-04-03,-3362.817267508508,207.70197408567012,315.49036586156654,-263.5764814678498,44,22
2025-04-04,-3001.7004692824107,117.16777994219282,162.09093731531686,-251.97643498140766,42,22
2025-04-07,-3217.3801711107612,124.70330787384607,155.84960277997695,-279.21531372150775,44,22
2025-04-08,-3272.8448797215783,111.14906918826651,140.50511546430042,-263.7642371628163,44,22
2025-04-09,-2728.1679224435666,232.3850963668378,154.3274256795814,-344.5827262208386,44,22
2025-04-10,-3107.8885753522513,169.7069513487288,151.58941199070185,-317.3315420629726,43,22
2025-04-11,-3056.695552549446,186.6672903922087,178.444020589101,-332.7005666826797,44,22
2025-04-14,-3192.125416258312,179.93033401389226,176.52279334960295,-290.46467152225074,44,22
2025-04-15,-3187.1712756053466,135.351536115776,277.49175825664923,-159.19811911501068,48,22
2025-04-16,-3240.8744913259065,96.31828089128513,257.89631867331593,-130.98727774165778,47,22
2025-04-17,-3259.035116755426,77.62460904005887,288.9285437490596,-55.19191278125692,55,22
2025-04-21,-3190.3079560613673,72.72065412711179,295.05263137201376,69.35367990880017,56,22
2025-04-22,-2749.476345606212,76.074614310551,287.3628126459417,293.78929238780796,54,22
2025-04-23,-2722.7331285472646,-79.84329761934583,451.4253594608681,667.2188404139891,64,22
2025-04-24,-2804.7484159480837,-105.7437733419009,582.9383528908701,1015.6231607942369,76,22
2025-04-25,-2321.716881670082,86.78388980413763,596.3663798936982,318.41237927105954,70,22
2025-04-28,-2312.539271798264,67.2075094950636,585.9192866043497,917.9267549228281,73,22
2025-04-29,-2185.6290067744317,56.70330362531328,601.721414177363,1206.8791552056439,77,22
2025-04-30,-1044.06518127723,-6.894707642229173,671.4034066276511,1894.4535439044205,71,22
2025-05-01,-1039.63342107694,-16.351855549759378,590.6452709484075,2289.5739149070787,63,22
2025-05-02,139.16319534596337,182.2065184657478,654.8034357015937,-159.31155974150033,50,22
2025-05-05,35.17836111574429,177.22783531518277,638.3726965012378,-46.43930166108025,46,21
2025-05-06,191.71020362568925,140.63943984180636,637.6246906907415,-114.9649775222005,45,21
2025-05-07,23.154780970449806,122.84658478149599,645.3683964374214,-171.7859447522134,47,21
2025-05-08,100.58362313259747,99.91722337336155,700.6716759842603,-75.29896680584223,55,21
2025-05-09,304.941938591489,184.8148130035306,690.9706221305237,-197.3475639534481,52,21
2025-05-12,969.0381244588706,225.51652988060286,666.2183877093489,-231.29787935139737,52,21
2025-05-13,1439.2958348889895,245.6554504945903,657.5923810507657,-297.75048654279175,54,21
2025-05-14,1639.9831791900951,238.48899607247975,660.1474563397811,-258.3542602346215,56,21
2025-05-15,1722.3640376414746,198.46974164076187,664.5047545248822,47.46883324852877,51,21
2025-05-16,2022.8080238633302,240.66689695906882,674.059665713708,-287.7921796270869,46,21
2025-05-19,1982.3330469053772,243.2017044847408,669.7390243338584,-276.7606767843171,46,21
2025-05-20,2602.697846740962,271.5677785007074,509.7049536351482,-252.49492441095717,52,22
2025-05-21,2266.1621030524866,244.3286497072965,531.9758621573083,-154.3977258049692,54,22
2025-05-22,2319.0717622666098,239.93013648560077,526.7094850208805,-255.99465512007615,54,22
2025-05-23,2016.012689229754,243.01189983945343,510.93733267838275,-292.8489977423946,52,22
2025-05-27,2585.189712025103,241.7745540665635,470.6117335150357,-246.36659443291916,50,22
2025-05-28,2576.778089350688,218.59117461700265,459.34956766274007,-184.87675261959697,48,22
2025-05-29,2454.5891035974287,209.63622605314055,498.22056113452805,-242.06199534517316,51,22
2025-05-30,2659.4726507641126,224.58429607015086,503.79924480651346,-277.29543830549574,48,22
2025-06-02,2746.22734301325,212.08712365499912,494.3264808896194,-205.6601975035277,48,22
2025-06-03,2907.3893096910756,219.65090236725808,478.8785767783507,-211.72534143223385,48,22
2025-06-04,2908.291266268527,207.59037900695878,516.8476691254843,-103.95539988065099,52,22
2025-06-05,2293.0911545100225,187.28329662706022,610.7047946703975,314.4866725107998,54,22
2025-06-06,2848.1691051270095,223.85503415687106,612.7371189636178,-136.49971188018495,52,22
2025-06-09,3068.1339137794457,213.8014937686365,580.6851354041589,63.7703255953178,52,22
2025-06-10,3290.2903617166135,205.20354150392035,531.381839077937,223.62099965411764,52,22
2025-06-11,3075.6412354843806,191.39148097167572,523.7734523838913,592.0710155204921,50,22
2025-06-12,3477.7553756720963,195.8946542599221,498.7547008327008,1183.9823247090007,47,22
2025-06-13,3165.052140366736,224.01757344263154,449.84023040348853,-319.82458552074223,44,22
2025-06-16,3548.1453786420034,215.24709227288452,430.4279401286373,-312.0955984977052,44,22
2025-06-17,3245.324305472409,218.51563374107258,431.6189522555827,-325.63761436827593,44,22
2025-06-18,3289.2014642149647,197.50569924726946,438.0492192055237,-260.1291687794896,48,22
2025-06-20,3163.172979233775,208.50453348927533,430.91919409661483,-257.25074948105834,48,22
2025-06-23,3370.7770963654207,196.99427911471648,411.15630929170715,-192.92528023691588,48,22
2025-06-24,3651.7316290200706,188.07850046606154,393.7636287300396,-162.30668759643825,48,22
2025-06-25,3393.6639682458167,182.97574356742908,387.0930594276963,-109.14454331049323,46,22
2025-06-26,3454.7459430803333,165.34224581777627,381.5679604160382,-231.61375750589332,46,22
2025-06-27,3680.129551791518,210.82349856303787,380.5535545314033,-295.90839926273276,44,22
2025-06-30,3695.5288736587386,213.555818531647,365.3450377120515,-308.81576759608083,43,22
2025-07-01,3605.5387210829863,223.74463152902382,373.3866525318623,-325.3762456220429,44,22
2025-07-02,4141.4335948811195,223.3019121684541,371.5374093070463,-303.86923142263765,44,22
2025-07-03,2119.5804892383626,201.192548252403,332.04980431029077,-250.5309443764407,38,22
2025-07-07,4047.642225182137,230.30845065509973,365.61810113205144,-330.402962378995,44,22
2025-07-08,4179.182718559921,225.63275301933425,351.5356659864211,-320.53499222339616,44,22
2025-07-09,4256.245968745746,92.27061035990215,410.63365622878194,-70.79445172879733,48,23
2025-07-10,4459.158763898236,55.48079219761738,371.3267776045512,563.7578037849282,50,24
2025-07-11,4453.788224389449,54.67440777614331,406.30342973058157,669.4459697400049,50,24
2025-07-14,4359.5329549688,31.128133896943453,396.7603941347791,1320.8200839115939,50,24
2025-07-15,4136.107527323646,69.30645719680051,403.84830658635065,1782.6767260389836,50,24
2025-07-16,4232.80868326784,56.37653942839441,623.7115901826468,1923.9443573447206,57,24
2025-07-17,5070.336129914026,-4.234927054892462,461.91747030432674,4038.4489377744594,62,24
2025-07-18,4363.198709217783,139.05765271570556,519.27484844399,-137.82509381360788,58,24
2025-07-21,4262.621945992565,126.13352209651434,415.89472815009435,32.9468262234717,58,23
2025-07-22,4051.161376329986,110.5797317922517,433.88133093385113,140.60444380559397,58,23
2025-07-23,3422.609845508152,-139.54171226422753,676.7134991237272,886.2251321870232,64,23
2025-07-24,4170.907579345055,-223.19292378450942,864.474112023184,515.6479946152702,70,23
2025-07-25,3683.373611724525,-53.86027055093276,878.3606915367649,272.3507735769704,64,23
2025-07-28,3830.1320315036687,-66.73330521377945,852.2207379977184,799.1651244735318,68,23
2025-07-29,3488.16222878384,-67.53115165710763,802.1676909627953,1281.283859673509,73,23
2025-07-30,2281.6305457603717,-118.8069623945939,407.1173025478355,2001.1140681311226,70,23
2025-07-31,-75.20345765148902,0.5942602200887763,399.7451805569894,1484.3502972843835,65,23
2025-08-01,952.6912022839919,211.55197011148118,-112.83085985090656,-20.11262433227112,56,23
2025-08-04,654.7410015929238,184.73370684643663,-108.1467165706086,319.245920893523,53,22
2025-08-05,392.75646976146834,174.70692315892754,-135.62235132883995,340.6303097032818,50,22
2025-08-06,840.4762209252165,197.8728487953806,-140.35934304918305,77.09809790475681,50,22
2025-08-07,1321.239829927645,92.46909516771059,-189.17664391524318,55.16861683343159,53,22
2025-08-08,1055.0636033085266,201.2671882743468,-142.66292017952836,-223.81633671890728,46,22
2025-08-11,1068.4011395020573,195.67759300571578,-119.60350703898659,-164.77609151965095,46,20
2025-08-12,1202.3290768021577,235.50925548545837,-95.5659343439391,-161.25006762702876,50,22
2025-08-13,1375.9543931070684,249.91147924938815,-131.85082799468663,-56.50212017699498,50,22
2025-08-14,1176.0614726710785,217.8482635366666,-149.2057476552764,211.30293220933788,50,22
2025-08-15,865.1343858049794,293.8217762318985,-164.93450630821536,-326.85521257827526,46,22
2025-08-18,886.7114857644508,323.73385416217445,-245.4771905532634,-283.6687148191827,50,22
2025-08-19,696.5274899384278,334.09983565595024,-243.4043657309967,-261.37491968564194,49,22
2025-08-20,481.6077965484994,318.399288709322,-245.37672528517052,-163.58938209073335,54,22
2025-08-21,385.57154327205285,305.14157707357606,-257.32147400276335,-8.202054125641723,52,22
2025-08-22,981.9788512746484,335.4486992013325,-236.38644179662643,-241.36374863605556,54,22
2025-08-25,763.660522229955,325.0342678195792,-227.94969369508533,-208.22677700895275,52,21
2025-08-26,1304.4875418410581,406.11695029440403,-563.0429531477965,-217.23231615787768,54,22
2025-08-27,1080.3791995860088,393.31071213451764,-551.9367395634833,-107.47042762055315,52,22
2025-08-28,1145.3635760011712,327.723322525677,-356.1471166093056,-137.36454818822023,56,22
2025-08-29,662.1612475810088,425.2473769362528,-370.6416873087726,-314.09955313397944,49,22
2025-09-02,567.6231915811973,388.6858449974964,-424.62593620603934,-87.97566948513365,54,22
2025-09-03,838.5393989066861,364.11664023671534,-600.9979164036251,74.94256266244754,54,22
2025-09-04,721.0033125159206,332.66951931622174,-784.2901716443965,714.3519520671407,56,22
2025-09-05,1007.3339826042366,437.45752099253787,-773.5426409419221,-162.53853221595804,52,22
2025-09-08,1214.3241603345086,453.0228775944717,-802.3612992804306,25.53401442941592,52,22
2025-09-09,1196.270771225217,456.1771407433488,-824.0628747354531,226.91669062205008,50,22
2025-09-10,1242.8300202070939,474.83686336003586,-409.77523576672365,290.66489424468546,50,22
2025-09-11,2269.7975164036393,445.93021702112145,-451.2788472163847,1282.9738035357896,47,22
2025-09-12,2611.8349764485038,438.5005138407003,-533.7013132416229,-491.0690252259703,44,22
2025-09-15,3404.0387740026126,423.6389786823788,-515.4816821410336,-507.5354365927739,44,22
2025-09-16,3621.097613496279,385.9593385657004,-493.790604173113,-429.49739966206425,48,22
2025-09-17,3423.4785755554144,384.8182928218859,-485.668179379044,-427.4246824528975,48,22
2025-09-18,3758.1684339919416,392.9701351665279,-416.68977419023673,-524.5089109329474,50,23
2025-09-19,4071.1753454388313,390.45547838247086,-376.0273803961298,-510.38760016411567,50,23
2025-09-22,4404.019533580328,365.3005777638493,-344.7574760986432,-440.1625202410728,50,23
2025-09-23,3900.505712911083,370.4351702376068,-339.7282679654688,-393.916972621112,48,23
2025-09-24,3822.6498718281996,312.06352896918315,-326.63398634749757,-498.9525919188952,47,23
2025-09-25,3724.551673200325,290.00893339092596,-317.89130019892474,-500.0140015218499,48,23
2025-09-26,3625.7728688211396,398.9170650696383,-293.95614312386635,-636.9314086066566,46,23
2025-09-29,3866.068820415992,401.1780018500792,-289.932243721942,-661.1618901235624,46,23
2025-09-30,3714.579416263301,400.3927135059396,-338.71364147809635,-676.5378950723886,46,23
2025-10-01,4052.267483167446,378.18063099205347,-350.3209731665318,-672.1376493499184,46,23
2025-10-02,4241.198466553099,372.70204269757414,-357.38670182569143,-681.092617412154,45,23
2025-10-03,4005.947856455157,375.5737449470256,-345.3905150512169,-648.9803567758428,46,23
2025-10-06,4579.426983618343,372.9010241163939,-351.46250579099944,-741.6351022803782,46,23
2025-10-07,4557.946478276887,401.7422285509363,-378.2361150618946,-793.0701706508199,46,23
2025-10-08,5274.322077732849,227.64252460474808,-440.41845363212036,-366.6046756219808,48,23
2025-10-09,5683.973438910338,189.86835479178805,-428.0674548046121,-330.9804601753497,47,23
2025-10-10,4876.245305070253,292.28270499505214,-201.92689111912253,-515.0270397641045,48,23
2025-10-13,5670.008533342161,156.65247789541135,-166.46988964479317,63.03413191204973,48,23
2025-10-14,5427.371200715117,156.33285315661686,-162.07656230142905,323.05835189996355,48,23
2025-10-15,3654.3341909756246,-326.88202410137006,-167.44387605806747,320.42305490923883,50,23
2025-10-16,3077.503178083086,-457.22762449918554,-73.02407636246863,451.5541378363587,50,23
2025-10-17,3984.73268105665,253.19661111540668,-0.7900093809462057,-567.8992079051721,50,24
2025-10-20,4414.988732483999,258.30289971289136,-22.435896254525773,-434.49049235464406,50,23
2025-10-21,4501.693247982153,240.12080918512203,-88.239553730232,-137.65705035191675,48,22
2025-10-22,3362.9988822855566,79.14509013526619,16.14594951697392,626.8382909796898,56,22
2025-10-23,3321.0883262074963,-253.98468014439104,-65.27800247368894,635.7837593617403,62,21
2025-10-24,3566.017570053455,182.0411851022864,-124.5569781481009,166.87542435387346,59,21
2025-10-27,4033.4018939672937,165.60636147720803,321.6340125806454,679.9771216950357,63,21
2025-10-28,4246.614640965991,101.78657431523187,378.6960288342741,1224.6149883043431,69,21
2025-10-29,3664.0797910468027,-37.86831928864043,584.795039613204,2243.900892163227,68,21
2025-10-30,4820.939224180552,-185.74989359377705,512.1968279411404,1584.353301719619,64,21
2025-10-31,4462.811567079618,161.2931395065084,462.7814636786961,-11.176191723227342,56,21
2025-11-03,4306.460274701074,116.42617418111608,416.2799177391239,359.2440792966898,54,20
2025-11-04,3492.1558818594526,98.50664622452237,384.2908728171947,483.3063111237882,50,20
2025-11-05,4308.834923130833,-25.501875530783096,553.0305727339087,415.46983681109356,57,21
2025-11-06,3503.628724129762,393.5789854131707,588.7141526817295,302.0069229785073,58,21
2025-11-07,2078.078282576486,500.2867873932033,624.4792558564615,-424.50967718215344,47,21
2025-11-10,3588.689578259435,492.93170083476997,595.6820151567507,-365.0452758148009,49,21
2025-11-11,3524.013888557212,499.66007705434055,607.6069694275903,-285.9132037927181,54,21
2025-11-12,3171.719289573615,432.05363294495316,635.9958563963025,-74.99740898979027,55,21
2025-11-13,2362.789376209495,441.03111588554447,687.3389561843417,127.3124352984895,54,21
2025-11-14,2275.4486268653313,554.9599755946418,696.5071988661937,-495.08497426057767,50,21
2025-11-17,2171.707183686513,545.0094517694964,791.970166940241,-504.3545985169354,54,21
2025-11-18,1440.4002905031298,561.047438336441,766.3438889094263,-530.5892027305225,55,21
2025-11-19,1659.8924438650336,472.8764305023717,746.9940393334042,-184.73945307569187,53,21
2025-11-20,471.35985636269277,555.3835718090587,736.1970393755694,-404.4079401217514,53,21
2025-11-21,249.094721563216,544.6356024193154,787.7385646925585,-467.10145200488523,50,21
2025-11-24,1270.6340229511002,539.2274950159456,741.7264097352613,-340.7556578120122,48,21
2025-11-25,957.3294841065043,529.4607872023073,460.04879885855865,-478.6579726426215,48,22
2025-11-26,1569.0516891220686,513.342711967573,480.3316030656597,-461.5907309935513,48,22
2025-11-28,477.60010615422726,600.254361785925,438.9737477182411,-550.4685308703539,42,22
2025-12-01,2199.6996794210313,624.2424520065698,457.6018176415869,-605.893717256646,44,22
2025-12-02,2449.6994355160864,624.3860558784319,440.57222333278963,-610.2829607123737,44,22
2025-12-03,2893.316042325452,600.3365482263473,504.79760107688827,-382.7129452862971,52,22
2025-12-04,2942.417103572617,532.8263750271994,486.29318035010067,-233.0985010765279,56,22
2025-12-05,3028.996829096958,539.1543984870291,491.64806795139356,-217.1901614729862,56,22
2025-12-08,2179.131519219094,530.991676828937,525.8327097356884,82.38316477486431,55,22
2025-12-09,2770.2749808482613,540.1773139522106,548.8637911669456,223.07981579294358,56,22
2025-12-10,3085.6689001021264,418.4064480614179,522.0263993406916,1025.908447059304,56,22
2025-12-11,2514.3610003539575,396.2183420275896,535.0682959198481,800.2594641465134,53,22
2025-12-12,2069.21581193151,591.327481920089,480.6017981719108,-403.1349905343526,48,22
2025-12-15,1268.4459884097896,582.3334743247843,460.44572756829126,-303.83352745810595,47,22
2025-12-16,2141.4609577478027,616.0974125118599,430.71149157766297,-331.7021504804189,48,22
2025-12-17,306.3382304438487,659.4976335335269,408.6150030307595,-334.9523663228176,46,22
2025-12-18,1163.251078675995,475.13093787486036,391.92002634048697,-356.59884814687734,46,22
2025-12-19,1184.9046579256487,821.5122928977612,418.79775905837465,-547.4872106588251,44,22
2025-12-22,1470.4699484273165,848.6596075445863,401.8156604873532,-549.2026761525785,44,22
2025-12-23,1654.641128635744,859.8413441238782,398.0540908043967,-549.8080468041625,44,22
2025-12-24,1912.898012361756,868.8899098053013,383.9186515591473,-551.3090265470024,44,22
2025-12-26,1729.763050202621,864.6838894719117,398.7392495597047,-564.0884113642556,44,22
2025-12-29,1365.5764327461377,871.0678413557773,402.08385053131866,-576.0430868028272,43,22
2025-12-30,1346.201330640383,880.2763918609156,393.54291225324783,-587.2470322999479,44,22
2025-12-31,972.237554696733,860.4018767286793,403.73538178387025,-587.2192939495311,44,22
2026-01-02,1716.1498032443315,796.0376049823981,409.1900235274901,-580.1980524648816,44,22
2026-01-05,2514.490076611365,770.0869015583689,393.1777382225329,-582.2929385830213,44,22
2026-01-06,2778.910848374315,741.0164800957008,382.49137667513185,-583.1966145715435,44,22
2026-01-07,2727.7328132700713,764.2281520411505,373.85369902148244,-576.3814592623867,44,22
2026-01-08,2171.4038800165436,750.1376435779343,412.878610351824,-580.8652723747906,44,22
2026-01-09,3055.1979249143,727.7466316493125,386.5256672714282,-574.83398692083,44,22
2026-01-12,3143.7035205904544,717.2385714775852,391.30208100254544,-589.9542492692923,44,22
2026-01-13,3106.698419610617,539.1660606834614,377.0988834747701,-558.2582752955068,48,23
2026-01-14,2691.703765675836,538.6268870677932,360.334593924156,-527.3223594263724,48,23
2026-01-15,3147.57279784045,523.6352582581902,404.1318574833079,-517.6084982336462,48,23
2026-01-16,3372.156332090576,496.3556130224864,379.7039274804168,-501.3629525139754,48,23
2026-01-20,2173.352292964301,466.87565302485984,407.8157836067134,-460.2976298920673,48,23
2026-01-21,3057.9693217792287,-139.37372342202943,446.1296380367902,541.9411521510492,60,23
2026-01-22,-218.8562342067867,4.681671001527173,396.151272366064,652.2024406941897,63,23
2026-01-23,2195.8953434923637,117.60370369269167,400.6677882432973,593.0560192060561,62,23
2026-01-26,1632.8325836349582,98.06274304000142,388.0649880407228,1331.0840436582268,66,23
2026-01-27,1473.3079668021232,78.91844307321011,410.43586395048476,1713.856464260095,70,23
2026-01-28,-403.6192259934751,-408.14175728484815,490.3943955787867,2500.4498578645885,70,23
2026-01-29,3176.8293512077503,-91.45851465598794,506.28803881767516,1217.3712111060986,70,23
2026-01-30,2277.388701935067,392.7393010856961,471.96211354008426,6.267405974661893,62,23
2026-02-02,2513.8075065954595,352.0742161735111,466.5683966643746,420.1517986389326,60,21
2026-02-03,1641.9971615823852,187.08109555364334,435.1262890942138,737.5311477602748,55,20
2026-02-04,1685.4438515372008,413.7225256175978,462.2021081509591,736.2711574078223,52,20
2026-02-05,1037.0160216880276,177.150237545334,550.4267510147822,1302.1872292909607,50,20
2026-02-06,38.56954356759216,394.98761240833846,883.2869252495403,-267.81660091695227,42,20
2026-02-09,48.45007788237518,440.13645342385877,832.6576403246237,-246.80646600084648,41,20
2026-02-10,4.927895676173888,436.85351224152737,816.5545273883504,-209.81373181317022,42,20
2026-02-11,-100.6701944589291,471.5755096062992,804.2958724344197,-167.99394458693195,40,19
2026-02-12,-1136.4780545815283,313.1597764146945,706.93610992878,592.8892490043381,36,18
2026-02-13,-450.8248468794531,325.3805220349705,732.2279923842681,-340.5929202537808,34,18
2026-02-17,-595.090067057979,339.6605659443179,719.3203803273833,-347.94953696923716,34,17
2026-02-18,-416.1771805060386,336.57548934901126,743.8741572514666,-300.02321737087675,38,17
2026-02-19,-556.4090558945437,331.41588950117534,780.5354503204148,-306.24930580928026,38,17
2026-02-20,-241.0564629270053,390.79298786628135,485.0590224832488,-345.4875552091351,40,18
2026-02-23,-573.5564529708624,325.0249681783166,499.5450847815756,-322.89879497996964,40,18
2026-02-24,-487.03940854846377,343.2701376192036,545.9141109124397,-319.8910189651595,40,18
2026-02-25,-250.74438546333232,317.45335776316773,506.31114682754713,-226.2191569737252,36,17
2026-02-26,-482.8411475638717,297.44129051380037,484.5057365216944,-26.406075601139076,36,17
2026-02-27,-734.0074096624348,296.07307852073683,441.1846677221606,-367.0253270483507,34,17
2026-03-02,-578.746074802504,291.14279694315996,407.36824965403787,-362.55495711813927,33,17
2026-03-03,-885.6034219077527,276.1506744327807,365.41034135541827,-378.4949849176604,34,17
2026-03-04,83.71822931942538,239.37922007614912,399.2409278270879,-323.05857489315383,32,16
2026-03-05,92.89557881811587,234.0064198394618,363.7247198506831,-338.4482921197983,32,16
2026-03-06,215.60961477271127,229.0817100412351,246.1888775793718,-389.40228480131833,31,16
2026-03-09,139.52141000989843,231.10752646847175,210.40152959638897,-382.78731089367716,32,16
2026-03-10,446.1148958052017,221.16973112107604,201.81462568941834,-347.8793705179452,30,15
2026-03-11,739.5919517659246,60.3748366785182,261.5330672443085,-138.89044713504924,34,15
2026-03-12,605.7802768576084,57.29999385509222,178.6974353158855,-12.355458672839084,36,14
2026-03-13,-1149.6047361232058,36.286239643622366,163.4969661264614,44.55827153360715,35,14
2026-03-16,-1103.6752665985828,55.63654312618152,94.0930162041625,261.9717558333028,34,14
2026-03-17,-1381.2621548904515,91.90114508296107,117.86095217209702,255.23364393207015,34,14
2026-03-18,-1488.0337380074332,75.0100227119596,40.64099105661062,423.3563389933896,33,14
2026-03-19,-1896.4732602678628,12.46861037467994,67.2338214396344,101.28898023851612,31,14
2026-03-20,-1198.6232054096197,245.22209614094126,20.421051988557526,-271.8732128532453,27,14
2026-03-23,-781.8832447844563,715.3132800121595,92.57931794544247,-597.5145273625919,30,15
2026-03-24,-597.7423224769362,675.3493549389407,100.05946655707133,-618.5262277364462,30,15
2026-03-25,-463.8185924031413,694.1541415508453,121.24544505143409,-619.1341114219853,28,14
2026-03-26,-2066.0954938500745,688.967946657145,146.11242817881438,-590.2627027039599,28,14
2026-03-27,-2619.2204860826414,622.7281072108784,157.95468746856167,-577.543168607998,28,14
2026-03-30,-3495.7221594388607,593.1873812613348,129.00675783484618,-573.4891966333145,28,14
2026-03-31,-1868.7734413060748,705.4598909843061,309.49038603129674,-700.0481025102864,30,15
2026-04-01,-919.1933286806978,726.8694110770549,300.7752685035373,-758.6376539356357,29,15
2026-04-02,-1800.6968667277993,720.1094786073845,312.69241116819,-731.5421454105218,30,15
2026-04-06,-1898.0014393756917,734.356983318962,298.6608406768829,-832.272958538123,29,15
2026-04-07,-1927.7762559662228,738.3201868149276,305.2795414299614,-907.4502947238554,30,15
2026-04-08,842.5488499070602,496.75929098488064,345.33629325563555,-447.9222731862069,34,15
2026-04-09,1479.098001642912,470.8504213436119,342.7290217249035,-371.92499012198465,38,15
2026-04-10,1712.6201795105014,443.4522854991641,368.79837819335626,-307.2159117165107,38,15
2026-04-13,1932.8228224306383,429.8070044199134,383.2791313279831,-148.55432968771626,38,15
2026-04-14,2854.8265050075743,364.55640010957154,394.0103303491696,60.281319123466524,38,15
2026-04-15,310.8227938024576,6.806892427675014,448.2451359447027,852.5652651966406,40,15
2026-04-16,1404.470449627908,-1326.20293739751,403.5144408589349,1259.8424532614074,42,16
2026-04-17,2736.3578187716116,597.2561363138794,439.47545645468057,-441.18137409202745,38,16
2026-04-20,2569.3432084344813,600.2306556307268,433.3998706832343,-332.3208749503705,38,16
2026-04-21,2398.159232678113,583.557532642553,427.94512749502076,-241.82183004906477,38,16
2026-04-22,3421.8224211956303,415.0639817190273,624.3437477495793,326.2346496390456,52,16
2026-04-23,3292.645499499058,447.03421224582524,601.5091082519843,180.6353120725003,52,16
2026-04-24,3832.3787084617243,564.7232435605508,606.3266233536657,-262.0254341571137,48,16
2026-04-27,3723.3958925127126,579.6620196336216,637.2664019679669,73.76369920620309,48,16
2026-04-28,2980.500441620419,607.2624822592536,663.5248657730987,375.64118836086953,48,16
2026-04-29,2298.0063172775244,335.56326386570026,717.4470072820973,1241.6652292670417,38,15
2026-04-30,2946.694611925834,368.8972017909855,764.5004017999047,-12.849850044264226,36,15
