ticker,earn_dt,short_entry_dt,long_entry_dt,short_exit_dt,long_exit_dt,sc_entry,sp_entry,lc_entry,lp_entry,sc_exit,sp_exit,lc_exit,lp_exit,short_credit,short_debit,short_pnl,long_debit,long_credit,long_pnl,net_premium,total_pnl,return_pct
AAPL,2016-01-26,2016-01-19,2016-01-19,2016-01-29,2016-04-25,4.275,2.6,7.9,6.825,2.339996337890625,0.0,10.375,0.475,687.5,233.9996337890625,453.5003662109375,1472.5000000000002,1085.0,-387.5000000000002,785.0000000000002,66.00036621093727,8.40768996317672
AAPL,2016-04-26,2016-04-19,2016-04-19,2016-04-29,2016-07-25,3.875,1.91,7.1,5.825,0.0,11.260002136230469,0.235,8.45,578.5,1126.0002136230469,-547.5002136230469,1292.5,868.4999999999999,-424.0000000000001,714.0,-971.500213623047,-136.06445568950238
AAPL,2016-07-26,2016-07-19,2016-07-19,2016-07-29,2016-10-24,2.0300000000000002,2.145,4.925,5.8,4.209999084472656,0.0,17.825,0.135,417.50000000000006,420.9999084472656,-3.499908447265568,1072.5,1796.0,723.5,655.0,720.0000915527344,109.92367809965411
AAPL,2016-10-25,2016-10-18,2016-10-18,2016-10-28,2017-01-30,4.05,1.565,7.525,5.6,0.0,1.279998779296875,7.125,0.735,561.5,127.9998779296875,433.5001220703125,1312.5,786.0,-526.5,751.0,-92.9998779296875,-12.383472427388483
AAPL,2017-01-31,2017-01-24,2017-01-24,2017-02-03,2017-05-01,2.29,2.29,5.1,5.7,9.080001831054688,0.0,26.725,0.03,458.0,908.0001831054688,-450.00018310546875,1080.0,2675.5000000000005,1595.5000000000005,622.0,1145.4998168945317,184.1639577000855
AAPL,2017-05-02,2017-04-25,2017-04-25,2017-05-05,2017-07-31,2.31,2.7,5.775,6.675,3.9600067138671875,0.0,5.625,2.1500000000000004,501.0,396.00067138671875,104.99932861328125,1245.0,777.5,-467.5,744.0,-362.50067138671875,-48.72320851972026
AAPL,2017-08-01,2017-07-25,2017-07-25,2017-08-04,2017-11-01,1.975,4.15,7.05,9.55,1.3899993896484375,0.0,12.725000000000001,1.04,612.5,138.99993896484375,473.50006103515625,1660.0000000000002,1376.5,-283.5000000000002,1047.5000000000002,190.00006103515602,18.13843064774759
AAPL,2017-11-02,2017-10-26,2017-10-26,2017-11-03,2018-01-31,4.775,2.275,9.925,7.625,17.5,0.0,13.600000000000001,1.28,705.0000000000001,1750.0,-1045.0,1755.0,1488.0,-267.0,1050.0,-1312.0,-124.95238095238095
AAPL,2018-02-01,2018-01-25,2018-02-05,2018-02-02,2018-04-30,4.65,3.4000000000000004,4.825,17.9,0.0,9.5,2.725,7.85,805.0000000000001,950.0,-144.9999999999999,2272.5,1057.5,-1215.0,1467.5,-1360.0,-92.67461669505963
AAPL,2018-05-01,2018-04-24,2018-04-24,2018-05-04,2018-07-30,3.575,5.525,8.725,10.8,18.830001831054688,0.0,25.475,0.435,910.0000000000001,1883.0001831054688,-973.0001831054686,1952.4999999999998,2591.0,638.5000000000002,1042.4999999999995,-334.5001831054684,-32.086348499325524
AAPL,2018-07-31,2018-07-24,2018-07-24,2018-08-03,2018-10-31,2.955,4.825,8.2,9.875,12.990005493164062,0.0,26.0,1.5750000000000002,778.0,1299.0005493164062,-521.0005493164062,1807.5,2757.5,950.0,1029.5,428.99945068359375,41.670660581213575
AAPL,2019-01-29,2019-01-22,2019-02-19,2019-02-01,2019-04-29,3.8499999999999996,5.0,19.25,2.62,11.520004272460938,0.0,49.7,0.045,885.0,1152.0004272460938,-267.00042724609375,2187.0,4974.5,2787.5,1302.0,2520.4995727539062,193.58675673993136
AAPL,2019-04-30,2019-04-23,2019-04-23,2019-05-03,2019-07-29,3.925,6.300000000000001,9.75,11.925,1.75,0.0,5.225,5.9,1022.5000000000001,175.0,847.5000000000001,2167.5,1112.5,-1055.0,1145.0,-207.4999999999999,-18.12227074235807
AAPL,2019-07-30,2019-07-23,2019-08-01,2019-08-02,2019-10-29,4.5,5.5,10.8,12.275,0.0,5.9799957275390625,33.55,0.665,1000.0,597.9995727539062,402.00042724609375,2307.5000000000005,3421.4999999999995,1113.999999999999,1307.5000000000005,1516.0004272460928,115.94649539167054
AAPL,2019-10-30,2019-10-23,2019-11-08,2019-11-01,2020-01-27,7.55,4.25,26.25,5.550000000000001,15.82000732421875,0.0,69.225,0.53,1180.0,1582.000732421875,-402.000732421875,3180.0,6975.5,3795.5,2000.0,3393.499267578125,169.67496337890623
AAPL,2020-01-28,2020-01-21,2020-02-13,2020-01-31,2020-04-29,6.9,10.125,19.85,14.1,0.0,10.489990234375,0.7,33.6,1702.4999999999998,1048.9990234375,653.5009765624998,3395.0000000000005,3430.0000000000005,35.0,1692.5000000000007,688.5009765624998,40.679525941654326
AAPL,2020-04-30,2020-04-23,2020-06-08,2020-05-01,2020-07-29,6.6,11.175,56.6,3.3,9.07000732421875,0.0,100.19999999999999,0.195,1777.4999999999998,907.000732421875,870.4992675781248,5990.0,10039.499999999998,4049.499999999998,4212.5,4919.999267578123,116.7952348386498
AAPL,2020-10-29,2020-10-22,2020-10-26,2020-10-30,2021-01-26,4.125,3.3499999999999996,10.45,10.649999999999999,0.0,6.1399993896484375,28.450000000000003,0.445,747.5,613.9999389648438,133.50006103515625,2110.0,2889.5000000000005,779.5000000000005,1362.5,913.0000610351567,67.00917879157113
AAPL,2021-01-27,2021-01-20,2021-02-12,2021-01-29,2021-04-27,5.074999999999999,3.05,12.600000000000001,7.1,1.9600067138671875,0.0,6.525,2.3,812.5,196.00067138671875,616.4993286132812,1970.0000000000002,882.4999999999999,-1087.5000000000005,1157.5000000000002,-471.0006713867192,-40.6912027115956
AAPL,2021-04-28,2021-04-21,2021-04-21,2021-04-30,2021-07-26,2.71,4.2,8.425,10.0,0.0,3.5399932861328125,14.475000000000001,0.61,691.0,353.99932861328125,337.00067138671875,1842.5,1508.5,-334.0,1151.5,3.00067138671875,0.26058804921569695
AAPL,2021-07-27,2021-07-20,2021-07-20,2021-07-30,2021-10-27,4.2,3.0149999999999997,10.0,9.0,0.8600006103515625,0.0,5.95,2.2649999999999997,721.5,86.00006103515625,635.4999389648438,1900.0,821.5,-1078.5,1178.5,-443.00006103515625,-37.59016215826527
AAPL,2021-10-28,2021-10-21,2021-10-21,2021-10-29,2022-01-26,2.175,2.7,8.274999999999999,8.925,0.0,0.1999969482421875,13.3,3.55,487.5,19.99969482421875,467.50030517578125,1720.0,1685.0000000000002,-34.99999999999977,1232.5,432.5003051757815,35.09130265117902
AAPL,2022-01-27,2022-01-20,2022-01-20,2022-01-28,2022-04-27,4.05,4.4,12.4,12.0,5.3300018310546875,0.0,3.075,11.7,844.9999999999999,533.0001831054688,311.99981689453114,2440.0,1477.4999999999998,-962.5000000000002,1595.0,-650.5001831054691,-40.783710539527846
AAPL,2022-04-28,2022-04-21,2022-04-21,2022-04-29,2022-07-27,4.975,3.55,13.15,11.05,0.0,7.350006103515625,1.625,9.85,852.4999999999999,735.0006103515625,117.49938964843739,2420.0000000000005,1147.5,-1272.5000000000005,1567.5000000000005,-1155.000610351563,-73.68424946421453
AAPL,2022-07-28,2022-07-21,2022-07-21,2022-07-29,2022-10-26,4.125,3.725,11.975,10.649999999999999,7.5099945068359375,0.0,3.5250000000000004,9.075,785.0,750.9994506835938,34.00054931640625,2262.5,1260.0,-1002.5,1477.5,-968.4994506835938,-65.54987821885575
AAPL,2022-10-27,2022-10-20,2022-10-20,2022-10-28,2023-02-01,3.3,4.85,11.95,12.024999999999999,10.740005493164062,0.0,4.55,4.05,814.9999999999999,1074.0005493164062,-259.00054931640636,2397.5,860.0,-1537.5,1582.5,-1796.5005493164062,-113.52294150498619
AAPL,2023-02-02,2023-01-26,2023-01-26,2023-02-03,2023-05-03,3.075,4.0,9.05,8.875,9.5,0.0,22.9,0.35,707.5,950.0,-242.5,1792.5,2325.0,532.5,1085.0,290.0,26.72811059907834
AAPL,2023-05-04,2023-04-27,2023-04-27,2023-05-05,2023-08-02,2.8200000000000003,4.225,10.075,9.625,3.57000732421875,0.0,23.175,0.3,704.5,357.000732421875,347.499267578125,1970.0,2347.5,377.5,1265.5,724.999267578125,57.28955097417029
AAPL,2023-08-03,2023-07-27,2023-07-27,2023-08-04,2023-11-01,3.0149999999999997,4.55,9.925,9.024999999999999,0.0,13.009994506835938,0.065,21.049999999999997,756.5,1300.9994506835938,-544.4994506835938,1895.0,2111.5,216.5,1138.5,-327.99945068359375,-28.8097892563543
AAPL,2023-11-02,2023-10-26,2023-10-26,2023-11-03,2024-01-31,5.35,3.3,12.7,8.475000000000001,11.649993896484375,0.0,20.225,0.375,864.9999999999999,1164.9993896484375,-299.9993896484376,2117.5,2060.0,-57.5,1252.5,-357.4993896484376,-28.54286544099302
AAPL,2024-02-01,2024-01-25,2024-01-25,2024-02-02,2024-05-01,3.3499999999999996,4.0,10.05,8.25,0.0,9.149993896484375,0.185,25.725,735.0,914.9993896484375,-179.9993896484375,1830.0,2591.0,761.0,1095.0,581.0006103515625,53.05941647046233
AAPL,2024-05-02,2024-04-25,2024-04-25,2024-05-03,2024-07-31,3.9000000000000004,3.75,10.475000000000001,8.25,13.3800048828125,0.0,52.5,0.085,765.0,1338.00048828125,-573.00048828125,1872.5000000000002,5258.5,3386.0,1107.5000000000002,2812.99951171875,253.99544123871328
AAPL,2024-08-01,2024-07-25,2024-07-25,2024-08-02,2024-10-30,4.2,6.4,13.45,12.825,0.0,0.1399993896484375,12.875,2.7,1060.0000000000002,13.99993896484375,1046.0000610351565,2627.5,1557.5,-1070.0,1567.4999999999998,-23.999938964843523,-1.5310965846790128
AAPL,2024-10-31,2024-10-24,2024-10-24,2024-11-01,2025-01-29,5.075,4.2,14.774999999999999,11.0,0.0,7.089996337890625,13.375,3.5999999999999996,927.5,708.9996337890625,218.5003662109375,2577.5,1697.5000000000002,-879.9999999999998,1650.0,-661.4996337890623,-40.090886896306806
AAPL,2025-01-30,2025-01-23,2025-01-23,2025-01-31,2025-04-30,7.575,3.6500000000000004,15.775,9.4,16.0,0.0,3.55,11.05,1122.5000000000002,1600.0,-477.4999999999998,2517.5,1460.0000000000002,-1057.4999999999998,1394.9999999999998,-1534.9999999999995,-110.0358422939068
AAPL,2025-05-01,2025-04-24,2025-04-24,2025-05-02,2025-07-30,5.1,6.6,15.55,14.9,0.0,4.649993896484375,5.675,6.425,1170.0,464.9993896484375,705.0006103515625,3045.0000000000005,1210.0,-1835.0000000000005,1875.0000000000005,-1129.999389648438,-60.26663411458334
AAPL,2025-07-31,2025-07-24,2025-07-24,2025-08-01,2025-10-29,7.05,3.01,16.425,10.05,0.0,7.6199951171875,60.25,0.135,1005.9999999999999,761.99951171875,244.0004882812499,2647.5,6038.5,3391.0,1641.5,3635.00048828125,221.4438311471977
AAPL,2025-10-30,2025-10-23,2025-10-23,2025-10-31,2026-01-28,5.325,5.449999999999999,16.700000000000003,13.925,10.3699951171875,0.0,6.1,9.075,1077.4999999999998,1036.99951171875,40.50048828124977,3062.5000000000005,1517.5,-1545.0000000000005,1985.0000000000007,-1504.4995117187507,-75.79342628306046
AAPL,2026-01-29,2026-01-22,2026-01-22,2026-01-30,2026-04-30,4.85,6.325,21.925,18.9,9.480010986328125,0.0,31.924999999999997,7.6,1117.5,948.0010986328125,169.4989013671875,4082.5000000000005,3952.5,-130.00000000000045,2965.0000000000005,39.498901367187045,1.332172052856224
ABNB,2021-02-25,2021-02-18,2021-02-18,2021-02-26,2021-05-13,11.925,13.95,31.424999999999997,33.575,6.350006103515625,0.0,0.3,65.35,2587.5,635.0006103515625,1952.4993896484375,6500.0,6564.999999999999,64.99999999999909,3912.5,2017.4993896484366,51.56547960762777
ABNB,2021-05-14,2021-05-07,2021-06-17,2021-05-21,2021-08-11,9.399999999999999,8.225000000000001,12.05,11.525,0.0,15.289993286132812,4.425,6.300000000000001,1762.5,1528.9993286132812,233.50067138671875,2357.5000000000005,1072.5000000000002,-1285.0000000000002,595.0000000000005,-1051.4993286132815,-176.72257623752617
ABNB,2021-08-12,2021-08-05,2021-09-10,2021-08-13,2021-11-03,5.625,5.275,20.85,5.449999999999999,2.7599945068359375,0.0,23.85,1.04,1090.0,275.99945068359375,814.0005493164062,2630.0,2489.0,-141.0,1540.0,673.0005493164062,43.70133437119521
ABNB,2021-11-04,2021-10-28,2021-10-28,2021-11-05,2022-02-14,7.325,5.75,16.55,14.75,31.6199951171875,0.0,7.925000000000001,8.15,1307.5,3161.99951171875,-1854.49951171875,3130.0,1607.5000000000002,-1522.4999999999998,1822.5,-3376.99951171875,-185.2948977623457
ABNB,2022-02-15,2022-02-08,2022-02-08,2022-02-18,2022-05-02,9.5,7.225,19.200000000000003,16.525,14.899993896484375,0.0,7.800000000000001,14.8,1672.5000000000002,1489.9993896484375,182.50061035156273,3572.5,2260.0,-1312.5,1899.9999999999998,-1129.9993896484373,-59.47365208675986
ABNB,2022-05-03,2022-04-26,2022-06-22,2022-05-06,2022-08-01,7.875,9.649999999999999,0.305,55.575,0.0,19.160003662109375,0.09,43.825,1752.4999999999998,1916.0003662109375,-163.50036621093773,5588.0,4391.500000000001,-1196.499999999999,3835.5,-1360.0003662109368,-35.458228815302746
ABNB,2022-08-02,2022-07-26,2022-08-08,2022-08-05,2022-10-31,6.65,4.6,22.875,6.15,17.110000610351562,0.0,11.5,4.4,1125.0,1711.0000610351562,-586.0000610351562,2902.5,1590.0,-1312.5,1777.5,-1898.5000610351562,-106.80731707652073
ABNB,2022-11-01,2022-10-25,2022-11-09,2022-11-04,2023-02-13,5.425,6.85,3.575,26.65,0.0,23.910003662109375,3.85,7.35,1227.4999999999998,2391.0003662109375,-1163.5003662109377,3022.5,1120.0,-1902.5,1795.0000000000002,-3066.0003662109375,-170.80781984462047
ABNB,2023-02-14,2023-02-07,2023-03-16,2023-02-17,2023-05-08,5.425,5.525,10.25,9.325,11.600006103515625,0.0,9.4,3.5250000000000004,1095.0,1160.0006103515625,-65.0006103515625,1957.5,1292.5,-665.0,862.5,-730.0006103515625,-84.63775192481884
ABNB,2023-05-09,2023-05-02,2023-05-02,2023-05-12,2023-08-02,6.1,5.275,13.675,11.274999999999999,0.0,14.724998474121094,25.65,0.7,1137.5,1472.4998474121094,-334.9998474121094,2495.0,2635.0,140.0,1357.5,-194.99984741210938,-14.364629643617633
ABNB,2023-08-03,2023-07-27,2023-08-09,2023-08-04,2023-10-31,5.75,7.025,7.925000000000001,18.0,0.0,9.830001831054688,0.135,31.900000000000002,1277.5,983.0001831054688,294.49981689453125,2592.5,3203.5000000000005,611.0000000000005,1315.0,905.4998168945317,68.85930166498339
ABNB,2023-11-01,2023-10-25,2023-11-07,2023-11-03,2024-02-12,5.325,6.6,11.375,8.675,2.6399993896484375,0.0,33.95,0.10500000000000001,1192.5,263.99993896484375,928.5000610351562,2005.0,3405.5,1400.5,812.5,2329.0000610351562,286.6461613581731
ABNB,2024-02-13,2024-02-06,2024-03-13,2024-02-16,2024-05-07,6.275,6.550000000000001,24.525,3.3,7.5099945068359375,0.0,16.75,1.62,1282.5,750.9994506835938,531.5005493164062,2782.5,1837.0,-945.5,1500.0,-413.99945068359375,-27.59996337890625
ABNB,2024-05-08,2024-05-01,2024-05-21,2024-05-10,2024-08-05,7.6,6.199999999999999,5.6,14.825,0.0,8.67999267578125,0.43,29.9,1380.0,867.999267578125,512.000732421875,2042.4999999999998,3033.0,990.5000000000002,662.4999999999998,1502.5007324218752,226.79256338443406
ABNB,2024-08-06,2024-07-30,2024-07-30,2024-08-09,2024-11-06,5.949999999999999,6.725,12.65,11.525,0.0,24.919998168945312,7.0,5.925,1267.5,2491.9998168945312,-1224.4998168945312,2417.5,1292.5,-1125.0,1150.0,-2349.4998168945312,-204.30433190387228
ABNB,2024-11-07,2024-10-31,2024-11-13,2024-11-08,2025-02-12,6.175,6.25,8.95,10.075,0.0,0.3899993896484375,9.7,3.9,1242.5,38.99993896484375,1203.5000610351562,1902.4999999999998,1360.0,-542.4999999999998,659.9999999999998,661.0000610351565,100.15152439926615
ABNB,2025-02-13,2025-02-06,2025-02-12,2025-02-14,2025-04-30,5.300000000000001,7.8,15.45,8.425,26.419998168945312,0.0,1.805,15.450000000000001,1310.0000000000002,2641.9998168945312,-1331.999816894531,2387.5,1725.5000000000002,-661.9999999999998,1077.4999999999998,-1993.9998168945308,-185.05798764682424
ABNB,2025-05-01,2025-04-24,2025-04-24,2025-05-02,2025-08-05,5.75,4.800000000000001,13.675,10.675,5.260002136230469,0.0,11.5,1.75,1055.0,526.0002136230469,528.9997863769531,2435.0,1325.0,-1110.0,1380.0,-581.0002136230469,-42.10146475529325
ABNB,2025-08-06,2025-07-30,2025-08-12,2025-08-08,2025-11-05,5.325,5.425,4.05,16.35,0.0,13.980003356933594,1.885,13.7,1075.0,1398.0003356933594,-323.0003356933594,2040.0000000000002,1558.5,-481.5000000000002,965.0000000000002,-804.5003356933596,-83.36791043454501
ABNB,2025-11-06,2025-10-30,2025-11-05,2025-11-07,2026-02-11,6.324999999999999,4.85,10.55,11.274999999999999,0.0,4.120002746582031,3.145,8.425,1117.5,412.0002746582031,705.4997253417969,2182.5,1157.0,-1025.5,1065.0,-320.0002746582031,-30.046974146310152
ACM,2017-11-13,2017-11-06,2017-12-18,2017-11-17,2018-02-05,1.75,0.55,3.55,0.7,0.0,0.279998779296875,1.925,0.8,229.99999999999997,27.9998779296875,202.00012207031247,425.0,272.5,-152.5,195.00000000000003,49.50012207031247,25.38467798477562
ACM,2018-11-12,2018-11-05,2019-01-02,2018-11-16,2019-02-04,0.675,1.1,0.1,5.55,0.4399986267089844,0.0,0.25,1.725,177.5,43.99986267089844,133.50013732910156,565.0,197.5,-367.5,387.5,-233.99986267089844,-60.387061334425404
ACM,2019-11-12,2019-11-05,2019-12-23,2019-11-15,2020-01-31,0.75,1.1,2.425,0.9750000000000001,0.6899986267089844,0.0,6.199999999999999,0.275,185.0,68.99986267089844,116.00013732910156,340.0,647.5,307.5,155.0,423.50013732910156,273.22589505103326
ACM,2020-11-16,2020-11-09,2020-12-17,2020-11-20,2021-02-05,1.75,2.225,4.125,3.25,2.729999542236328,0.0,6.9,0.175,397.5,272.9999542236328,124.50004577636719,737.5,707.5,-30.0,340.0,94.50004577636719,27.79413111069623
ACM,2021-11-15,2021-11-08,2021-12-16,2021-11-19,2022-02-04,2.35,1.325,6.3,2.15,3.029998779296875,0.0,1.7,2.4,367.5,302.9998779296875,64.5001220703125,844.9999999999999,409.99999999999994,-434.99999999999994,477.4999999999999,-370.49987792968744,-77.59159747218587
ACM,2023-11-13,2023-11-06,2023-11-06,2023-11-17,2024-01-31,1.975,2.25,4.35,4.5,6.980003356933594,0.0,9.15,0.22499999999999998,422.49999999999994,698.0003356933594,-275.50033569335943,885.0,937.5,52.5,462.50000000000006,-223.00033569335943,-48.21628879856419
ADBE,2016-03-17,2016-03-10,2016-03-10,2016-03-18,2016-06-20,2.62,2.795,6.275,6.35,8.419998168945312,0.0,13.375,0.355,541.5,841.9998168945312,-300.49981689453125,1262.5,1373.0,110.5,721.0,-189.99981689453125,-26.352263092167995
ADBE,2016-12-15,2016-12-08,2017-01-23,2016-12-16,2017-03-10,1.875,3.375,7.75,1.625,0.0,1.4499969482421875,15.875,0.035,525.0,144.99969482421875,380.00030517578125,937.5,1591.0,653.5,412.5,1033.5003051757812,250.54552852746212
ADBE,2017-03-16,2017-03-09,2017-03-09,2017-03-17,2017-06-19,2.435,2.535,6.75,6.425,7.010002136230469,0.0,20.4,0.29000000000000004,497.00000000000006,701.0002136230469,-204.00021362304682,1317.5,2069.0,751.5,820.5,547.4997863769531,66.72757908311434
ADBE,2017-06-20,2017-06-13,2017-06-13,2017-06-23,2017-09-18,3.375,4.25,7.975,8.2,5.410003662109375,0.0,16.375,0.55,762.5,541.0003662109375,221.4996337890625,1617.4999999999998,1692.5,75.00000000000023,854.9999999999998,296.4996337890627,34.67831974141086
ADBE,2017-09-19,2017-09-12,2017-09-12,2017-09-22,2017-12-13,4.449999999999999,3.0,8.925,7.075,0.0,6.5,22.1,0.075,744.9999999999999,650.0,94.99999999999989,1600.0,2217.5,617.5,855.0000000000001,712.4999999999999,83.3333333333333
ADBE,2017-12-14,2017-12-07,2018-01-22,2017-12-15,2018-03-14,4.65,4.975,25.025,1.585,2.5099945068359375,0.0,43.425,0.075,962.5,250.99945068359375,711.5005493164062,2661.0,4350.0,1689.0,1698.5,2400.5005493164062,141.3306181522759
ADBE,2018-03-15,2018-03-08,2018-04-23,2018-03-16,2018-06-13,3.7,7.25,14.175,7.925,5.5500030517578125,0.0,36.05,0.075,1095.0,555.0003051757812,539.9996948242188,2210.0,3612.5,1402.5,1115.0,1942.4996948242188,174.2152192667461
ADBE,2018-06-14,2018-06-07,2018-06-07,2018-06-15,2018-09-12,5.25,7.475,14.825,15.5,1.82000732421875,0.0,19.3,1.3,1272.5,182.000732421875,1090.499267578125,3032.5,2060.0,-972.5,1760.0,117.999267578125,6.7045038396661925
ADBE,2018-09-13,2018-09-06,2018-09-06,2018-09-14,2018-12-12,6.35,6.5,17.0,15.225,14.69000244140625,0.0,2.1950000000000003,16.375,1285.0,1469.000244140625,-184.000244140625,3222.5,1857.0,-1365.5,1937.5,-1549.500244140625,-79.97420614919355
ADBE,2018-12-13,2018-12-06,2018-12-26,2018-12-14,2019-03-13,7.75,6.975,7.824999999999999,33.75,0.0,20.0,15.5,1.275,1472.5,2000.0,-527.5,4157.5,1677.4999999999998,-2480.0,2685.0,-3007.5,-112.01117318435753
ADBE,2019-03-14,2019-03-07,2019-03-07,2019-03-15,2019-06-17,4.949999999999999,9.425,15.375,18.3,0.0,2.910003662109375,17.35,1.605,1437.5,291.0003662109375,1146.4996337890625,3367.4999999999995,1895.5000000000002,-1471.9999999999993,1929.9999999999995,-325.5003662109368,-16.86530394875321
ADBE,2019-06-18,2019-06-11,2019-06-11,2019-06-21,2019-09-16,5.699999999999999,9.625,16.325000000000003,18.55,19.329986572265625,0.0,8.65,5.475,1532.5,1932.9986572265625,-400.4986572265625,3487.5,1412.5,-2075.0,1955.0,-2475.4986572265625,-126.6239722366528
ADBE,2019-09-17,2019-09-10,2019-10-21,2019-09-20,2019-12-11,6.05,9.675,6.75,19.125,0.0,2.089996337890625,24.475,1.2349999999999999,1572.5000000000002,208.9996337890625,1363.5003662109377,2587.5,2571.0,-16.5,1014.9999999999998,1347.0003662109377,132.7093956858067
ADBE,2019-12-12,2019-12-05,2019-12-19,2019-12-13,2020-03-11,7.85,4.725,35.6,5.800000000000001,17.94000244140625,0.0,26.375,10.05,1257.5,1794.000244140625,-536.500244140625,4140.000000000001,3642.4999999999995,-497.50000000000136,2882.500000000001,-1034.0002441406264,-35.87164767183438
ADBE,2020-03-12,2020-03-05,2020-03-05,2020-03-13,2020-06-10,15.25,14.55,32.2,30.525,0.0,14.5,57.425,0.52,2980.0,1450.0,1530.0,6272.5,5794.5,-478.0,3292.5,1052.0,31.951404707668946
ADBE,2020-06-11,2020-06-04,2020-07-16,2020-06-12,2020-09-14,6.8500000000000005,10.850000000000001,48.95,12.525,16.540008544921875,0.0,97.44999999999999,0.4,1770.0000000000002,1654.0008544921875,115.99914550781273,6147.5,9785.0,3637.5,4377.5,3753.4991455078125,85.74526888652912
ADBE,2020-09-15,2020-09-08,2020-09-08,2020-09-18,2020-12-09,22.174999999999997,19.299999999999997,56.975,54.175,7.54998779296875,0.0,29.025,5.175,4147.499999999999,754.998779296875,3392.501220703124,11115.0,3419.9999999999995,-7695.0,6967.500000000001,-4302.498779296876,-61.75096920411733
ADBE,2020-12-10,2020-12-03,2020-12-03,2020-12-11,2021-03-22,16.25,11.7,43.0,37.375,0.0,4.089996337890625,6.0,32.45,2795.0,408.9996337890625,2386.0003662109375,8037.5,3845.0000000000005,-4192.5,5242.5,-1806.4996337890625,-34.458743610664044
ADBE,2021-03-23,2021-03-16,2021-03-16,2021-03-26,2021-06-16,13.725,12.15,31.05,29.700000000000003,19.089996337890625,0.0,93.15,0.265,2587.5,1908.9996337890625,678.5003662109375,6075.0,9341.5,3266.5,3487.5,3945.0003662109375,113.11829007056451
ADBE,2021-06-17,2021-06-10,2021-06-10,2021-06-18,2021-09-20,17.95,7.300000000000001,41.65,29.6,40.59002685546875,0.0,117.9,3.325,2525.0,4059.002685546875,-1534.002685546875,7125.0,12122.5,4997.5,4600.0,3463.497314453125,75.29341987941575
ADBE,2021-09-21,2021-09-14,2021-09-14,2021-09-24,2021-12-15,11.375,17.125,34.974999999999994,39.125,0.0,27.28997802734375,12.125,32.0,2850.0,2728.997802734375,121.002197265625,7409.999999999999,4412.5,-2997.499999999999,4559.999999999999,-2876.497802734374,-63.08109216522752
ADBE,2022-03-22,2022-03-15,2022-03-15,2022-03-25,2022-06-15,18.375,16.45,39.150000000000006,36.475,11.6199951171875,0.0,1.655,44.075,3482.5000000000005,1161.99951171875,2320.5004882812505,7562.5,4573.0,-2989.5,4079.9999999999995,-668.9995117187495,-16.39704685585171
ADBE,2022-06-16,2022-06-09,2022-06-09,2022-06-17,2022-09-14,14.975,18.225,36.525,38.125,0.0,69.20999145507812,0.42000000000000004,59.475,3320.0000000000005,6920.9991455078125,-3600.999145507812,7465.000000000001,5989.5,-1475.500000000001,4145.0,-5076.4991455078125,-122.47283825109318
ADBE,2022-09-15,2022-09-08,2022-09-08,2022-09-16,2022-12-14,15.45,11.925,36.325,29.799999999999997,0.0,80.5,0.8700000000000001,39.974999999999994,2737.5,8050.0,-5312.5,6612.5,4084.499999999999,-2528.000000000001,3875.0,-7840.500000000001,-202.33548387096775
ADBE,2022-12-15,2022-12-08,2022-12-08,2022-12-16,2023-03-14,15.975,13.225,32.525,26.05,8.540008544921875,0.0,11.9,8.3,2920.0,854.0008544921875,2065.9991455078125,5857.5,2020.0000000000002,-3837.5,2937.5,-1771.5008544921875,-60.306412067819146
ADBE,2023-03-15,2023-03-08,2023-03-08,2023-03-17,2023-06-14,9.6,13.325,26.2,25.625,8.1400146484375,0.0,130.35,0.07500000000000001,2292.4999999999995,814.00146484375,1478.4985351562495,5182.5,13042.499999999998,7859.999999999998,2890.0000000000005,9338.498535156248,323.13143720263827
ADBE,2023-06-15,2023-06-08,2023-06-08,2023-06-16,2023-09-11,15.025,15.3,33.2,28.325,55.17999267578125,0.0,125.225,0.04,3032.5000000000005,5517.999267578125,-2485.4992675781245,6152.500000000001,12526.5,6373.999999999999,3120.0000000000005,3888.5007324218745,124.63143373147032
ADBE,2023-09-14,2023-09-07,2023-09-07,2023-09-15,2023-12-12,23.9,12.600000000000001,50.25,31.675,0.0,21.1099853515625,84.725,0.37,3650.0,2110.99853515625,1539.00146484375,8192.5,8509.5,317.0,4542.5,1856.00146484375,40.85859031026417
ADBE,2023-12-13,2023-12-06,2023-12-06,2023-12-15,2024-03-13,18.35,21.4,43.475,38.825,0.0,15.32000732421875,12.225,38.650000000000006,3975.0,1532.000732421875,2442.999267578125,8230.000000000002,5087.500000000001,-3142.500000000001,4255.000000000002,-699.5007324218759,-16.43950017442716
ADBE,2024-03-14,2024-03-07,2024-03-07,2024-03-15,2024-06-12,27.075,20.45,52.55,38.7,0.0,57.540008544921875,1.045,90.625,4752.5,5754.0008544921875,-1001.5008544921875,9125.0,9167.0,42.0,4372.5,-959.5008544921875,-21.943987524120924
ADBE,2024-06-13,2024-06-06,2024-06-06,2024-06-14,2024-09-11,17.875,18.65,37.55,32.175,65.30999755859375,0.0,121.65,0.77,3652.5,6530.999755859375,-2878.499755859375,6972.499999999999,12242.0,5269.500000000001,3319.999999999999,2391.000244140626,72.01807964278996
ADBE,2024-09-12,2024-09-05,2024-09-24,2024-09-13,2024-12-10,20.9,27.025,13.45,57.4,0.0,38.1300048828125,13.7,40.825,4792.5,3813.00048828125,979.49951171875,7084.999999999999,5452.500000000001,-1632.4999999999982,2292.499999999999,-653.0004882812482,-28.48420886723003
ADBE,2024-12-11,2024-12-04,2024-12-27,2024-12-13,2025-03-11,30.125,17.700000000000003,6.6,80.775,0.0,59.30999755859375,0.99,91.975,4782.5,5930.999755859375,-1148.499755859375,8737.5,9296.499999999998,558.9999999999982,3955.0,-589.4997558593768,-14.905177139301562
ADBE,2025-03-12,2025-03-05,2025-03-05,2025-03-14,2025-06-11,21.275,19.475,40.9,32.95,0.0,55.260009765625,4.4,41.0,4075.0,5526.0009765625,-1451.0009765625,7384.999999999999,4540.0,-2844.999999999999,3309.999999999999,-4296.000976562499,-129.78854914086105
ADBE,2025-06-12,2025-06-05,2025-06-05,2025-06-13,2025-09-10,15.675,19.8,34.125,33.25,0.0,28.32000732421875,3.15,72.95,3547.5,2832.000732421875,715.499267578125,6737.5,7610.000000000001,872.5000000000009,3190.0,1587.999267578126,49.780541303389526
ADBE,2025-09-11,2025-09-04,2025-09-04,2025-09-12,2025-12-09,18.325,13.649999999999999,35.85,26.6,9.3599853515625,0.0,16.425,11.825,3197.5,935.99853515625,2261.50146484375,6245.0,2825.0,-3420.0,3047.5,-1158.49853515625,-38.01471813474159
ADBE,2025-12-10,2025-12-03,2025-12-03,2025-12-12,2026-03-11,13.05,16.225,30.1,28.049999999999997,26.42999267578125,0.0,0.655,58.075,2927.5,2642.999267578125,284.500732421875,5815.0,5873.0,58.0,2887.5,342.500732421875,11.861497226731602
AMAT,2016-08-18,2016-08-11,2016-10-24,2016-08-19,2016-11-16,0.39,1.0550000000000002,2.06,0.395,2.1399993896484375,0.0,2.52,0.16999999999999998,144.50000000000003,213.99993896484375,-69.49993896484372,245.5,269.0,23.5,100.99999999999997,-45.99993896484372,-45.54449402459776
AMAT,2017-05-18,2017-05-11,2017-07-24,2017-05-19,2017-08-16,1.53,0.5549999999999999,4.6,0.31,1.5800018310546875,0.0,2.3600000000000003,0.39,208.5,158.00018310546875,50.49981689453125,490.99999999999994,275.00000000000006,-215.9999999999999,282.49999999999994,-165.50018310546864,-58.58413561255528
AMAT,2017-11-16,2017-11-09,2017-12-06,2017-11-17,2018-02-13,2.005,1.52,1.775,5.449999999999999,1.4900016784667969,0.0,0.08499999999999999,5.5,352.5,149.0001678466797,203.4998321533203,722.5,558.5,-164.0,370.0,39.49983215332031,10.675630311708192
AMAT,2018-02-14,2018-02-07,2018-04-23,2018-02-16,2018-05-15,2.4699999999999998,1.205,3.95,1.1749999999999998,7.529998779296875,0.0,6.6,0.07500000000000001,367.5,752.9998779296875,-385.4998779296875,512.5,667.5,155.0,145.0,-230.4998779296875,-158.9654330549569
AMAT,2018-05-17,2018-05-10,2018-05-21,2018-05-18,2018-08-15,2.09,1.525,1.38,6.25,0.0,5.490001678466797,0.02,7.925,361.5,549.0001678466797,-187.5001678466797,763.0,794.4999999999999,31.499999999999886,401.5,-156.0001678466798,-38.85433819344453
AMAT,2018-11-15,2018-11-08,2018-12-19,2018-11-16,2019-02-13,1.1400000000000001,1.19,0.595,4.675000000000001,0.40000152587890625,0.0,5.925,0.035,233.0,40.000152587890625,192.99984741210938,527.0,596.0,69.0,294.0,261.9998474121094,89.11559435786033
AMAT,2019-02-14,2019-02-07,2019-02-19,2019-02-15,2019-05-15,1.38,1.4249999999999998,2.16,2.825,0.0,0.9000015258789062,2.01,0.485,280.5,90.00015258789062,190.49984741210938,498.50000000000006,249.49999999999997,-249.00000000000009,218.00000000000006,-58.50015258789071,-26.834932379766375
AMAT,2019-05-16,2019-05-09,2019-06-24,2019-05-17,2019-08-14,1.995,1.02,3.75,1.28,2.700000762939453,0.0,6.975,0.065,301.5,270.0000762939453,31.499923706054688,503.0,704.0,201.0,201.5,232.4999237060547,115.38457752161524
AMAT,2019-11-14,2019-11-07,2019-12-04,2019-11-15,2020-02-11,1.96,1.005,4.1,2.965,7.060001373291016,0.0,9.525,0.08499999999999999,296.5,706.0001373291016,-409.50013732910156,706.5,961.0000000000001,254.5000000000001,410.0,-155.00013732910145,-37.804911543683275
AMAT,2020-02-12,2020-02-05,2020-03-27,2020-02-14,2020-05-13,1.4,2.565,0.275,20.475,1.8499984741210938,0.0,0.03,13.575,396.5,184.99984741210938,211.50015258789062,2075.0,1360.4999999999998,-714.5000000000002,1678.5,-502.9998474121096,-29.967223557468547
AMAT,2020-05-14,2020-05-07,2020-06-18,2020-05-15,2020-08-12,2.665,1.395,11.524999999999999,1.37,2.0400009155273438,0.0,16.549999999999997,0.055,406.00000000000006,204.00009155273438,201.99990844726568,1289.5,1660.4999999999998,370.9999999999998,883.5,572.9999084472654,64.85567724360672
AMAT,2020-08-13,2020-08-06,2020-09-17,2020-08-14,2020-11-11,1.3599999999999999,2.795,1.45,10.425,2.6200027465820312,0.0,6.625,0.37,415.49999999999994,262.0002746582031,153.49972534179682,1187.5,699.5,-488.0,772.0,-334.5002746582032,-43.32905112152891
AMAT,2020-11-12,2020-11-05,2020-12-17,2020-11-13,2021-02-11,2.075,2.045,18.525,0.9099999999999999,2.80999755859375,0.0,43.6,0.09,412.0,280.999755859375,131.000244140625,1943.4999999999998,4369.000000000001,2425.500000000001,1531.4999999999998,2556.500244140626,166.92786445580322
AMAT,2021-02-18,2021-02-11,2021-03-18,2021-02-19,2021-05-19,2.79,4.65,8.524999999999999,9.2,4.459999084472656,0.0,10.05,0.385,744.0,445.9999084472656,298.0000915527344,1772.4999999999998,1043.5,-728.9999999999998,1028.4999999999998,-430.9999084472654,-41.90567899341424
AMAT,2021-05-20,2021-05-13,2021-05-13,2021-05-21,2021-08-18,4.05,4.125,10.375,10.625,8.660003662109375,0.0,8.225,0.885,817.5000000000001,866.0003662109375,-48.500366210937386,2100.0,911.0,-1189.0,1282.5,-1237.5003662109375,-96.4912566246345
AMAT,2021-08-19,2021-08-12,2021-08-12,2021-08-20,2021-11-17,3.5,4.25,9.625,10.3,0.0,2.8000030517578125,26.0,0.1,775.0,280.00030517578125,494.99969482421875,1992.5,2610.0,617.5,1217.5,1112.4996948242188,91.3757449547613
AMAT,2021-11-18,2021-11-11,2021-11-11,2021-11-19,2022-02-15,3.6,4.725,10.649999999999999,12.025,0.0,4.970001220703125,0.48,15.75,832.4999999999999,497.0001220703125,335.4998779296874,2267.4999999999995,1623.0,-644.4999999999995,1434.9999999999995,-309.00012207031216,-21.533109551938136
AMAT,2022-02-16,2022-02-09,2022-02-09,2022-02-18,2022-05-17,4.325,5.025,12.075,12.8,0.0,11.649993896484375,0.045,28.225,935.0000000000001,1164.9993896484375,-229.9993896484374,2487.5,2827.0000000000005,339.50000000000045,1552.5,109.50061035156307,7.053179410728701
AMAT,2022-05-19,2022-05-12,2022-06-16,2022-05-20,2022-08-17,5.5,3.675,2.4450000000000003,17.925,1.4599990844726562,0.0,3.05,2.07,917.5000000000001,145.99990844726562,771.5000915527345,2037.0,511.99999999999994,-1525.0,1119.5,-753.4999084472655,-67.30682522976915
AMAT,2022-08-18,2022-08-11,2022-08-18,2022-08-19,2022-11-16,3.5250000000000004,3.015,11.2,7.525,0.0,0.37000274658203125,2.5250000000000004,3.25,654.0000000000001,37.000274658203125,616.999725341797,1872.5000000000002,577.5,-1295.0000000000002,1218.5,-678.0002746582032,-55.6422055525813
AMAT,2022-11-17,2022-11-10,2022-11-14,2022-11-18,2023-02-15,3.4749999999999996,3.575,12.475,8.675,0.0,0.3000030517578125,14.55,0.05,705.0,30.00030517578125,674.9996948242188,2115.0,1460.0000000000002,-654.9999999999998,1410.0,19.999694824218977,1.4184180726396438
AMAT,2023-02-16,2023-02-09,2023-03-16,2023-02-17,2023-05-17,4.475,3.3499999999999996,13.875,5.15,0.44000244140625,0.0,10.925,0.15000000000000002,782.4999999999999,44.000244140625,738.4997558593749,1902.4999999999998,1107.5,-794.9999999999998,1120.0,-56.500244140624886,-5.044664655412936
AMAT,2023-05-18,2023-05-11,2023-05-18,2023-05-19,2023-08-16,3.5,2.925,19.725,3.6,11.949996948242188,0.0,23.299999999999997,0.045000000000000005,642.5,1194.9996948242188,-552.4996948242188,2332.5000000000005,2334.5,1.9999999999995453,1690.0000000000005,-550.4996948242192,-32.5739464393029
AMAT,2023-08-17,2023-08-10,2023-08-10,2023-08-18,2023-11-15,4.075,4.275,11.774999999999999,10.475000000000001,0.0,2.339996337890625,10.8,0.32499999999999996,835.0000000000001,233.9996337890625,601.0003662109376,2225.0,1112.5,-1112.5,1390.0,-511.4996337890624,-36.79853480496852
AMAT,2023-11-16,2023-11-09,2023-11-14,2023-11-17,2024-02-14,3.25,4.85,16.75,5.875,3.589996337890625,0.0,41.25,0.075,810.0,358.9996337890625,451.0003662109375,2262.5,4132.5,1870.0,1452.5,2321.0003662109375,159.79348476495267
AMAT,2024-02-15,2024-02-08,2024-02-08,2024-02-16,2024-05-14,4.525,5.375,13.25,12.2,24.57000732421875,0.0,34.825,0.04,990.0,2457.000732421875,-1467.000732421875,2545.0,3486.5,941.5,1555.0,-525.500732421875,-33.79425931973473
AMAT,2024-05-16,2024-05-09,2024-05-31,2024-05-17,2024-08-14,5.525,8.9,17.85,9.875,2.0800018310546875,0.0,2.385,10.75,1442.5,208.00018310546875,1234.4998168945312,2772.5,1313.5,-1459.0,1330.0,-224.50018310546875,-16.87971301544878
AMAT,2024-08-15,2024-08-08,2024-08-08,2024-08-16,2024-11-13,8.125,7.225,20.4,17.425,17.899993896484375,0.0,2.705,9.6,1535.0,1789.9993896484375,-254.9993896484375,3782.5000000000005,1230.5,-2552.0000000000005,2247.5000000000005,-2806.999389648438,-124.8942998731229
AMAT,2024-11-14,2024-11-07,2024-11-07,2024-11-15,2025-02-12,6.25,6.85,17.200000000000003,15.775,0.0,26.1199951171875,1.67,15.425,1310.0,2611.99951171875,-1301.99951171875,3297.5,1709.5,-1588.0,1987.5,-2889.99951171875,-145.40878046383648
AMAT,2025-02-13,2025-02-06,2025-02-07,2025-02-14,2025-05-14,5.675,7.9750000000000005,13.55,17.125,0.0,15.800003051757812,1.35,12.275,1365.0,1580.0003051757812,-215.00030517578125,3067.5,1362.5,-1705.0,1702.5,-1920.0003051757812,-112.77534832163178
AMAT,2025-05-15,2025-05-08,2025-05-08,2025-05-16,2025-08-13,6.125,4.85,15.35,12.55,10.57000732421875,0.0,35.2,0.075,1097.5,1057.000732421875,40.499267578125,2790.0,3527.5000000000005,737.5000000000005,1692.5,777.9992675781255,45.96746041820535
AMAT,2025-08-14,2025-08-07,2025-08-07,2025-08-15,2025-11-12,5.375,7.65,14.649999999999999,14.375,0.0,23.240005493164062,45.775000000000006,0.275,1302.5,2324.0005493164062,-1021.5005493164062,2902.5,4605.0,1702.5,1600.0,680.9994506835938,42.56246566772461
AMAT,2025-11-13,2025-11-06,2025-11-06,2025-11-14,2026-02-11,10.399999999999999,6.5,26.025,20.175,0.0,3.9900054931640625,110.875,0.36,1689.9999999999998,399.00054931640625,1290.9994506835935,4620.0,11123.5,6503.5,2930.0,7794.499450683594,266.0238720369827
AMAT,2026-02-12,2026-02-05,2026-03-31,2026-02-13,2026-04-30,16.9,13.475000000000001,73.875,28.549999999999997,54.910003662109375,0.0,111.35,13.5,3037.5,5491.0003662109375,-2453.5003662109375,10242.5,12485.0,2242.5,7205.0,-211.0003662109375,-2.9285269425529146
AMD,2016-01-19,2016-01-12,2016-03-21,2016-01-22,2016-04-20,0.14,0.27,0.45499999999999996,0.175,0.0,0.48000001907348633,0.32499999999999996,0.14,41.0,48.00000190734863,-7.000001907348633,62.999999999999986,46.5,-16.499999999999986,21.999999999999986,-23.50000190734862,-106.81819048794834
AMD,2016-07-21,2016-07-14,2016-07-14,2016-07-22,2016-10-14,0.43,0.245,0.8049999999999999,0.64,0.8400001525878906,0.0,1.76,0.015,67.5,84.00001525878906,-16.500015258789062,144.49999999999997,177.5,33.00000000000003,76.99999999999997,16.499984741210966,21.428551611962302
AMD,2017-01-31,2017-01-24,2017-03-20,2017-02-03,2017-04-28,0.87,0.43,4.525,0.15000000000000002,2.239999771118164,0.0,3.375,0.055,130.0,223.9999771118164,-93.9999771118164,467.50000000000006,343.0,-124.50000000000006,337.50000000000006,-218.49997711181646,-64.74073395905671
AMD,2017-05-01,2017-04-24,2017-05-22,2017-05-05,2017-07-24,0.74,0.63,0.6000000000000001,2.5250000000000004,0.0,2.810000419616699,1.7850000000000001,0.62,137.0,281.0000419616699,-144.00004196166992,312.50000000000006,240.50000000000003,-72.00000000000003,175.50000000000006,-216.00004196166995,-123.07694698670647
AMD,2017-07-25,2017-07-18,2017-08-22,2017-07-28,2017-10-23,1.15,0.66,0.985,1.7650000000000001,0.9499998092651367,0.0,1.525,0.41500000000000004,181.0,94.99998092651367,86.00001907348633,275.0,194.0,-81.0,94.0,5.000019073486328,5.3191692271131155
AMD,2017-10-24,2017-10-17,2017-12-18,2017-10-27,2018-01-29,0.83,0.66,0.19,3.175,0.0,2.1599998474121094,0.645,1.31,149.0,215.99998474121094,-66.99998474121094,336.5,195.5,-141.0,187.5,-207.99998474121094,-110.93332519531249
AMD,2018-01-30,2018-01-23,2018-02-14,2018-02-02,2018-04-24,0.66,0.72,0.9550000000000001,1.68,0.0,0.5500001907348633,0.08499999999999999,2.975,138.0,55.00001907348633,82.99998092651367,263.5,306.0,42.5,125.5,125.49998092651367,99.99998480200293
AMD,2018-04-25,2018-04-18,2018-05-04,2018-04-27,2018-07-24,0.725,0.33999999999999997,1.835,0.5,1.109999656677246,0.0,6.2,0.02,106.5,110.99996566772461,-4.499965667724609,233.5,622.0,388.5,127.0,384.0000343322754,302.36223175769715
AMD,2018-07-25,2018-07-18,2018-08-23,2018-07-27,2018-10-23,0.81,0.96,5.675,0.36,1.9400005340576172,0.0,8.325,0.19,177.0,194.00005340576172,-17.00005340576172,603.5,851.4999999999999,247.9999999999999,426.5,230.99994659423817,54.1617694242059
AMD,2018-10-24,2018-10-17,2019-01-22,2018-10-26,2019-01-28,1.9449999999999998,2.11,0.085,7.825,0.0,9.870000839233398,0.08,7.4,405.5,987.0000839233398,-581.5000839233398,791.0,748.0,-43.0,385.5,-624.5000839233398,-161.99742773627491
AMD,2019-01-29,2019-01-22,2019-02-19,2019-02-01,2019-04-29,1.31,1.52,5.1,0.985,4.510000228881836,0.0,7.8,0.055,283.0,451.0000228881836,-168.0000228881836,608.5,785.5,177.0,325.5,8.999977111816406,2.7649699268253167
AMD,2019-04-30,2019-04-23,2019-07-22,2019-05-03,2019-07-29,1.935,1.45,5.7,0.3,0.7199993133544922,0.0,6.199999999999999,0.175,338.5,71.99993133544922,266.5000686645508,600.0,637.4999999999999,37.499999999999886,261.5,304.00006866455067,116.25241631531573
AMD,2019-07-30,2019-07-23,2019-10-21,2019-08-02,2019-10-28,2.355,1.335,1.75,2.16,0.0,3.059999465942383,2.635,1.4,369.0,305.9999465942383,63.00005340576172,391.0,403.5,12.5,22.0,75.50005340576172,343.1820609352805
AMD,2020-01-28,2020-01-21,2020-01-21,2020-01-31,2020-04-27,3.075,1.9849999999999999,6.45,5.075,0.0,3.0,7.6,1.115,506.00000000000006,300.0,206.00000000000006,1152.5,871.5,-281.0,646.5,-74.99999999999994,-11.600928074245932
AMD,2020-04-28,2020-04-21,2020-06-18,2020-05-01,2020-07-27,2.54,4.6,4.75,5.65,0.0,5.119998931884766,14.5,0.515,714.0,511.99989318847656,202.00010681152344,1040.0,1501.5,461.5,326.0,663.5001068115234,203.52764012623416
AMD,2020-07-28,2020-07-21,2020-08-03,2020-07-31,2020-10-26,3.8499999999999996,1.8599999999999999,24.425,1.665,22.43000030517578,0.0,27.325,0.15,570.9999999999999,2243.000030517578,-1672.0000305175781,2609.0,2747.5,138.5,2038.0,-1533.5000305175781,-75.24534006465055
AMD,2020-10-27,2020-10-20,2020-11-06,2020-10-30,2021-01-25,4.85,3.2249999999999996,12.075,6.15,0.0,4.709999084472656,15.15,0.9,807.4999999999999,470.9999084472656,336.50009155273426,1822.5000000000002,1605.0,-217.50000000000023,1015.0000000000003,119.00009155273403,11.724146951008276
AMD,2021-01-26,2021-01-19,2021-02-25,2021-01-29,2021-04-26,3.825,4.35,5.425000000000001,12.8,0.0,4.3600006103515625,2.565,7.075,817.5000000000001,436.00006103515625,381.49993896484386,1822.5000000000002,964.0,-858.5000000000002,1005.0000000000001,-477.00006103515636,-47.46269264031406
AMD,2021-04-27,2021-04-20,2021-04-20,2021-04-30,2021-07-26,2.8499999999999996,3.55,7.4,7.925000000000001,1.6200027465820312,0.0,12.475,0.525,640.0,162.00027465820312,477.9997253417969,1532.5,1300.0,-232.5,892.5,245.49972534179688,27.506972027092086
AMD,2021-07-27,2021-07-20,2021-07-20,2021-07-30,2021-10-25,4.1,1.95,8.7,6.425000000000001,21.19000244140625,0.0,37.650000000000006,0.095,605.0,2119.000244140625,-1514.000244140625,1512.5,3774.5000000000005,2262.0000000000005,907.5,747.9997558593755,82.42421552169426
AMD,2021-10-26,2021-10-19,2021-10-19,2021-10-29,2022-01-31,4.625,3.275,11.825,10.274999999999999,5.230003356933594,0.0,6.4,7.1,790.0,523.0003356933594,266.9996643066406,2210.0,1350.0,-860.0,1420.0,-593.0003356933594,-41.76058702065911
AMD,2022-02-01,2022-01-25,2022-01-25,2022-02-04,2022-05-02,7.550000000000001,6.725,15.225,13.399999999999999,13.599998474121094,0.0,0.72,20.775,1427.5,1359.9998474121094,67.50015258789062,2862.5,2149.4999999999995,-713.0000000000005,1435.0,-645.4998474121098,-44.98256776391009
AMD,2022-05-03,2022-04-26,2022-04-26,2022-05-06,2022-08-01,5.575,5.325,11.475000000000001,10.925,10.339996337890625,0.0,13.125,1.22,1090.0,1033.9996337890625,56.0003662109375,2240.0,1434.5,-805.5,1150.0,-749.4996337890625,-65.1738811990489
AMD,2022-08-02,2022-07-26,2022-07-26,2022-08-05,2022-10-31,4.3,4.0,10.925,9.899999999999999,17.30999755859375,0.0,0.065,24.950000000000003,830.0000000000001,1730.999755859375,-900.9997558593749,2082.5,2501.5000000000005,419.00000000000045,1252.5,-481.99975585937443,-38.48301443987022
AMD,2022-11-01,2022-10-25,2022-11-14,2022-11-04,2023-01-30,3.775,2.24,17.15,2.84,2.1899986267089844,0.0,13.05,0.45999999999999996,601.5,218.99986267089844,382.50013732910156,1998.9999999999998,1351.0000000000002,-647.9999999999995,1397.4999999999998,-265.499862670898,-18.998201264464974
AMD,2023-01-31,2023-01-24,2023-03-08,2023-02-03,2023-05-01,3.4000000000000004,3.55,14.2,3.0,11.089996337890625,0.0,15.399999999999999,0.51,695.0,1108.9996337890625,-413.9996337890625,1720.0,1590.9999999999998,-129.00000000000023,1025.0,-542.9996337890627,-52.975574028201244
AMD,2023-05-02,2023-04-25,2023-04-25,2023-05-05,2023-07-31,3.175,4.25,8.774999999999999,8.675,4.839996337890625,0.0,29.875,0.13,742.5,483.9996337890625,258.5003662109375,1745.0,3000.5,1255.5,1002.5,1514.0003662109375,151.02248042004365
AMD,2023-08-01,2023-07-25,2023-07-25,2023-08-04,2023-10-30,4.25,6.025,11.725000000000001,11.774999999999999,0.8199996948242188,0.0,0.515,19.2,1027.5,81.99996948242188,945.5000305175781,2350.0,1971.5,-378.5,1322.5,567.0000305175781,42.87334824329513
AMD,2023-10-31,2023-10-24,2023-10-24,2023-11-03,2024-01-29,5.55,3.7,12.75,9.350000000000001,12.25,0.0,77.975,0.03,925.0,1225.0,-300.0,2210.0,7800.5,5590.5,1285.0,5290.5,411.7120622568093
AMD,2024-01-30,2024-01-23,2024-01-23,2024-02-02,2024-04-29,6.75,8.075,17.575,16.375,7.660003662109375,0.0,5.1,14.4,1482.5,766.0003662109375,716.4996337890625,3395.0000000000005,1950.0,-1445.0000000000005,1912.5000000000005,-728.500366210938,-38.09152241625819
AMD,2024-04-30,2024-04-23,2024-04-23,2024-05-03,2024-07-29,8.274999999999999,5.7,18.65,13.774999999999999,0.600006103515625,0.0,4.0,13.9,1397.4999999999998,60.0006103515625,1337.4993896484373,3242.4999999999995,1789.9999999999998,-1452.4999999999998,1844.9999999999998,-115.0006103515625,-6.233095412008809
AMD,2024-07-30,2024-07-23,2024-07-23,2024-08-02,2024-10-28,6.825,7.449999999999999,17.65,15.85,0.0,22.5,11.4,6.15,1427.4999999999998,2250.0,-822.5000000000002,3350.0,1755.0,-1595.0,1922.5000000000002,-2417.5,-125.74772431729517
AMD,2024-10-29,2024-10-22,2024-10-22,2024-11-01,2025-02-03,6.25,6.925,17.375,15.75,0.0,13.139999389648438,0.24,40.849999999999994,1317.5,1313.9999389648438,3.50006103515625,3312.5,4109.0,796.5,1995.0,800.0000610351562,40.100253685972746
AMD,2025-02-04,2025-01-28,2025-01-28,2025-02-07,2025-05-05,5.45,6.1,12.125,11.475,0.0,7.44000244140625,1.0150000000000001,15.375,1155.0,744.000244140625,410.999755859375,2360.0,1639.0,-721.0,1205.0,-310.000244140625,-25.726161339470956
AMD,2025-05-06,2025-04-29,2025-04-29,2025-05-09,2025-08-04,5.5,4.325,11.825,9.5,7.839996337890625,0.0,81.9,0.02,982.4999999999999,783.9996337890625,198.5003662109374,2132.5,8192.0,6059.5,1150.0,6258.0003662109375,544.1739448879076
AMD,2025-08-05,2025-07-29,2025-07-29,2025-08-08,2025-11-03,10.0,7.35,21.825000000000003,16.75,0.0,2.2400054931640625,85.55,0.47,1735.0000000000002,224.00054931640625,1510.999450683594,3857.5000000000005,8602.0,4744.5,2122.5,6255.499450683594,294.72317788850853
AMD,2025-11-04,2025-10-28,2025-10-28,2025-11-07,2026-02-02,12.7,14.4,35.0,33.325,0.0,26.460006713867188,8.825,22.15,2710.0,2646.0006713867188,63.99932861328125,6832.5,3097.5,-3735.0,4122.5,-3671.0006713867188,-89.04792410883489
AMD,2026-02-03,2026-01-27,2026-01-27,2026-02-06,2026-04-30,12.975000000000001,10.65,45.45,38.05,0.0,41.55999755859375,117.075,9.899999999999999,2362.5,4155.999755859375,-1793.499755859375,8350.0,12697.5,4347.5,5987.5,2554.000244140625,42.65553643658664
AMGN,2016-01-28,2016-01-21,2016-02-23,2016-01-29,2016-04-27,2.8899999999999997,5.075,4.85,13.225,0.0,2.2700042724609375,7.725,2.225,796.5,227.00042724609375,569.4995727539062,1807.5,994.9999999999999,-812.5000000000001,1011.0,-243.00042724609386,-24.035650568357454
AMGN,2016-04-28,2016-04-21,2016-06-20,2016-04-29,2016-07-26,2.5700000000000003,3.175,0.885,15.399999999999999,0.0,6.6999969482421875,5.025,2.855,574.5,669.9996948242188,-95.49969482421875,1628.5,788.0000000000001,-840.4999999999999,1054.0,-935.9996948242186,-88.80452512563744
AMGN,2016-07-27,2016-07-20,2016-09-19,2016-07-29,2016-10-26,1.845,3.5250000000000004,10.075,3.9749999999999996,7.029998779296875,0.0,1.37,8.225,537.0,702.9998779296875,-165.9998779296875,1405.0,959.4999999999999,-445.5000000000001,868.0,-611.4998779296876,-70.44929469236033
AMGN,2016-10-27,2016-10-20,2016-12-06,2016-10-28,2017-02-01,3.925,2.415,1.27,17.1,0.0,14.82000732421875,3.475,4.75,634.0,1482.000732421875,-848.000732421875,1837.0,822.5,-1014.5,1203.0,-1862.500732421875,-154.8213410159497
AMGN,2017-02-02,2017-01-26,2017-03-20,2017-02-03,2017-04-25,2.18,4.199999999999999,15.7,1.6600000000000001,12.529998779296875,0.0,10.3,0.885,637.9999999999999,1252.9998779296875,-614.9998779296876,1736.0,1118.5,-617.5,1098.0,-1232.4998779296875,-112.249533509079
AMGN,2017-04-26,2017-04-19,2017-06-19,2017-04-28,2017-07-24,3.825,2.48,8.100000000000001,3.2249999999999996,3.32000732421875,0.0,21.45,0.315,630.5,332.000732421875,298.499267578125,1132.5,2176.5,1044.0,502.0,1342.499267578125,267.43013298369027
AMGN,2017-07-25,2017-07-18,2017-08-18,2017-07-28,2017-10-24,4.5,2.045,3.525,11.425,0.0,0.4600067138671875,7.55,2.585,654.5,46.00067138671875,608.4993286132812,1495.0,1013.5,-481.5,840.5,126.99932861328125,15.109973660116745
AMGN,2017-10-25,2017-10-18,2017-10-18,2017-10-27,2018-01-31,4.05,2.785,9.475,9.05,0.0,9.720001220703125,5.45,4.925000000000001,683.5,972.0001220703125,-288.5001220703125,1852.4999999999998,1037.5,-814.9999999999998,1168.9999999999998,-1103.5001220703123,-94.3969308871097
AMGN,2018-02-01,2018-01-25,2018-03-05,2018-02-02,2018-04-23,3.325,3.125,9.075,8.975,0.0,2.9900054931640625,0.565,17.025,645.0,299.00054931640625,345.99945068359375,1804.9999999999998,1759.0,-45.99999999999977,1159.9999999999998,299.999450683594,25.862021610654658
AMGN,2018-04-24,2018-04-17,2018-05-21,2018-04-27,2018-07-25,3.5999999999999996,3.55,8.675,6.875,2.4600067138671875,0.0,18.5,0.43,715.0,246.00067138671875,468.99932861328125,1555.0,1893.0,338.0,840.0,806.9993286132812,96.07134864443825
AMGN,2018-07-26,2018-07-19,2018-09-24,2018-07-27,2018-10-29,4.425,2.585,19.175,1.5550000000000002,2.44000244140625,0.0,5.575,8.0,701.0,244.000244140625,456.999755859375,2073.0,1357.5,-715.5,1372.0,-258.500244140625,-18.841125666226315
AMGN,2018-10-30,2018-10-23,2018-11-21,2018-11-02,2019-01-28,3.5250000000000004,5.775,6.8,13.575,0.0,12.94000244140625,1.49,10.625,930.0000000000001,1294.000244140625,-364.0002441406249,2037.5,1211.5,-826.0,1107.5,-1190.000244140625,-107.44923197658014
AMGN,2019-01-29,2019-01-22,2019-02-19,2019-02-01,2019-04-29,5.324999999999999,3.5,2.91,16.025,0.0,12.92999267578125,0.13,20.25,882.4999999999999,1292.999267578125,-410.4992675781251,1893.4999999999998,2038.0,144.50000000000023,1010.9999999999999,-265.9992675781249,-26.310511135323928
AMGN,2019-04-30,2019-04-23,2019-04-23,2019-05-03,2019-07-29,3.85,3.9,9.2,10.45,0.0,2.69000244140625,2.42,7.05,775.0,269.000244140625,505.999755859375,1964.9999999999998,946.9999999999999,-1017.9999999999999,1189.9999999999998,-512.0002441406249,-43.025230600052524
AMGN,2019-07-30,2019-07-23,2019-09-23,2019-08-02,2019-10-28,4.324999999999999,3.1950000000000003,24.725,1.445,12.220001220703125,0.0,30.1,0.115,752.0,1222.0001220703125,-470.0001220703125,2617.0,3021.5,404.5,1865.0,-65.5001220703125,-3.5120708884886063
AMGN,2019-10-29,2019-10-22,2019-12-23,2019-11-01,2020-01-29,6.800000000000001,1.8250000000000002,43.975,0.665,17.949996948242188,0.0,27.875,0.475,862.5,1794.9996948242188,-932.4996948242188,4464.0,2835.0,-1629.0,3601.5,-2561.4996948242188,-71.12313466123055
AMGN,2020-01-30,2020-01-23,2020-01-23,2020-01-31,2020-04-29,1.8199999999999998,6.725,7.7,14.175,0.0,23.949996948242188,4.15,9.399999999999999,854.5,2394.9996948242188,-1540.4996948242188,2187.5,1355.0,-832.5,1333.0,-2372.9996948242188,-178.019481982312
AMGN,2020-04-30,2020-04-23,2020-06-18,2020-05-01,2020-07-27,7.875,5.175,12.25,12.7,0.9799957275390625,0.0,24.7,1.2850000000000001,1305.0,97.99957275390625,1207.0004272460938,2495.0,2598.5,103.5,1190.0,1310.5004272460938,110.12608632320115
AMGN,2020-07-28,2020-07-21,2020-09-17,2020-07-31,2020-10-27,5.725,7.4,8.225000000000001,21.425,0.0,15.330001831054688,0.355,38.474999999999994,1312.5,1533.0001831054688,-220.50018310546875,2965.0,3882.999999999999,917.9999999999991,1652.5,697.4998168945303,42.20876350345116
AMGN,2020-10-28,2020-10-21,2020-12-17,2020-10-30,2021-02-01,4.375,5.325,10.2,10.025,0.0,13.05999755859375,13.475,3.455,969.9999999999999,1305.999755859375,-335.9997558593751,2022.5000000000002,1693.0,-329.5000000000002,1052.5000000000005,-665.4997558593753,-63.23038060421615
AMGN,2021-02-02,2021-01-26,2021-03-18,2021-02-05,2021-04-26,4.65,5.9,4.35,21.125,0.0,23.67999267578125,3.6,9.55,1055.0,2367.999267578125,-1312.999267578125,2547.5,1315.0,-1232.5,1492.5,-2545.499267578125,-170.552714745603
AMGN,2021-04-27,2021-04-20,2021-06-17,2021-04-30,2021-08-02,4.475,5.775,1.835,21.875,0.0,20.360000610351562,0.305,22.05,1025.0,2036.0000610351562,-1011.0000610351562,2371.0,2235.5,-135.5,1346.0,-1146.5000610351562,-85.17831062668323
AMGN,2021-08-03,2021-07-27,2021-09-08,2021-08-06,2021-11-01,7.550000000000001,2.945,2.43,23.175,0.0,9.850006103515625,0.13,32.125,1049.5,985.0006103515625,64.4993896484375,2560.5,3225.5000000000005,665.0000000000005,1511.0,729.499389648438,48.27924484767955
AMGN,2021-11-02,2021-10-26,2021-12-16,2021-11-05,2022-02-04,3.055,4.8,17.6,5.6,3.7700042724609375,0.0,13.7,1.985,785.5,377.00042724609375,408.49957275390625,2320.0000000000005,1568.4999999999998,-751.5000000000007,1534.5000000000005,-343.00042724609443,-22.352585679119866
AMGN,2022-02-07,2022-01-31,2022-03-17,2022-02-11,2022-04-26,3.625,6.275,12.45,7.575,0.0,1.8000030517578125,22.424999999999997,2.225,990.0,180.00030517578125,809.9996948242188,2002.4999999999998,2465.0,462.5000000000002,1012.4999999999998,1272.499694824219,125.67898220486116
AMGN,2022-04-27,2022-04-20,2022-06-16,2022-04-29,2022-08-03,2.585,6.975,1.495,32.325,0.0,26.80999755859375,1.19,14.75,955.9999999999999,2680.999755859375,-1724.999755859375,3382.0,1594.0,-1788.0,2426.0,-3512.999755859375,-144.80625539403854
AMGN,2022-08-04,2022-07-28,2022-07-28,2022-08-05,2022-11-02,4.55,4.65,12.45,13.75,0.0,3.75,21.05,1.73,919.9999999999999,375.0,544.9999999999999,2620.0,2278.0,-342.0,1700.0,202.9999999999999,11.941176470588228
AMGN,2022-11-03,2022-10-27,2022-10-27,2022-11-04,2023-01-30,4.35,6.975,13.975,16.55,0.0,0.959991455078125,0.71,20.799999999999997,1132.5,95.9991455078125,1036.5008544921875,3052.5,2151.0,-901.5,1920.0,135.0008544921875,7.031294504801432
AMGN,2023-01-31,2023-01-24,2023-03-16,2023-02-03,2023-04-26,5.225,5.15,1.46,26.625,0.0,14.830001831054688,0.3,22.825,1037.5,1483.0001831054688,-445.50018310546875,2808.5,2312.5,-496.0,1771.0,-941.5001831054688,-53.16206567506882
AMGN,2023-04-27,2023-04-20,2023-06-15,2023-04-28,2023-08-02,6.225,2.67,3.4,14.2,0.0,0.2599945068359375,1.35,12.25,889.5,25.99945068359375,863.5005493164062,1759.9999999999998,1360.0,-399.9999999999998,870.4999999999998,463.5005493164065,53.24532444760558
AMGN,2023-08-03,2023-07-27,2023-09-14,2023-08-04,2023-10-30,2.495,6.125,25.775,2.045,3.279998779296875,0.0,24.675,1.1749999999999998,862.0000000000001,327.9998779296875,534.0001220703126,2782.0,2585.0,-197.0,1920.0,337.0001220703126,17.552089691162116
AMGN,2023-10-31,2023-10-24,2023-10-24,2023-11-03,2024-02-05,3.75,7.1,13.575,15.8,0.0,10.1400146484375,43.175,0.5449999999999999,1085.0,1014.00146484375,70.99853515625,2937.5,4372.0,1434.5,1852.5,1505.49853515625,81.26847693151147
AMGN,2024-02-06,2024-01-30,2024-02-22,2024-02-09,2024-05-01,10.05,4.775,4.5,26.925,0.0,18.8800048828125,0.5449999999999999,34.375,1482.5,1888.00048828125,-405.50048828125,3142.5,3492.0,349.5,1660.0,-56.00048828125,-3.3735233904367474
AMGN,2024-05-02,2024-04-25,2024-04-25,2024-05-03,2024-08-05,6.675,6.925,17.125,16.5,41.290008544921875,0.0,56.325,1.415,1360.0,4129.0008544921875,-2769.0008544921875,3362.5,5774.0,2411.5,2002.5,-357.5008544921875,-17.852726816089262
AMGN,2024-08-06,2024-07-30,2024-08-21,2024-08-09,2024-10-29,11.05,7.25,19.450000000000003,18.1,0.0,7.510009765625,7.075,20.35,1830.0,751.0009765625,1078.9990234375,3755.0000000000005,2742.5,-1012.5000000000005,1925.0000000000005,66.49902343749955,3.45449472402595
AMGN,2024-10-30,2024-10-23,2024-11-13,2024-11-01,2025-02-03,12.45,7.05,18.175,25.875,9.220001220703125,0.0,1.185,24.025,1950.0,922.0001220703125,1027.9998779296875,4405.0,2520.9999999999995,-1884.0000000000005,2455.0,-856.000122070313,-34.86762208025715
AMGN,2025-02-04,2025-01-28,2025-01-28,2025-02-07,2025-04-30,7.375,6.2,16.025,14.55,13.540008544921875,0.0,15.55,4.85,1357.5,1354.0008544921875,3.4991455078125,3057.5,2039.9999999999998,-1017.5000000000002,1700.0,-1014.0008544921877,-59.64710908777575
AMGN,2025-05-01,2025-04-24,2025-04-24,2025-05-02,2025-08-04,7.275,7.175000000000001,20.25,19.675,1.220001220703125,0.0,23.75,1.23,1445.0,122.0001220703125,1322.9998779296875,3992.4999999999995,2498.0,-1494.4999999999995,2547.4999999999995,-171.50012207031205,-6.732095076361612
AMGN,2025-08-05,2025-07-29,2025-08-12,2025-08-08,2025-11-03,8.975,4.9,8.7,23.575000000000003,0.0,11.769989013671875,6.949999999999999,11.85,1387.5,1176.9989013671875,210.5010986328125,3227.5000000000005,1879.9999999999998,-1347.5000000000007,1840.0000000000005,-1136.9989013671882,-61.79341855256456
AMGN,2025-11-04,2025-10-28,2025-11-05,2025-11-07,2026-02-02,8.675,7.225,36.75,7.1,30.20001220703125,0.0,55.225,0.375,1590.0,3020.001220703125,-1430.001220703125,4385.0,5560.0,1175.0,2795.0,-255.001220703125,-9.123478379360465
AMZN,2016-01-28,2016-01-21,2016-01-25,2016-01-29,2016-04-27,27.275,27.5,67.25,43.875,12.000007629394531,0.0,46.6,14.75,5477.5,1200.0007629394531,4277.499237060547,11112.5,6135.0,-4977.5,5635.0,-700.0007629394531,-12.422373787745396
AMZN,2016-04-28,2016-04-21,2016-05-03,2016-04-29,2016-07-27,28.975,22.9,73.69999999999999,25.95,34.589996337890625,0.0,113.575,1.895,5187.5,3458.9996337890625,1728.5003662109375,9965.0,11547.0,1582.0,4777.5,3310.5003662109375,69.29357124460361
AMZN,2016-07-28,2016-07-21,2016-07-21,2016-07-29,2016-10-26,25.375,31.0,51.425,55.525000000000006,8.809967041015625,0.0,80.05,7.4,5637.5,880.9967041015625,4756.5032958984375,10695.0,8745.0,-1950.0,5057.5,2806.5032958984375,55.491908964872714
AMZN,2016-10-27,2016-10-20,2016-10-20,2016-10-28,2017-02-01,33.125,22.5,63.675,50.5,0.0,23.679962158203125,44.95,12.225000000000001,5562.5,2367.9962158203125,3194.5037841796875,11417.5,5717.5,-5700.0,5855.0,-2505.4962158203125,-42.792420423916525
AMZN,2017-02-02,2017-01-26,2017-02-21,2017-02-03,2017-04-26,17.975,28.674999999999997,43.900000000000006,35.45,0.0,39.80003356933594,66.025,6.050000000000001,4665.0,3980.0033569335938,684.9966430664062,7935.000000000001,7207.5,-727.5000000000009,3270.000000000001,-42.50335693359466,-1.2997968481221605
AMZN,2017-04-27,2017-04-20,2017-05-01,2017-04-28,2017-07-26,20.925,18.15,76.925,23.9,24.990005493164062,0.0,154.5,1.0499999999999998,3907.5000000000005,2499.0005493164062,1408.4994506835942,10082.499999999998,15555.000000000002,5472.500000000004,6174.999999999998,6880.999450683597,111.43318948475465
AMZN,2017-07-27,2017-07-20,2017-07-20,2017-07-28,2017-10-25,14.775,35.400000000000006,52.7,68.57499999999999,0.0,29.96002197265625,5.4,81.675,5017.5,2996.002197265625,2021.497802734375,12127.5,8707.5,-3420.0,7110.0,-1398.502197265625,-19.66951051006505
AMZN,2017-10-26,2017-10-19,2017-10-24,2017-10-27,2018-01-25,30.025,18.375,58.7,52.349999999999994,125.95001220703125,0.0,404.5,0.56,4840.0,12595.001220703125,-7755.001220703125,11105.0,40506.0,29401.0,6265.0,21645.998779296875,345.50676423458697
AMZN,2018-02-01,2018-01-25,2018-02-16,2018-02-02,2018-04-25,37.025,58.875,124.875,68.65,29.949951171875,0.0,99.7,35.625,9590.0,2994.9951171875,6595.0048828125,19352.5,13532.499999999998,-5820.000000000002,9762.5,775.0048828124982,7.9385903489116325
AMZN,2018-04-26,2018-04-19,2018-04-24,2018-04-27,2018-07-25,57.125,49.075,81.65,158.925,22.61993408203125,0.0,318.2,1.6400000000000001,10620.0,2261.993408203125,8358.006591796875,24057.5,31983.999999999996,7926.499999999996,13437.5,16284.506591796871,121.18702579941858
AMZN,2018-07-26,2018-07-19,2018-07-19,2018-07-27,2018-10-24,58.075,43.6,139.75,111.075,17.270050048828125,0.0,38.05,174.725,10167.500000000002,1727.0050048828125,8440.49499511719,25082.5,21277.499999999996,-3805.0000000000036,14914.999999999998,4635.494995117186,31.079416661865146
AMZN,2018-10-25,2018-10-18,2018-10-18,2018-10-26,2019-01-30,79.1,56.7,170.75,131.5,0.0,107.18994140625,28.45,105.825,13580.000000000002,10718.994140625,2861.005859375002,30225.0,13427.5,-16797.5,16645.0,-13936.494140624998,-83.72781099804745
AMZN,2019-01-31,2019-01-24,2019-02-12,2019-02-01,2019-04-24,58.8,53.5,99.30000000000001,98.6,0.0,23.769989013671875,257.5,2.655,11230.0,2376.9989013671875,8853.001098632812,19790.0,26015.499999999996,6225.499999999996,8560.0,15078.501098632809,176.15071376907488
AMZN,2019-04-25,2019-04-18,2019-05-01,2019-04-26,2019-07-24,46.675,34.224999999999994,145.27499999999998,68.9,100.63003540039062,0.0,163.175,9.399999999999999,8089.999999999999,10063.003540039062,-1973.0035400390634,21417.5,17257.5,-4160.0,13327.5,-6133.003540039063,-46.017659276226325
AMZN,2019-07-25,2019-07-18,2019-07-18,2019-07-26,2019-10-23,34.275,54.9,114.675,123.65,0.0,56.9500732421875,2.1849999999999996,238.35,8917.5,5695.00732421875,3222.49267578125,23832.5,24053.5,221.0,14915.0,3443.49267578125,23.087446703193095
AMZN,2019-10-24,2019-10-17,2019-10-28,2019-10-25,2020-01-29,32.675,43.925,87.125,98.575,0.0,38.6700439453125,87.0,26.825000000000003,7659.999999999999,3867.00439453125,3792.995605468749,18570.0,11382.5,-7187.5,10910.0,-3394.504394531251,-31.113697475080208
AMZN,2020-01-30,2020-01-23,2020-02-12,2020-01-31,2020-04-29,36.650000000000006,51.65,294.175,25.025,108.71994018554688,0.0,472.675,2.225,8830.000000000002,10871.994018554688,-2041.9940185546857,31920.0,47490.0,15570.0,23090.0,13528.005981445314,58.588159295995304
AMZN,2020-04-30,2020-04-23,2020-04-23,2020-05-01,2020-07-29,91.45,92.225,226.9,224.425,0.0,113.9599609375,635.625,3.55,18367.5,11395.99609375,6971.50390625,45132.50000000001,63917.49999999999,18784.999999999985,26765.000000000007,25756.503906249985,96.23203402297769
AMZN,2020-07-30,2020-07-23,2020-07-23,2020-07-31,2020-10-28,113.05,128.47500000000002,293.825,303.35,164.67987060546875,0.0,272.5,104.575,24152.500000000004,16467.987060546875,7684.512939453129,59717.49999999999,37707.5,-22009.999999999993,35564.999999999985,-14325.487060546864,-40.27973305369568
AMZN,2020-10-29,2020-10-22,2020-10-22,2020-10-30,2021-02-01,106.5,129.825,325.775,344.975,0.0,163.85009765625,208.9,65.44999999999999,23632.5,16385.009765625,7247.490234375,67075.0,27435.000000000004,-39640.0,43442.5,-32392.509765625,-74.56410143436727
AMZN,2021-02-02,2021-01-26,2021-01-26,2021-02-05,2021-04-28,127.80000000000001,100.525,296.275,264.67499999999995,52.14996337890625,0.0,207.625,47.25,22832.5,5214.996337890625,17617.503662109375,56094.99999999999,25487.5,-30607.499999999993,33262.49999999999,-12989.996337890618,-39.05297658892332
AMZN,2021-04-29,2021-04-22,2021-04-22,2021-04-30,2021-07-28,87.05,78.55,231.0,214.75,167.4200439453125,0.0,348.65,16.450000000000003,16560.0,16742.00439453125,-182.00439453125,44575.0,36510.0,-8065.0,28015.0,-8247.00439453125,-29.43781686429145
AMZN,2021-07-29,2021-07-22,2021-07-22,2021-07-30,2021-10-27,105.225,66.675,253.825,208.05,0.0,272.40997314453125,29.775,235.175,17189.999999999996,27240.997314453125,-10050.997314453129,46187.5,26495.0,-19692.5,28997.500000000004,-29743.49731445313,-102.57262631072722
AMZN,2021-10-28,2021-10-21,2021-10-21,2021-10-29,2022-02-02,88.55,53.5,223.875,180.475,0.0,27.56988525390625,14.6,402.5,14205.000000000002,2756.988525390625,11448.011474609377,40435.0,41710.0,1275.0,26230.0,12723.011474609377,48.505571767477605
AMZN,2022-02-03,2022-01-27,2022-01-27,2022-02-04,2022-04-27,91.05000000000001,96.075,225.2,224.02499999999998,352.7899169921875,0.0,125.95,162.325,18712.5,35278.99169921875,-16566.49169921875,44922.5,28827.499999999996,-16095.000000000004,26210.0,-32661.491699218754,-124.61461922632107
AMZN,2022-07-28,2022-07-21,2022-07-21,2022-07-29,2022-10-26,4.25,4.6,11.975,11.225000000000001,9.949996948242188,0.0,2.8200000000000003,11.925,885.0,994.9996948242188,-109.99969482421875,2320.0000000000005,1474.5,-845.5000000000005,1435.0000000000005,-955.4996948242192,-66.58534458705358
AMZN,2022-10-27,2022-10-20,2022-10-20,2022-10-28,2023-02-01,4.925,4.575,13.2,11.35,0.0,11.589996337890625,1.69,11.25,950.0,1158.9996337890625,-208.9996337890625,2454.9999999999995,1294.0,-1160.9999999999995,1504.9999999999995,-1369.999633789062,-91.02987599927326
AMZN,2023-02-02,2023-01-26,2023-02-06,2023-02-03,2023-04-26,3.875,4.6,10.25,6.800000000000001,3.3899993896484375,0.0,8.2,2.855,847.5,338.99993896484375,508.50006103515625,1705.0,1105.5,-599.5,857.5,-90.99993896484375,-10.612237780156706
AMZN,2023-04-27,2023-04-20,2023-04-20,2023-04-28,2023-08-02,3.3,4.325,9.125,8.65,0.4499969482421875,0.0,23.75,0.27,762.5,44.99969482421875,717.5003051757812,1777.4999999999998,2402.0,624.5000000000002,1014.9999999999998,1342.0003051757815,132.2167788350524
AMZN,2023-08-03,2023-07-27,2023-07-27,2023-08-04,2023-10-25,3.9000000000000004,5.45,10.3,9.925,9.57000732421875,0.0,3.0999999999999996,11.3,935.0000000000001,957.000732421875,-22.000732421874886,2022.5000000000002,1440.0,-582.5000000000002,1087.5,-604.5007324218751,-55.58627424568967
AMZN,2023-10-26,2023-10-19,2023-10-19,2023-10-27,2024-01-31,4.05,5.525,11.45,10.725000000000001,0.0,2.2600021362304688,25.825,0.29000000000000004,957.4999999999999,226.00021362304688,731.499786376953,2217.5,2611.5,394.0,1260.0,1125.4997863769531,89.32537987118675
AMZN,2024-02-01,2024-01-25,2024-01-25,2024-02-02,2024-04-29,4.4,6.4,11.2,10.925,11.80999755859375,0.0,23.0,1.5,1080.0,1180.999755859375,-100.999755859375,2212.5,2450.0,237.5,1132.5,136.500244140625,12.053001690121414
AMZN,2024-04-30,2024-04-23,2024-04-23,2024-05-03,2024-07-31,6.625,6.775,14.625,12.15,6.2100067138671875,0.0,11.625,4.725,1340.0,621.0006713867188,718.9993286132812,2677.5,1635.0000000000002,-1042.4999999999998,1337.5,-323.5006713867185,-24.186966084988303
AMZN,2024-08-01,2024-07-25,2024-07-25,2024-08-02,2024-10-30,7.3,7.125,16.15,13.275,0.0,12.100006103515625,16.125,2.895,1442.5,1210.0006103515625,232.4993896484375,2942.4999999999995,1902.0,-1040.4999999999995,1499.9999999999995,-808.000610351562,-53.86670735677082
AMZN,2024-10-31,2024-10-24,2024-10-24,2024-11-01,2025-02-05,7.3,5.65,16.45,12.075,12.92999267578125,0.0,51.725,0.195,1295.0,1292.999267578125,2.000732421875,2852.5,5192.0,2339.5,1557.5,2341.500732421875,150.33712567716694
AMZN,2025-02-06,2025-01-30,2025-01-30,2025-02-07,2025-04-30,10.75,5.875,20.825,13.149999999999999,0.0,0.850006103515625,0.135,46.025,1662.5,85.0006103515625,1577.4993896484375,3397.4999999999995,4616.0,1218.5000000000005,1734.9999999999995,2795.999389648438,161.15270257339705
AMZN,2025-05-01,2025-04-24,2025-04-24,2025-05-02,2025-07-30,7.925,6.175,17.875,13.8,4.9799957275390625,0.0,45.9,0.265,1410.0,497.99957275390625,912.0004272460938,3167.5,4616.5,1449.0,1757.5,2361.0004272460938,134.3385733852685
AMZN,2025-07-31,2025-07-24,2025-07-24,2025-08-01,2025-10-29,8.100000000000001,5.55,18.875,13.274999999999999,0.0,15.25,10.9,9.975,1365.0000000000002,1525.0,-159.99999999999977,3215.0,2087.5,-1127.5,1849.9999999999998,-1287.4999999999998,-69.5945945945946
AMZN,2025-10-30,2025-10-23,2025-10-23,2025-10-31,2026-02-04,8.475000000000001,7.1,20.075,15.725000000000001,24.220001220703125,0.0,19.375,5.975,1557.5,2422.0001220703125,-864.5001220703125,3579.9999999999995,2535.0,-1044.9999999999995,2022.4999999999995,-1909.500122070312,-94.4128614126236
AMZN,2026-02-05,2026-01-29,2026-01-29,2026-02-06,2026-04-28,10.075,8.2,21.450000000000003,16.950000000000003,0.0,29.67999267578125,23.65,3.425,1827.4999999999998,2967.999267578125,-1140.4992675781252,3840.0000000000005,2707.5,-1132.5000000000005,2012.5000000000007,-2272.999267578126,-112.94406298524846
AMZN,2026-04-29,2026-04-22,2026-04-22,2026-05-01,2026-04-30,7.825,12.149999999999999,20.675,22.025,5.05999755859375,0.0,24.25,15.875,1997.4999999999998,505.999755859375,1491.5002441406248,4270.0,4012.5,-257.5,2272.5,1234.0002441406248,54.30144088627612
ASML,2016-10-19,2016-10-12,2016-10-12,2016-10-21,2017-01-17,1.325,3.75,4.45,7.0,0.26000213623046875,0.0,11.0,0.125,507.5,26.000213623046875,481.4997863769531,1145.0,1112.5,-32.5,637.5,448.9997863769531,70.43133903952206
ASML,2017-01-18,2017-01-11,2017-01-11,2017-01-20,2017-04-17,1.4500000000000002,3.05,5.2,6.9,7.0500030517578125,0.0,14.8,0.25,450.0,705.0003051757812,-255.00030517578125,1210.0000000000002,1505.0,294.9999999999998,760.0000000000002,39.99969482421852,5.263117740028751
ASML,2017-04-19,2017-04-12,2017-04-12,2017-04-21,2017-07-18,2.2750000000000004,3.2,5.9,7.45,0.029998779296875,0.0,13.149999999999999,0.15,547.5,2.9998779296875,544.5001220703125,1335.0000000000002,1330.0,-5.000000000000227,787.5000000000002,539.5001220703123,68.50795200892851
ASML,2017-10-18,2017-10-11,2017-10-11,2017-10-20,2018-01-16,2.75,4.8,8.399999999999999,9.8,0.220001220703125,0.0,12.1,0.75,755.0,22.0001220703125,732.9998779296875,1820.0,1285.0,-535.0,1065.0,197.9998779296875,18.591537833773476
ASML,2018-01-17,2018-01-10,2018-01-10,2018-01-19,2018-04-13,4.8,3.6999999999999997,10.2,8.65,25.520004272460938,0.0,25.95,0.325,850.0,2552.0004272460938,-1702.0004272460938,1885.0000000000002,2627.5,742.4999999999998,1035.0000000000002,-959.500427246094,-92.70535528947765
ASML,2018-04-18,2018-04-11,2018-04-11,2018-04-20,2018-07-17,3.75,8.15,10.899999999999999,16.049999999999997,0.0,16.979995727539062,1.725,7.1,1190.0,1697.9995727539062,-507.99957275390625,2694.9999999999995,882.4999999999999,-1812.4999999999995,1504.9999999999995,-2320.499572753906,-154.18601812318315
ASML,2018-07-18,2018-07-11,2018-07-11,2018-07-20,2018-10-16,4.35,5.65,11.8,11.75,24.80999755859375,0.0,0.6000000000000001,13.7,1000.0,2480.999755859375,-1480.999755859375,2355.0,1430.0,-925.0,1355.0,-2405.999755859375,-177.56455762799817
ASML,2018-10-17,2018-10-10,2018-12-26,2018-10-19,2019-01-22,7.300000000000001,5.15,4.0,21.05,5.7599945068359375,0.0,2.15,12.6,1245.0,575.9994506835938,669.0005493164062,2505.0,1475.0,-1030.0,1260.0,-360.99945068359375,-28.65075005425347
ASML,2019-07-17,2019-07-10,2019-07-10,2019-07-19,2019-10-15,4.4,5.949999999999999,11.75,12.3,13.6199951171875,0.0,57.599999999999994,0.175,1035.0,1361.99951171875,-326.99951171875,2405.0,5777.499999999999,3372.499999999999,1370.0,3045.500488281249,222.29930571395977
ASML,2019-10-16,2019-10-09,2019-12-23,2019-10-18,2020-01-21,4.9,8.45,49.0,1.475,4.4199981689453125,0.0,49.7,0.325,1335.0,441.99981689453125,893.0001831054688,5047.5,5002.500000000001,-44.99999999999909,3712.5,848.0001831054697,22.841755773884707
ASML,2020-04-15,2020-04-08,2020-04-08,2020-04-17,2020-07-13,7.95,11.65,25.45,28.4,15.649993896484375,0.0,108.9,0.325,1960.0000000000002,1564.9993896484375,395.0006103515627,5384.999999999999,10922.5,5537.500000000001,3424.999999999999,5932.500610351563,173.21169665260044
ASML,2020-07-15,2020-07-08,2020-07-08,2020-07-17,2020-10-13,12.05,10.149999999999999,30.4,28.5,0.0,6.410003662109375,18.950000000000003,3.5500000000000003,2220.0,641.0003662109375,1578.9996337890625,5890.0,2250.0000000000005,-3639.9999999999995,3670.0,-2061.000366210937,-56.158048125638615
ASML,2020-10-14,2020-10-07,2020-10-20,2020-10-16,2021-01-11,8.15,12.7,34.150000000000006,29.15,6.899993896484375,0.0,130.15,1.725,2085.0,689.9993896484375,1395.0006103515625,6330.0,13187.5,6857.5,4245.0,8252.500610351562,194.4051969458554
ASML,2021-07-21,2021-07-14,2021-10-18,2021-07-23,2021-10-19,10.45,18.6,70.30000000000001,9.55,23.1400146484375,0.0,82.65,8.05,2905.0,2314.00146484375,590.99853515625,7985.000000000001,9070.0,1084.999999999999,5080.000000000001,1675.998535156249,32.99209714874505
ASML,2021-10-20,2021-10-13,2021-10-13,2021-10-22,2022-01-18,15.05,20.35,49.2,54.05,50.969970703125,0.0,9.05,44.55,3540.0000000000005,5096.9970703125,-1556.9970703124995,10325.0,5359.999999999999,-4965.000000000001,6785.0,-6521.9970703125,-96.12375932663964
ASML,2022-01-19,2022-01-12,2022-03-07,2022-01-21,2022-04-19,19.75,27.85,9.0,185.1,0.0,55.27001953125,0.85,136.95,4760.0,5527.001953125,-767.001953125,19410.0,13779.999999999998,-5630.000000000002,14650.0,-6397.001953125002,-43.66554234215018
ASML,2022-07-20,2022-07-13,2022-07-13,2022-07-22,2022-10-18,16.700000000000003,19.15,45.4,43.95,84.260009765625,0.0,0.55,51.0,3585.0,8426.0009765625,-4841.0009765625,8935.0,5155.0,-3780.0,5350.0,-8621.0009765625,-161.14020516939252
ASML,2022-10-19,2022-10-12,2022-12-16,2022-10-21,2023-01-24,17.75,18.8,180.05,3.3499999999999996,62.230010986328125,0.0,271.05,0.325,3654.9999999999995,6223.0010986328125,-2568.001098632813,18340.0,27137.5,8797.5,14685.0,6229.4989013671875,42.4208301080503
ASML,2023-01-25,2023-01-18,2023-01-18,2023-01-27,2023-04-18,20.799999999999997,17.65,56.15,48.05,17.3900146484375,0.0,9.65,16.5,3844.9999999999995,1739.00146484375,2105.9985351562495,10419.999999999998,2615.0,-7804.999999999998,6574.999999999998,-5699.001464843748,-86.67682836264258
ASML,2023-04-19,2023-04-12,2023-04-12,2023-04-21,2023-07-18,20.55,14.8,55.849999999999994,43.95,0.0,15.530029296875,108.45,0.22499999999999998,3535.0,1553.0029296875,1981.9970703125,9980.0,10867.5,887.5,6445.0,2869.4970703125,44.52284050135764
ASML,2023-07-19,2023-07-12,2023-09-18,2023-07-21,2023-10-16,17.95,17.1,0.775,127.25,0.0,31.6400146484375,0.225,120.95,3504.9999999999995,3164.00146484375,340.99853515624955,12802.5,12117.5,-685.0,9297.5,-344.00146484375045,-3.6999350883974236
ASML,2023-10-18,2023-10-11,2023-10-11,2023-10-20,2024-01-23,20.6,13.600000000000001,56.1,40.6,0.0,19.9000244140625,179.3,0.625,3420.0000000000005,1990.00244140625,1429.9975585937505,9670.0,17992.5,8322.5,6250.0,9752.49755859375,156.0399609375
ASML,2024-04-17,2024-04-10,2024-07-08,2024-04-19,2024-07-16,32.05,30.4,112.75,6.1,0.0,115.46002197265625,98.5,4.6,6245.0,11546.002197265625,-5301.002197265625,11885.0,10310.0,-1575.0,5640.0,-6876.002197265625,-121.91493257563164
ASML,2024-07-17,2024-07-10,2024-07-10,2024-07-19,2024-10-10,38.4,37.8,93.3,78.69999999999999,0.0,204.6300048828125,0.275,265.95,7619.999999999999,20463.00048828125,-12843.00048828125,17200.0,26622.499999999996,9422.499999999996,9580.0,-3420.5004882812536,-35.70459799876048
ASML,2025-07-16,2025-07-09,2025-07-09,2025-07-18,2025-10-14,26.549999999999997,25.95,65.25,56.45,0.0,65.41998291015625,183.5,1.175,5250.0,6541.998291015625,-1291.998291015625,12170.0,18467.5,6297.5,6920.0,5005.501708984375,72.33383972520772
ASML,2025-10-15,2025-10-08,2025-11-05,2025-10-17,2026-01-27,35.3,46.25,120.0,61.8,29.27001953125,0.0,457.95000000000005,1.4249999999999998,8155.0,2927.001953125,5227.998046875,18180.0,45937.50000000001,27757.500000000007,10025.0,32985.49804687501,329.0323994700749
ASML,2026-01-28,2026-01-21,2026-03-23,2026-01-30,2026-04-14,63.4,51.05,93.0,68.1,73.0,0.0,169.55,3.45,11444.999999999998,7300.0,4144.999999999998,16110.0,17300.0,1190.0,4665.000000000002,5334.999999999998,114.36227224008566
ASML,2026-04-15,2026-04-08,2026-04-08,2026-04-17,2026-04-30,72.65,50.900000000000006,161.60000000000002,126.85,59.800048828125,0.0,153.05,101.1,12355.000000000002,5980.0048828125,6374.995117187502,28845.000000000004,25415.0,-3430.0000000000036,16490.0,2944.995117187498,17.859279061173428
AVGO,2016-03-03,2016-02-25,2016-04-18,2016-03-04,2016-06-01,6.8,4.4,27.15,2.0749999999999997,16.059999465942383,0.0,24.75,0.45,1120.0,1605.9999465942383,-485.9999465942383,2922.5,2520.0,-402.5,1802.5,-888.4999465942383,-49.29264613560268
AVGO,2016-06-02,2016-05-26,2016-07-18,2016-06-03,2016-08-31,4.1,6.0,12.35,5.050000000000001,7.560005187988281,0.0,21.95,0.85,1010.0,756.0005187988281,253.99948120117188,1739.9999999999998,2280.0,540.0000000000002,729.9999999999998,793.9994812011721,108.7670522193387
AVGO,2016-09-01,2016-08-25,2016-09-20,2016-09-02,2016-12-07,6.15,5.1,7.15,13.899999999999999,0.0,1.8899917602539062,2.2249999999999996,9.3,1125.0,188.99917602539062,936.0008239746094,2104.9999999999995,1152.5,-952.4999999999995,979.9999999999995,-16.49917602539017,-1.6835893903459365
AVGO,2017-03-01,2017-02-22,2017-02-22,2017-03-03,2017-05-31,7.65,3.5,15.15,12.0,8.32000732421875,0.0,30.2,0.65,1115.0,832.000732421875,282.999267578125,2715.0,3085.0,370.0,1600.0,652.999267578125,40.81245422363281
AVGO,2017-06-01,2017-05-25,2017-05-25,2017-06-02,2017-08-23,6.85,5.85,15.25,15.05,14.529991149902344,0.0,20.200000000000003,3.7,1270.0,1452.9991149902344,-182.99911499023438,3030.0,2390.0,-640.0,1760.0,-822.9991149902344,-46.76131335171787
AVGO,2017-08-24,2017-08-17,2017-08-30,2017-08-25,2017-12-05,6.0,8.85,13.0,17.75,0.0,4.409999847412109,15.25,3.55,1485.0,440.99998474121094,1044.000015258789,3075.0,1880.0,-1195.0,1590.0,-150.99998474121094,-9.496854386239681
AVGO,2017-12-06,2017-11-29,2017-11-29,2017-12-08,2018-03-14,9.15,7.75,20.65,19.45,0.0,10.090007781982422,2.825,12.1,1689.9999999999998,1009.0007781982422,680.9992218017576,4009.9999999999995,1492.5,-2517.4999999999995,2320.0,-1836.500778198242,-79.15951630164835
AVGO,2018-03-15,2018-03-08,2018-03-08,2018-03-16,2018-06-06,5.15,8.350000000000001,14.0,18.25,4.8699951171875,0.0,14.8,1.475,1350.0000000000002,486.99951171875,863.0004882812502,3225.0,1627.5000000000002,-1597.4999999999998,1874.9999999999998,-734.4995117187495,-39.173307291666646
AVGO,2018-06-07,2018-05-31,2018-05-31,2018-06-08,2018-09-05,6.55,4.4,15.450000000000001,14.1,7.970008850097656,0.0,0.525,30.700000000000003,1095.0,797.0008850097656,297.9991149902344,2955.0,3122.5,167.5,1860.0,465.4991149902344,25.02683413925991
AVGO,2018-09-06,2018-08-30,2018-10-22,2018-09-07,2018-12-04,4.55,7.85,17.25,8.65,12.579994201660156,0.0,16.0,4.75,1239.9999999999998,1257.9994201660156,-17.999420166015852,2590.0,2075.0,-515.0,1350.0000000000002,-532.9994201660159,-39.48143853081598
AVGO,2018-12-06,2018-11-29,2019-01-22,2018-12-07,2019-03-13,5.6,9.65,24.799999999999997,6.05,0.0,11.439990997314453,31.849999999999998,0.22499999999999998,1525.0,1143.9990997314453,381.0009002685547,3085.0,3207.4999999999995,122.49999999999955,1560.0,503.50090026855423,32.27569873516373
AVGO,2019-03-14,2019-03-07,2019-03-07,2019-03-15,2019-06-12,5.550000000000001,10.0,14.95,21.9,20.289993286132812,0.0,15.85,6.85,1555.0,2028.9993286132812,-473.99932861328125,3684.9999999999995,2270.0,-1414.9999999999995,2129.9999999999995,-1888.9993286132808,-88.68541448888644
AVGO,2019-06-13,2019-06-06,2019-06-06,2019-06-14,2019-09-11,9.75,6.8,20.4,20.15,0.0,4.069995880126953,29.15,1.725,1655.0,406.9995880126953,1248.0004119873047,4054.9999999999995,3087.5,-967.4999999999995,2399.9999999999995,280.50041198730514,11.687517166137717
AVGO,2019-09-12,2019-09-05,2019-10-21,2019-09-13,2019-12-11,9.35,8.2,13.35,14.65,0.3199958801269531,0.0,30.75,1.65,1754.9999999999998,31.999588012695312,1723.0004119873045,2800.0,3240.0,440.0,1045.0000000000002,2163.0004119873047,206.98568535763675
AVGO,2019-12-12,2019-12-05,2019-12-05,2019-12-13,2020-03-11,9.3,8.05,20.3,22.7,5.4199981689453125,0.0,0.675,67.75,1735.0000000000002,541.9998168945312,1193.000183105469,4300.0,6842.5,2542.5,2565.0,3735.5001831054688,145.63353540372196
AVGO,2020-03-12,2020-03-05,2020-03-05,2020-03-13,2020-06-03,16.15,11.55,25.35,26.299999999999997,0.0,35.779991149902344,40.5,1.85,2770.0,3577.9991149902344,-807.9991149902344,5165.0,4235.0,-930.0,2395.0,-1737.9991149902344,-72.56781273445655
AVGO,2020-06-04,2020-05-28,2020-05-28,2020-06-05,2020-09-02,11.55,7.9,24.05,24.65,37.08000183105469,0.0,96.25,1.0,1945.0000000000002,3708.0001831054688,-1763.0001831054685,4870.0,9725.0,4855.0,2925.0,3091.9998168945312,105.7093954493857
AVGO,2020-09-03,2020-08-27,2020-08-27,2020-09-04,2020-12-09,10.0,10.4,24.75,29.700000000000003,22.949981689453125,0.0,77.05,0.55,2039.9999999999998,2294.9981689453125,-254.99816894531273,5445.0,7759.999999999999,2314.999999999999,3405.0,2060.0018310546866,60.499319561077435
AVGO,2020-12-10,2020-12-03,2020-12-03,2020-12-11,2021-03-03,11.649999999999999,11.55,26.75,32.05,5.82000732421875,0.0,65.4,2.7,2320.0,582.000732421875,1737.999267578125,5880.0,6810.000000000001,930.0000000000009,3560.0,2667.999267578126,74.94379965107095
AVGO,2021-03-04,2021-02-25,2021-02-25,2021-03-05,2021-06-02,14.700000000000001,17.35,35.05,44.75,0.0,9.860000610351562,19.7,7.8999999999999995,3205.0000000000005,986.0000610351562,2218.999938964844,7980.0,2760.0,-5220.0,4775.0,-3001.000061035156,-62.84816881749017
AVGO,2021-06-03,2021-05-27,2021-05-27,2021-06-04,2021-09-01,8.5,10.399999999999999,27.5,35.6,5.0,0.0,27.15,4.1,1889.9999999999998,500.0,1389.9999999999998,6310.0,3125.0,-3185.0,4420.0,-1795.0000000000002,-40.610859728506796
AVGO,2021-09-02,2021-08-26,2021-08-26,2021-09-03,2021-12-08,8.0,12.35,26.15,33.95,7.680015563964844,0.0,99.25,0.425,2035.0000000000002,768.0015563964844,1266.9984436035159,6010.0,9967.5,3957.5,3975.0,5224.498443603516,131.4339231095224
AVGO,2021-12-09,2021-12-02,2021-12-02,2021-12-10,2022-03-02,12.9,12.05,38.25,37.1,81.67999267578125,0.0,47.2,11.7,2495.0000000000005,8167.999267578125,-5672.999267578125,7534.999999999999,5890.000000000001,-1644.9999999999982,5039.999999999998,-7317.999267578123,-145.19839816623266
AVGO,2022-03-03,2022-02-24,2022-05-23,2022-03-04,2022-05-25,22.4,17.6,7.6,58.1,20.989990234375,0.0,8.7,52.9,4000.0,2098.9990234375,1901.0009765625,6570.0,6159.999999999999,-410.0000000000009,2570.0,1491.000976562499,58.01560220087545
AVGO,2022-05-26,2022-05-19,2022-06-13,2022-05-27,2022-08-31,12.5,15.9,26.95,60.2,33.279991149902344,0.0,2.075,52.55,2840.0,3327.9991149902344,-487.9991149902344,8715.0,5462.5,-3252.5,5875.0,-3740.4991149902344,-63.66807004238697
AVGO,2022-09-01,2022-08-25,2022-08-25,2022-09-02,2022-12-07,14.399999999999999,14.0,40.1,39.400000000000006,0.0,49.780006408691406,4.35,35.45,2840.0,4978.000640869141,-2138.0006408691406,7950.0,3980.0000000000005,-3969.9999999999995,5110.0,-6108.000640869141,-119.53034522248807
AVGO,2022-12-08,2022-12-01,2022-12-28,2022-12-09,2023-03-01,14.100000000000001,12.5,34.8,34.8,0.0,5.279998779296875,48.6,4.15,2660.0,527.9998779296875,2132.0001220703125,6959.999999999999,5275.0,-1684.999999999999,4299.999999999999,447.0001220703134,10.395351676053801
AVGO,2023-03-02,2023-02-23,2023-05-22,2023-03-03,2023-05-31,19.299999999999997,10.100000000000001,106.9,1.6,57.760009765625,0.0,235.2,0.675,2940.0,5776.0009765625,-2836.0009765625,10850.0,23587.5,12737.5,7910.0,9901.4990234375,125.17697880451959
AVGO,2023-06-01,2023-05-25,2023-08-21,2023-06-02,2023-08-30,22.5,18.15,146.7,3.2,86.99996948242188,0.0,170.25,0.5,4065.0,8699.996948242188,-4634.9969482421875,14989.999999999998,17075.0,2085.000000000002,10924.999999999998,-2549.9969482421857,-23.340933164688202
AVGO,2023-08-31,2023-08-24,2023-10-17,2023-09-01,2023-12-06,34.9,29.0,73.75,31.65,22.519989013671875,0.0,59.15,3.85,6390.0,2251.9989013671875,4138.0010986328125,10540.0,6300.0,-4240.0,4150.0,-101.9989013671875,-2.457804852221386
AVGO,2024-03-07,2024-02-29,2024-02-29,2024-03-08,2024-06-11,45.25,43.9,110.5,97.55000000000001,8.719940185546875,0.0,166.05,4.1,8915.0,871.9940185546875,8043.0059814453125,20805.0,17015.0,-3790.0,11890.0,4253.0059814453125,35.76960455378732
AVGO,2024-09-05,2024-08-29,2024-08-29,2024-09-06,2024-12-11,7.35,5.15,17.2,13.3,0.0,18.0,28.424999999999997,0.46,1250.0,1800.0,-550.0,3050.0,2888.5,-161.5,1800.0,-711.5,-39.52777777777778
AVGO,2024-12-12,2024-12-05,2024-12-05,2024-12-13,2025-03-05,6.725,5.975,16.75,14.55,54.80000305175781,0.0,26.6,3.42,1270.0,5480.000305175781,-4210.000305175781,3130.0,3002.0000000000005,-127.99999999999955,1860.0,-4338.000305175781,-233.22582285891298
AVGO,2025-03-06,2025-02-27,2025-02-27,2025-03-07,2025-06-04,9.175,11.175,21.5,21.775,0.0,5.0399932861328125,61.925,0.425,2035.0000000000002,503.99932861328125,1531.000671386719,4327.5,6234.999999999999,1907.499999999999,2292.5,3438.500671386718,149.9891241608165
AVGO,2025-06-05,2025-05-29,2025-05-29,2025-06-06,2025-09-03,11.25,9.024999999999999,27.299999999999997,22.75,6.92999267578125,0.0,63.474999999999994,0.6699999999999999,2027.4999999999998,692.999267578125,1334.5007324218748,5005.0,6414.5,1409.5,2977.5,2744.000732421875,92.1578751443115
AVGO,2025-09-04,2025-08-28,2025-08-28,2025-09-05,2025-12-10,10.825,11.65,30.725,28.375,24.8900146484375,0.0,103.80000000000001,0.185,2247.5,2489.00146484375,-241.50146484375,5910.0,10398.500000000002,4488.500000000002,3662.5,4246.998535156252,115.95900437286694
AVGO,2025-12-11,2025-12-04,2025-12-04,2025-12-12,2026-03-03,16.2,14.45,43.875,38.2,0.0,20.07000732421875,1.98,67.19999999999999,3065.0,2007.000732421875,1057.999267578125,8207.5,6917.999999999999,-1289.500000000001,5142.5,-231.5007324218759,-4.501715749574641
BABA,2016-01-28,2016-01-21,2016-03-21,2016-01-29,2016-05-04,3.625,2.76,9.675,1.57,0.0,2.970001220703125,6.375,0.655,638.5,297.0001220703125,341.4998779296875,1124.5,703.0,-421.5,486.0,-80.0001220703125,-16.46093046714249
BABA,2016-05-05,2016-04-28,2016-05-05,2016-05-06,2016-08-10,3.1,1.84,7.475,3.425,4.1999969482421875,0.0,12.425,0.045,494.00000000000006,419.99969482421875,74.0003051757813,1089.9999999999998,1247.0,157.00000000000023,595.9999999999998,231.00030517578153,38.75844046573517
BABA,2016-08-11,2016-08-04,2016-08-15,2016-08-12,2016-11-01,1.84,2.0700000000000003,13.775,1.45,13.25,0.0,16.15,0.13,391.0,1325.0,-934.0,1522.5,1627.9999999999998,105.49999999999977,1131.5,-828.5000000000002,-73.22138753866551
BABA,2016-11-02,2016-10-26,2016-10-26,2016-11-04,2017-01-23,2.34,4.550000000000001,6.5,8.5,0.0,7.430000305175781,0.89,7.375,689.0,743.0000305175781,-54.000030517578125,1500.0,826.5,-673.5,811.0,-727.5000305175781,-89.70407281351149
BABA,2017-05-18,2017-05-11,2017-05-23,2017-05-19,2017-08-16,3.3,3.05,8.3,4.949999999999999,3.220001220703125,0.0,39.0,0.015,635.0,322.0001220703125,312.9998779296875,1325.0,3901.5,2576.5,690.0,2889.4998779296875,418.7680982506794
BABA,2017-08-17,2017-08-10,2017-08-21,2017-08-18,2017-11-01,6.25,4.475,23.049999999999997,3.275,17.5,0.0,36.525,0.095,1072.5,1750.0,-677.5,2632.4999999999995,3661.9999999999995,1029.5,1559.9999999999995,352.0,22.56410256410257
BABA,2017-11-02,2017-10-26,2017-11-08,2017-11-03,2018-01-31,5.4,5.0,22.299999999999997,5.65,13.210006713867188,0.0,34.6,0.245,1040.0,1321.0006713867188,-281.00067138671875,2794.9999999999995,3484.5,689.5000000000005,1754.9999999999995,408.4993286132817,23.276315020699816
BABA,2018-02-01,2018-01-25,2018-02-21,2018-02-02,2018-05-03,6.1,7.725,8.0,18.275,0.0,12.69000244140625,0.94,18.424999999999997,1382.5,1269.000244140625,113.499755859375,2627.5,1936.4999999999998,-691.0000000000002,1245.0,-577.5002441406252,-46.385561778363474
BABA,2018-05-04,2018-04-27,2018-05-17,2018-05-11,2018-08-22,7.300000000000001,4.975,27.625,4.65,19.360000610351562,0.0,9.149999999999999,5.925,1227.5,1936.0000610351562,-708.5000610351562,3227.5,1507.5,-1720.0,2000.0,-2428.5000610351562,-121.42500305175781
BABA,2018-08-23,2018-08-16,2018-08-16,2018-08-24,2018-11-01,7.175,5.075,13.825,10.75,4.2299957275390625,0.0,0.9,19.55,1225.0,422.99957275390625,802.0004272460938,2457.5,2045.0,-412.5,1232.5,389.50042724609375,31.602468742076574
BABA,2018-11-02,2018-10-26,2018-10-26,2018-11-09,2019-01-29,5.699999999999999,7.625,12.35,13.2,0.0,0.149993896484375,14.15,1.9949999999999999,1332.5,14.9993896484375,1317.5006103515625,2554.9999999999995,1614.5,-940.4999999999995,1222.4999999999995,377.00061035156295,30.838495734279192
BABA,2019-01-30,2019-01-23,2019-02-19,2019-02-01,2019-05-14,6.35,4.225,24.075000000000003,3.015,17.970001220703125,0.0,25.125,0.065,1057.5,1797.0001220703125,-739.5001220703125,2709.0000000000005,2519.0,-190.00000000000045,1651.5000000000005,-929.500122070313,-56.28217511779066
BABA,2019-05-15,2019-05-08,2019-05-08,2019-05-17,2019-08-14,6.0,6.375,13.3,12.575,0.0,10.42999267578125,0.215,18.1,1237.5,1042.999267578125,194.500732421875,2587.5,1831.5000000000002,-755.9999999999998,1350.0,-561.4992675781248,-41.59253833912035
BABA,2019-08-15,2019-08-08,2019-08-08,2019-08-16,2019-10-31,5.9,3.675,13.625,10.45,14.600006103515625,0.0,17.4,0.525,957.4999999999999,1460.0006103515625,-502.5006103515626,2407.5,1792.4999999999998,-615.0000000000002,1450.0,-1117.500610351563,-77.06900761045262
BABA,2019-11-01,2019-10-25,2019-10-25,2019-11-08,2020-02-11,4.55,5.125,12.2,11.625,12.160003662109375,0.0,42.425,0.1,967.5000000000001,1216.0003662109375,-248.5003662109374,2382.5,4252.5,1870.0,1415.0,1621.4996337890625,114.59361369534011
BABA,2020-02-13,2020-02-06,2020-02-06,2020-02-14,2020-05-21,6.1,5.125,17.125,14.8,0.0,0.3699951171875,6.375,14.100000000000001,1122.5,36.99951171875,1085.50048828125,3192.5,2047.5000000000002,-1144.9999999999998,2070.0,-59.49951171874977,-2.8743725467995063
BABA,2020-05-22,2020-05-15,2020-05-19,2020-05-29,2020-08-19,9.45,5.7,26.424999999999997,8.75,7.3899993896484375,0.0,61.075,0.6,1514.9999999999998,738.9999389648438,776.000061035156,3517.4999999999995,6167.5,2650.0000000000005,2002.4999999999998,3426.0000610351562,171.08614537004527
BABA,2020-08-20,2020-08-13,2020-08-13,2020-08-21,2020-11-04,10.899999999999999,7.0,23.575,19.424999999999997,15.79998779296875,0.0,46.85,1.01,1789.9999999999998,1579.998779296875,210.00122070312477,4300.0,4786.0,486.0,2510.0,696.0012207031248,27.729132298929276
BABA,2020-11-05,2020-10-29,2020-10-29,2020-11-06,2021-02-01,12.8,10.274999999999999,29.9,26.9,0.0,10.04998779296875,1.1099999999999999,46.375,2307.5,1004.998779296875,1302.501220703125,5680.0,4748.5,-931.5,3372.5,371.001220703125,11.00077748563751
BABA,2021-02-02,2021-01-26,2021-02-16,2021-02-05,2021-05-12,7.1,11.25,23.1,21.575,0.0,4.329986572265625,0.15000000000000002,50.275000000000006,1835.0000000000002,432.9986572265625,1402.0013427734377,4467.5,5042.5,575.0,2632.5,1977.0013427734377,75.0997661072531
BABA,2021-05-13,2021-05-06,2021-05-06,2021-05-14,2021-08-02,4.300000000000001,7.975,15.275,18.375,0.0,20.490005493164062,0.695,30.525,1227.5,2049.0005493164062,-821.5005493164062,3365.0,3122.0,-243.0,2137.5,-1064.5005493164062,-49.801195289656434
BABA,2021-08-03,2021-07-27,2021-07-27,2021-08-06,2021-11-17,8.1,7.025,18.85,17.45,11.389999389648438,0.0,0.21500000000000002,23.725,1512.5,1138.9999389648438,373.50006103515625,3629.9999999999995,2394.0,-1235.9999999999995,2117.4999999999995,-862.4999389648433,-40.73199239503393
BABA,2021-11-18,2021-11-11,2021-11-11,2021-11-19,2022-02-23,4.975,7.075,16.450000000000003,18.4,0.0,29.660003662109375,0.185,60.525,1205.0,2966.0003662109375,-1761.0003662109375,3485.0,6071.0,2586.0,2280.0,824.9996337890625,36.184194464432565
BABA,2022-02-24,2022-02-17,2022-02-17,2022-02-25,2022-05-25,4.875,5.4,14.875,14.95,0.0,17.05999755859375,0.185,42.3,1027.5,1705.999755859375,-678.499755859375,2982.5,4248.5,1266.0,1955.0,587.500244140625,30.051163383152176
BABA,2022-05-26,2022-05-19,2022-06-10,2022-05-27,2022-08-03,3.575,5.85,24.7,4.5,3.410003662109375,0.0,8.65,2.805,942.5000000000001,341.0003662109375,601.4996337890626,2920.0,1145.5,-1774.5,1977.5,-1173.0003662109375,-59.31733836717762
BABA,2022-08-04,2022-07-28,2022-07-28,2022-08-05,2022-11-16,4.45,3.875,12.675,11.325,0.0,7.44000244140625,0.125,21.875,832.4999999999999,744.000244140625,88.49975585937489,2400.0,2200.0,-200.0,1567.5,-111.50024414062511,-7.113253214712927
BABA,2022-11-17,2022-11-10,2022-11-10,2022-11-18,2023-02-22,3.4000000000000004,3.575,10.125,9.25,10.480003356933594,0.0,25.225,0.125,697.5,1048.0003356933594,-350.5003356933594,1937.5,2535.0,597.5,1240.0,246.99966430664062,19.919327766664566
BABA,2023-02-23,2023-02-16,2023-02-16,2023-02-24,2023-05-17,2.935,4.725,9.425,10.1,0.0,16.0,0.10500000000000001,14.399999999999999,766.0,1600.0,-834.0,1952.4999999999998,1450.5,-501.9999999999998,1186.4999999999998,-1335.9999999999998,-112.60008428150022
BABA,2023-05-18,2023-05-11,2023-05-11,2023-05-19,2023-08-09,2.33,4.35,7.85,8.8,0.0,6.019996643066406,6.550000000000001,1.49,668.0,601.9996643066406,66.00033569335938,1664.9999999999998,804.0000000000001,-860.9999999999997,996.9999999999998,-794.9996643066403,-79.73918398261188
BABA,2023-08-10,2023-08-03,2023-08-03,2023-08-11,2023-11-15,2.395,4.675,8.8,9.625,0.0,4.279998779296875,0.175,13.024999999999999,707.0,427.9998779296875,279.0001220703125,1842.5,1320.0,-522.5,1135.5,-243.4998779296875,-21.44428691586856
BABA,2023-11-16,2023-11-09,2023-11-09,2023-11-17,2024-02-06,1.4849999999999999,3.675,5.625,6.75,0.0,7.400001525878906,1.145,7.825,516.0,740.0001525878906,-224.00015258789062,1237.5,897.0000000000001,-340.4999999999999,721.5,-564.5001525878905,-78.23979938848102
BABA,2024-02-07,2024-01-31,2024-01-31,2024-02-09,2024-05-13,3.7,1.4649999999999999,7.775,4.5,2.0199966430664062,0.0,14.524999999999999,0.055,516.5,201.99966430664062,314.5003356933594,1227.5,1457.9999999999998,230.49999999999977,711.0,545.0003356933591,76.65264918331353
BABA,2024-05-14,2024-05-07,2024-05-07,2024-05-17,2024-08-14,2.5300000000000002,2.965,6.075,6.125,8.540000915527344,0.0,1.875,2.2750000000000004,549.5,854.0000915527344,-304.5000915527344,1220.0,415.00000000000006,-805.0,670.5,-1109.5000915527344,-165.47354087289102
BABA,2024-08-15,2024-08-08,2024-08-08,2024-08-16,2024-11-14,2.615,2.195,7.525,5.825,3.1800003051757812,0.0,11.3,0.575,481.00000000000006,318.0000305175781,162.99996948242193,1335.0000000000002,1187.5,-147.50000000000023,854.0000000000002,15.499969482421704,1.814984716911206
BABA,2024-11-15,2024-11-08,2024-11-08,2024-11-22,2025-02-19,3.2,3.825,7.775,7.275,0.0,11.870002746582031,30.7,0.025,702.5,1187.0002746582031,-484.5002746582031,1505.0,3072.5,1567.5,802.5,1082.9997253417969,134.9532368027161
BABA,2025-02-20,2025-02-13,2025-02-14,2025-02-21,2025-05-14,5.275,5.6,15.3,8.600000000000001,23.75,0.0,14.15,0.22,1087.5,2375.0,-1287.5,2390.0,1437.0,-953.0,1302.5,-2240.5,-172.01535508637235
BABA,2025-05-15,2025-05-08,2025-05-08,2025-05-16,2025-08-28,5.425,4.475,14.25,12.375,0.0,1.5400009155273438,3.525,8.725,989.9999999999999,154.00009155273438,835.9999084472655,2662.5,1225.0,-1437.5,1672.5,-601.5000915527345,-35.964131034543165
BABA,2025-08-29,2025-08-22,2025-08-22,2025-09-05,2025-11-24,4.0,5.9,11.175,10.95,10.580001831054688,0.0,36.599999999999994,0.21,990.0,1058.0001831054688,-68.00018310546875,2212.5,3680.9999999999995,1468.4999999999995,1222.5,1400.4998168945308,114.56031222041152
BABA,2025-11-25,2025-11-18,2025-11-18,2025-11-28,2026-03-18,6.824999999999999,6.699999999999999,17.7,15.425,0.0,2.6999969482421875,0.135,25.5,1352.4999999999998,269.99969482421875,1082.500305175781,3312.5,2563.5,-749.0,1960.0000000000002,333.500305175781,17.015321692641887
BABA,2026-03-19,2026-03-12,2026-03-12,2026-03-20,2026-04-30,4.5,5.225,10.15,9.975000000000001,0.0,12.589996337890625,4.300000000000001,7.074999999999999,972.5,1258.9996337890625,-286.4996337890625,2012.5,1137.5,-875.0,1040.0,-1161.4996337890625,-111.68265709510217
CSCO,2016-02-10,2016-02-03,2016-02-03,2016-02-12,2016-05-17,0.725,0.62,1.3900000000000001,1.46,2.1100006103515625,0.0,3.775,0.015,134.5,211.00006103515625,-76.50006103515625,285.0,379.0,94.0,150.5,17.49993896484375,11.62786642182309
CSCO,2016-05-18,2016-05-11,2016-07-18,2016-05-20,2016-08-12,0.38,1.18,2.55,0.14500000000000002,0.4699993133544922,0.0,3.4749999999999996,0.02,156.0,46.99993133544922,109.00006866455078,269.5,349.49999999999994,79.99999999999994,113.5,189.00006866455072,166.51988428594777
CSCO,2016-08-17,2016-08-10,2016-08-10,2016-08-19,2016-11-15,1.165,0.305,1.7349999999999999,1.065,0.5200004577636719,0.0,1.865,0.14500000000000002,147.0,52.00004577636719,94.99995422363281,280.0,200.99999999999997,-79.00000000000003,133.0,15.999954223632784,12.03004076964871
CSCO,2016-11-16,2016-11-09,2017-01-23,2016-11-18,2017-02-14,0.22,1.385,0.055,2.35,0.0,2.3199996948242188,0.445,0.65,160.5,231.99996948242188,-71.49996948242188,240.50000000000003,109.5,-131.00000000000003,80.00000000000003,-202.4999694824219,-253.12496185302732
CSCO,2017-02-15,2017-02-08,2017-04-24,2017-02-17,2017-05-16,0.14,1.375,1.21,0.395,1.2400016784667969,0.0,1.895,0.095,151.5,124.00016784667969,27.499832153320312,160.5,199.0,38.5,9.0,65.99983215332031,733.3314683702257
CSCO,2017-05-17,2017-05-10,2017-07-24,2017-05-19,2017-08-15,1.4449999999999998,0.2,0.385,0.99,0.0,1.2900009155273438,0.4,0.8,164.49999999999997,129.00009155273438,35.4999084472656,137.5,120.00000000000001,-17.499999999999986,-26.99999999999997,17.99990844726561,66.66632758246529
CSCO,2017-08-16,2017-08-09,2017-10-23,2017-08-18,2017-11-14,0.24,1.105,2.09,0.18,0.0,2.1299991607666016,1.74,0.15500000000000003,134.5,212.99991607666016,-78.49991607666016,227.0,189.5,-37.5,92.5,-115.99991607666016,-125.40531467747044
CSCO,2017-11-15,2017-11-08,2017-11-08,2017-11-17,2018-02-13,0.535,1.04,1.27,1.93,0.9000015258789062,0.0,6.225,0.025,157.50000000000003,90.00015258789062,67.4998474121094,320.0,625.0,305.0,162.49999999999997,372.4998474121094,229.23067533052887
CSCO,2018-02-14,2018-02-07,2018-03-07,2018-02-16,2018-05-15,1.385,1.02,4.8,0.7,4.3300018310546875,0.0,5.525,0.030000000000000002,240.50000000000003,433.00018310546875,-192.50018310546872,550.0,555.5000000000001,5.500000000000114,309.5,-187.0001831054686,-60.42009147188
CSCO,2018-05-16,2018-05-09,2018-05-21,2018-05-18,2018-08-14,1.79,0.73,1.23,2.535,0.0,1.7900009155273438,0.51,1.49,252.0,179.00009155273438,72.99990844726562,376.5,200.0,-176.5,124.5,-103.50009155273438,-83.13260365681477
CSCO,2018-08-15,2018-08-08,2018-08-21,2018-08-17,2018-11-13,0.46499999999999997,1.59,2.255,1.48,0.8699989318847656,0.0,1.385,1.225,205.50000000000003,86.99989318847656,118.50010681152347,373.5,261.00000000000006,-112.49999999999994,167.99999999999997,6.000106811523523,3.5714921497163834
CSCO,2018-11-14,2018-11-07,2019-01-22,2018-11-16,2019-02-12,1.495,1.065,0.4,3.175,0.0,1.1500015258789062,1.2149999999999999,0.625,256.0,115.00015258789062,140.99984741210938,357.5,184.0,-173.5,101.5,-32.500152587890625,-32.01985476639471
CSCO,2019-02-13,2019-02-06,2019-05-09,2019-02-15,2019-05-14,1.1749999999999998,1.165,5.575,0.14,1.9300003051757812,0.0,4.699999999999999,0.135,234.0,193.00003051757812,40.999969482421875,571.5,483.4999999999999,-88.00000000000011,337.5,-47.00003051757824,-13.92593496817133
CSCO,2019-05-15,2019-05-08,2019-05-08,2019-05-17,2019-08-13,0.765,2.275,2.105,3.625,1.3499984741210938,0.0,0.395,2.63,304.0,134.99984741210938,169.00015258789062,573.0,302.5,-270.5,269.0,-101.49984741210938,-37.73228528331203
CSCO,2019-08-14,2019-08-07,2019-09-23,2019-08-16,2019-11-12,3.025,0.67,1.615,2.37,0.0,3.0400009155273438,0.505,2.105,369.5,304.0000915527344,65.49990844726562,398.50000000000006,261.0,-137.50000000000006,29.000000000000057,-72.00009155273443,-248.27617776804928
CSCO,2019-11-13,2019-11-06,2019-12-23,2019-11-15,2020-02-11,1.6549999999999998,0.85,1.955,1.525,0.0,2.4099998474121094,2.325,0.65,250.5,240.99998474121094,9.500015258789062,348.0,297.5,-50.5,97.5,-40.99998474121094,-42.05126640124199
CSCO,2020-02-12,2020-02-05,2020-03-05,2020-02-14,2020-05-12,1.795,0.81,0.275,8.575,0.0,0.529998779296875,0.21500000000000002,4.4,260.5,52.9998779296875,207.5001220703125,885.0,461.5,-423.5,624.5,-215.9998779296875,-34.587650589221376
CSCO,2020-05-13,2020-05-06,2020-06-18,2020-05-15,2020-08-11,2.025,0.905,6.525,0.9450000000000001,4.270000457763672,0.0,7.325,0.095,293.0,427.0000457763672,-134.0000457763672,747.0000000000001,742.0,-5.000000000000114,454.0000000000001,-139.0000457763673,-30.616750171006007
CSCO,2021-02-09,2021-02-02,2021-02-22,2021-02-12,2021-05-18,1.82,0.98,2.49,2.45,2.2900009155273438,0.0,7.95,0.015,280.0,229.00009155273438,50.999908447265625,494.00000000000006,796.5,302.49999999999994,214.00000000000006,353.49990844726557,165.18687310619882
CSCO,2021-05-19,2021-05-12,2021-05-12,2021-05-21,2021-08-17,2.4400000000000004,0.835,3.95,2.51,2.4300003051757812,0.0,6.075,0.10500000000000001,327.50000000000006,243.00003051757812,84.49996948242193,646.0,618.0000000000001,-27.999999999999886,318.49999999999994,56.499969482422046,17.739393872032043
CSCO,2021-08-18,2021-08-11,2021-09-16,2021-08-20,2021-11-16,1.6749999999999998,0.8200000000000001,3.375,1.38,3.220001220703125,0.0,2.465,0.48,249.5,322.0001220703125,-72.5001220703125,475.5,294.5,-181.0,226.0,-253.5001220703125,-112.16819560633296
CSCO,2021-11-17,2021-11-10,2021-12-16,2021-11-19,2022-02-15,0.6950000000000001,2.92,2.6950000000000003,2.625,0.0,6.75,0.07500000000000001,5.800000000000001,361.5,675.0,-313.5,532.0,587.5000000000001,55.500000000000114,170.5,-257.9999999999999,-151.31964809384158
CSCO,2022-02-16,2022-02-09,2022-02-22,2022-02-18,2022-05-17,2.3200000000000003,1.04,3.7249999999999996,2.675,2.2099990844726562,0.0,0.125,4.550000000000001,336.00000000000006,220.99990844726562,115.00009155273443,640.0,467.50000000000006,-172.49999999999994,303.99999999999994,-57.49990844726551,-18.914443568179447
CSCO,2022-05-18,2022-05-11,2022-06-07,2022-05-20,2022-08-16,2.26,1.1,1.3050000000000002,3.45,0.0,4.560001373291016,0.86,1.55,336.0,456.00013732910156,-120.00013732910156,475.50000000000006,241.0,-234.50000000000006,139.50000000000006,-354.5001373291016,-254.1219622430835
CSCO,2022-08-17,2022-08-10,2022-09-07,2022-08-19,2022-11-15,1.95,0.915,2.23,2.3099999999999996,3.700000762939453,0.0,1.245,1.3250000000000002,286.5,370.0000762939453,-83.50007629394531,453.9999999999999,257.0,-196.9999999999999,167.4999999999999,-280.5000762939452,-167.46273211578827
CSCO,2022-11-16,2022-11-09,2022-12-14,2022-11-18,2023-02-14,0.97,2.005,5.25,0.845,2.7900009155273438,0.0,3.0999999999999996,0.385,297.49999999999994,279.0000915527344,18.499908447265568,609.5,348.49999999999994,-261.00000000000006,312.00000000000006,-242.5000915527345,-77.72438831818411
CSCO,2023-02-15,2023-02-08,2023-03-08,2023-02-17,2023-05-16,1.26,1.7149999999999999,3.075,1.395,3.270000457763672,0.0,0.94,1.4849999999999999,297.49999999999994,327.0000457763672,-29.500045776367244,447.00000000000006,242.49999999999997,-204.50000000000009,149.5000000000001,-234.00004577636733,-156.52176975007836
CSCO,2023-05-17,2023-05-10,2023-05-24,2023-05-19,2023-08-15,0.785,1.5150000000000001,2.76,1.645,1.6300010681152344,0.0,5.9,0.035,230.00000000000003,163.00010681152344,66.99989318847659,440.49999999999994,593.5,153.00000000000006,210.49999999999991,219.99989318847665,104.51301339120036
CSCO,2023-08-16,2023-08-09,2023-08-09,2023-08-18,2023-11-14,0.53,2.455,1.8599999999999999,3.5,0.04000091552734375,0.0,0.48,2.3,298.50000000000006,4.000091552734375,294.4999084472657,536.0,278.0,-258.0,237.49999999999994,36.49990844726568,15.36838250411187
CSCO,2023-11-15,2023-11-08,2023-11-21,2023-11-17,2024-02-13,0.575,2.5,0.22000000000000003,7.300000000000001,0.0,7.240001678466797,0.10500000000000001,5.475,307.5,724.0001678466797,-416.5001678466797,752.0,558.0,-194.0,444.5,-610.5001678466797,-137.34536959430363
CSCO,2024-02-14,2024-02-07,2024-03-06,2024-02-16,2024-05-14,1.28,1.43,1.6099999999999999,2.8600000000000003,0.0,1.5600013732910156,0.69,1.705,271.0,156.00013732910156,114.99986267089844,447.00000000000006,239.5,-207.50000000000006,176.00000000000006,-92.50013732910162,-52.55689620971681
CSCO,2024-05-15,2024-05-08,2024-05-08,2024-05-17,2024-08-13,1.65,1.085,2.815,2.03,0.6699981689453125,0.0,0.71,2.815,273.5,66.99981689453125,206.50018310546875,484.5,352.5,-132.0,211.0,74.50018310546875,35.308143651880926
CSCO,2024-08-14,2024-08-07,2024-08-15,2024-08-16,2024-11-11,1.7850000000000001,1.585,4.75,0.8999999999999999,4.459999084472656,0.0,13.675,0.015,337.0,445.9999084472656,-108.99990844726562,565.0,1369.0000000000002,804.0000000000002,228.0,695.0000915527346,304.8246015582169
CSCO,2024-11-13,2024-11-06,2024-11-13,2024-11-15,2025-02-11,0.75,2.83,2.4,3.115,0.0,2.5400009155273438,3.25,0.73,358.0,254.00009155273438,103.99990844726562,551.5,398.0,-153.5,193.5,-49.500091552734375,-25.581442662911826
CSCO,2025-02-12,2025-02-05,2025-02-12,2025-02-14,2025-05-13,0.845,3.2,1.9649999999999999,4.225,0.0,0.12999725341796875,0.43,3.625,404.5,12.999725341796875,391.5002746582031,619.0,405.5,-213.5,214.5,178.00027465820312,82.98381102946533
CSCO,2025-05-14,2025-05-07,2025-05-13,2025-05-16,2025-08-11,1.525,1.8599999999999999,4.2,2.275,3.6199989318847656,0.0,10.825,0.075,338.5,361.99989318847656,-23.499893188476562,647.5,1089.9999999999998,442.4999999999998,309.0,419.0001068115232,135.5987400684541
CSCO,2025-08-13,2025-08-06,2025-08-12,2025-08-15,2025-11-11,1.59,2.3049999999999997,5.275,3.335,0.0,3.8000030517578125,3.425,1.5899999999999999,389.49999999999994,380.00030517578125,9.499694824218693,861.0,501.49999999999994,-359.50000000000006,471.50000000000006,-350.00030517578136,-74.23124181882955
CSCO,2025-11-12,2025-11-05,2025-11-05,2025-11-14,2026-02-10,3.35,1.115,5.825,3.25,8.0,0.0,16.35,0.08,446.5,800.0,-353.5,907.4999999999999,1643.0,735.5000000000001,460.9999999999999,382.0000000000001,82.86334056399137
GOOGL,2016-02-01,2016-01-25,2016-02-22,2016-02-05,2016-04-20,32.85,24.35,42.15,36.95,0.0,21.240005493164062,59.05,8.899999999999999,5720.0,2124.0005493164062,3595.9994506835938,7909.999999999999,6794.999999999999,-1115.0,2189.999999999999,2480.9994506835938,113.28764614993582
GOOGL,2016-04-21,2016-04-14,2016-05-24,2016-04-22,2016-07-27,21.75,21.05,15.15,55.400000000000006,0.0,37.22999572753906,15.0,27.5,4280.0,3722.9995727539062,557.0004272460938,7055.000000000001,4250.0,-2805.000000000001,2775.000000000001,-2247.999572753907,-81.00899361275339
GOOGL,2016-07-28,2016-07-21,2016-08-23,2016-07-29,2016-10-26,20.450000000000003,16.0,63.5,14.85,41.34002685546875,0.0,76.7,4.3,3645.0000000000005,4134.002685546875,-489.00268554687455,7834.999999999999,8100.0,265.0000000000009,4189.999999999998,-224.00268554687364,-5.346126146703431
GOOGL,2016-10-27,2016-10-20,2016-11-22,2016-10-28,2017-01-25,20.700000000000003,24.0,17.0,55.3,0.0,5.4399871826171875,42.6,8.55,4470.0,543.9987182617188,3926.0012817382812,7230.0,5115.000000000001,-2114.999999999999,2760.0,1811.0012817382822,65.61598846877834
GOOGL,2017-01-26,2017-01-19,2017-02-21,2017-01-27,2017-04-26,17.65,18.2,43.8,17.45,20.029983520507812,0.0,67.8,2.7,3584.9999999999995,2002.9983520507812,1582.0016479492183,6125.0,7050.0,925.0,2540.0000000000005,2507.0016479492183,98.70085228146527
GOOGL,2017-04-27,2017-04-20,2017-05-19,2017-04-28,2017-07-21,21.65,10.6,115.5,7.2,74.52003479003906,0.0,146.2,1.375,3225.0,7452.003479003906,-4227.003479003906,12270.0,14757.499999999998,2487.499999999998,9045.0,-1739.503479003908,-19.231658142663438
GOOGL,2017-07-24,2017-07-17,2017-08-21,2017-07-28,2017-10-25,22.05,21.1,16.35,67.3,0.0,16.669998168945312,36.65,19.65,4315.000000000001,1666.9998168945312,2648.0001831054697,8365.0,5630.0,-2735.0,4049.999999999999,-86.99981689453034,-2.148143627025441
GOOGL,2017-10-26,2017-10-19,2017-10-30,2017-10-27,2018-01-31,23.45,21.549999999999997,70.5,32.95,33.66996765136719,0.0,185.4,0.7,4500.0,3366.9967651367188,1133.0032348632812,10345.0,18610.0,8265.0,5845.0,9398.003234863281,160.78705277781492
GOOGL,2018-02-01,2018-01-25,2018-01-25,2018-02-02,2018-04-20,21.4,39.1,58.9,69.65,0.0,80.80001831054688,4.9,128.5,6050.0,8080.0018310546875,-2030.0018310546875,12855.000000000002,13340.0,484.9999999999982,6805.000000000002,-1545.0018310546893,-22.703921102934444
GOOGL,2018-04-23,2018-04-16,2018-04-16,2018-04-27,2018-07-20,25.5,28.049999999999997,63.55,58.55,0.0,18.550033569335938,152.89999999999998,2.95,5355.0,1855.0033569335938,3499.9966430664062,12210.0,15584.999999999996,3374.9999999999964,6855.0,6874.996643066403,100.29170887040704
GOOGL,2018-07-23,2018-07-16,2018-08-21,2018-07-27,2018-10-24,29.0,31.6,67.05,42.7,52.8900146484375,0.0,4.75,147.0,6060.0,5289.00146484375,770.99853515625,10975.0,15175.0,4200.0,4915.0,4970.99853515625,101.13933947418616
GOOGL,2018-10-25,2018-10-18,2018-11-20,2018-10-26,2019-02-01,33.3,35.3,38.599999999999994,100.35,0.0,16.25,42.75,23.15,6859.999999999999,1625.0,5234.999999999999,13894.999999999998,6590.000000000001,-7304.999999999997,7034.999999999999,-2069.999999999998,-29.42430703624731
GOOGL,2019-02-04,2019-01-28,2019-02-19,2019-02-08,2019-04-26,22.65,40.55,69.85,36.5,2.3799896240234375,0.0,182.35,1.325,6320.0,237.99896240234375,6082.001037597656,10635.0,18367.5,7732.5,4315.0,13814.501037597656,320.15066135799896
GOOGL,2019-04-29,2019-04-22,2019-05-01,2019-05-03,2019-07-24,29.799999999999997,24.65,27.549999999999997,96.9,0.0,60.449981689453125,3.7,113.6,5445.0,6044.9981689453125,-599.9981689453125,12445.0,11730.0,-715.0,7000.0,-1314.9981689453125,-18.78568812779018
GOOGL,2019-07-25,2019-07-18,2019-07-18,2019-07-26,2019-10-25,25.3,27.3,63.55,59.2,95.22003173828125,0.0,118.55,3.55,5260.0,9522.003173828125,-4262.003173828125,12275.0,12210.0,-65.0,7015.0,-4327.003173828125,-61.68215500824127
GOOGL,2019-10-28,2019-10-21,2019-11-19,2019-11-01,2020-01-31,27.200000000000003,32.05,101.25,31.5,22.249984741210938,0.0,188.75,5.199999999999999,5925.0,2224.9984741210938,3700.0015258789062,13275.0,19395.0,6120.0,7350.0,9820.001525878906,133.60546293712798
GOOGL,2020-02-03,2020-01-27,2020-02-25,2020-02-07,2020-04-27,30.1,47.55,48.25,105.05,29.109954833984375,0.0,2.275,181.60000000000002,7765.000000000001,2910.9954833984375,4854.004516601563,15330.000000000002,18387.500000000004,3057.500000000002,7565.000000000001,7911.504516601565,104.58036373564525
GOOGL,2020-04-28,2020-04-21,2020-05-07,2020-05-01,2020-07-29,53.55,40.8,204.75,34.45,117.3199462890625,0.0,325.0,0.95,9435.0,11731.99462890625,-2296.99462890625,23920.0,32595.0,8675.0,14485.0,6378.00537109375,44.031794070374524
GOOGL,2020-07-30,2020-07-23,2020-07-23,2020-07-31,2020-10-28,54.5,37.15,123.85,105.4,0.0,12.050018310546875,77.75,66.45,9165.0,1205.0018310546875,7959.9981689453125,22925.0,14419.999999999998,-8505.000000000002,13760.0,-545.0018310546893,-3.960769121036986
GOOGL,2020-10-29,2020-10-22,2020-10-22,2020-10-30,2021-02-01,49.0,42.7,140.5,130.89999999999998,16.10992431640625,0.0,298.3,3.25,9170.0,1610.992431640625,7559.007568359375,27139.999999999996,30155.0,3015.0000000000036,17969.999999999996,10574.007568359379,58.84255741991865
GOOGL,2021-02-02,2021-01-26,2021-01-26,2021-02-05,2021-04-26,64.35,55.95,146.05,135.5,188.8299560546875,0.0,412.75,1.225,12030.0,18882.99560546875,-6852.99560546875,28155.0,41397.5,13242.5,16125.0,6389.50439453125,39.62483345445737
GOOGL,2021-04-27,2021-04-20,2021-04-20,2021-04-30,2021-07-26,52.95,76.2,138.15,156.4,53.50006103515625,0.0,387.75,4.35,12915.0,5350.006103515625,7564.993896484375,29455.0,39210.0,9755.0,16540.0,17319.993896484375,104.71580348539527
GOOGL,2021-07-27,2021-07-20,2021-07-20,2021-07-30,2021-10-25,71.35,45.0,165.25,135.75,194.530029296875,0.0,264.4,13.85,11635.0,19453.0029296875,-7818.0029296875,30100.0,27825.0,-2275.0,18465.0,-10093.0029296875,-54.660183751353905
GOOGL,2021-10-26,2021-10-19,2021-10-19,2021-10-29,2022-01-31,43.7,80.3,149.35000000000002,180.15,60.92010498046875,0.0,21.549999999999997,212.45,12400.0,6092.010498046875,6307.989501953125,32950.0,23400.0,-9550.0,20550.0,-3242.010498046875,-15.77620680314781
GOOGL,2022-02-01,2022-01-25,2022-01-25,2022-02-04,2022-04-25,116.5,75.45,220.1,174.0,365.8599853515625,0.0,104.1,139.6,19195.0,36585.99853515625,-17390.99853515625,39410.0,24370.0,-15040.0,20215.0,-32430.99853515625,-160.43036623871507
GOOGL,2022-07-26,2022-07-19,2022-07-19,2022-07-29,2022-10-24,3.3,4.449999999999999,9.3,9.5,1.3199996948242188,0.0,0.905,13.100000000000001,774.9999999999999,131.99996948242188,643.000030517578,1880.0,1400.5,-479.5,1105.0,163.500030517578,14.796382852269504
GOOGL,2022-10-25,2022-10-18,2022-10-18,2022-10-28,2023-02-01,4.225,3.375,10.175,8.025,0.0,3.7099990844726562,3.8,3.1500000000000004,760.0,370.9999084472656,389.0000915527344,1820.0000000000002,695.0,-1125.0000000000002,1060.0000000000002,-735.9999084472659,-69.43395362710054
GOOGL,2023-02-02,2023-01-26,2023-02-15,2023-02-03,2023-04-24,1.91,4.275,5.7,7.575,4.779998779296875,0.0,8.05,1.605,618.5,477.9998779296875,140.5001220703125,1327.5,965.5000000000001,-361.9999999999999,709.0,-221.4998779296874,-31.24116755002643
GOOGL,2023-04-25,2023-04-18,2023-04-18,2023-04-28,2023-07-24,3.1500000000000004,3.45,8.375,7.15,2.339996337890625,0.0,17.3,0.29500000000000004,660.0,233.9996337890625,426.0003662109375,1552.5,1759.5000000000002,207.00000000000023,892.5,633.0003662109377,70.92441077993699
GOOGL,2023-07-25,2023-07-18,2023-07-18,2023-07-28,2023-10-23,3.3,4.324999999999999,8.825,7.9,7.5800018310546875,0.0,13.55,1.5899999999999999,762.4999999999999,758.0001831054688,4.499816894531136,1672.5000000000002,1514.0,-158.50000000000023,910.0000000000003,-154.0001831054691,-16.923097044557036
GOOGL,2023-10-24,2023-10-17,2023-10-17,2023-10-27,2024-01-29,3.8,3.8499999999999996,10.899999999999999,8.625,0.0,17.830001831054688,14.75,0.88,765.0,1783.0001831054688,-1018.0001831054688,1952.4999999999998,1563.0,-389.4999999999998,1187.4999999999998,-1407.5001831054685,-118.52633120888159
GOOGL,2024-01-30,2024-01-23,2024-01-23,2024-02-02,2024-04-24,5.25,2.9699999999999998,11.325,6.775,0.0,2.6199951171875,16.2,1.68,821.9999999999999,261.99951171875,560.0004882812499,1810.0000000000002,1788.0,-22.000000000000227,988.0000000000003,538.0004882812497,54.45349071672565
GOOGL,2024-04-25,2024-04-18,2024-04-18,2024-04-26,2024-07-22,5.5,4.3,13.05,9.475000000000001,16.949996948242188,0.0,27.825000000000003,0.44,980.0000000000001,1694.9996948242188,-714.9996948242186,2252.5,2826.5000000000005,574.0000000000005,1272.5,-140.99969482421818,-11.080526115852116
GOOGL,2024-07-23,2024-07-16,2024-07-16,2024-07-26,2024-10-28,5.4,6.175,13.625,11.625,0.0,18.0,1.4449999999999998,19.424999999999997,1157.5,1800.0,-642.5,2525.0,2086.9999999999995,-438.00000000000045,1367.5,-1080.5000000000005,-79.01279707495434
GOOGL,2024-10-29,2024-10-22,2024-10-22,2024-11-01,2025-02-03,5.4,4.975,12.55,9.825,6.2899932861328125,0.0,37.775000000000006,0.27,1037.5,628.9993286132812,408.50067138671875,2237.5,3804.500000000001,1567.000000000001,1200.0,1975.5006713867197,164.6250559488933
GOOGL,2025-02-04,2025-01-28,2025-01-28,2025-02-07,2025-04-23,7.45,6.875,14.825,12.274999999999999,0.0,9.660003662109375,0.15,39.975,1432.5,966.0003662109375,466.4996337890625,2710.0,4012.5,1302.5,1277.5,1768.9996337890625,138.47355254708904
GOOGL,2025-04-24,2025-04-17,2025-04-17,2025-04-25,2025-07-22,5.825,4.475,14.55,11.35,11.960006713867188,0.0,42.125,0.305,1030.0,1196.0006713867188,-166.00067138671875,2590.0,4243.0,1653.0,1560.0,1486.9993286132812,95.32046978290263
GOOGL,2025-07-23,2025-07-16,2025-07-16,2025-07-25,2025-10-28,4.95,6.825,14.149999999999999,13.55,8.17999267578125,0.0,83.17500000000001,0.14500000000000002,1177.5,817.999267578125,359.500732421875,2770.0,8332.0,5562.0,1592.5,5921.500732421875,371.836780685832
GOOGL,2025-10-29,2025-10-22,2025-10-22,2025-10-31,2026-02-03,10.524999999999999,8.5,24.049999999999997,18.875,31.19000244140625,0.0,90.1,0.18,1902.4999999999998,3119.000244140625,-1216.5002441406252,4292.5,9028.0,4735.5,2390.0,3518.999755859375,147.23848350876045
GOOGL,2026-02-04,2026-01-28,2026-01-28,2026-02-06,2026-04-28,9.225000000000001,12.675,26.15,26.299999999999997,0.0,17.1400146484375,18.025,7.35,2190.0,1714.00146484375,475.99853515625,5245.0,2537.5,-2707.5,3055.0,-2231.50146484375,-73.04423780175941
GOOGL,2026-04-29,2026-04-22,2026-04-22,2026-05-01,2026-04-30,10.275,10.5,29.05,25.4,44.79998779296875,0.0,59.675,10.725,2077.5,4479.998779296875,-2402.498779296875,5445.0,7039.999999999999,1594.999999999999,3367.5,-807.4987792968759,-23.979176816536775
INTC,2016-01-14,2016-01-07,2016-04-18,2016-01-15,2016-04-18,0.52,1.15,0.43,1.495,0.0,2.739999771118164,0.43,1.495,167.0,273.9999771118164,-106.9999771118164,192.5,192.5,0.0,25.5,-106.9999771118164,-419.6077533796722
INTC,2016-04-19,2016-04-12,2016-07-18,2016-04-22,2016-07-19,0.515,1.165,2.7,0.22,0.0,0.8600006103515625,2.7800000000000002,0.215,168.00000000000003,86.00006103515625,81.99993896484378,292.00000000000006,299.5,7.499999999999943,124.00000000000003,89.49993896484372,72.17737013293846
INTC,2016-07-20,2016-07-13,2016-07-13,2016-07-22,2016-10-17,0.815,0.79,1.48,1.6749999999999998,0.0,0.3400001525878906,2.385,0.08499999999999999,160.5,34.00001525878906,126.49998474121094,315.5,246.99999999999997,-68.50000000000003,155.0,57.99998474121091,37.41934499432962
INTC,2016-10-18,2016-10-11,2017-01-23,2016-10-21,2017-01-25,0.67,0.89,0.44,1.375,0.0,2.3499984741210938,0.935,0.83,156.0,234.99984741210938,-78.99984741210938,181.5,176.5,-5.0,25.5,-83.99984741210938,-329.41116632199754
INTC,2017-01-26,2017-01-19,2017-04-24,2017-01-27,2017-04-26,0.29500000000000004,1.225,0.33999999999999997,1.3399999999999999,0.4799995422363281,0.0,0.45999999999999996,1.245,152.0,47.99995422363281,104.00004577636719,167.99999999999997,170.5,2.5000000000000284,15.999999999999972,106.50004577636722,665.6252861022963
INTC,2017-04-27,2017-04-20,2017-04-20,2017-04-28,2017-07-26,1.435,0.235,2.1399999999999997,1.2650000000000001,1.1500015258789062,0.0,0.605,1.08,167.0,115.00015258789062,51.999847412109375,340.5,168.5,-172.0,173.5,-120.00015258789062,-69.16435307659403
INTC,2017-07-27,2017-07-20,2017-07-24,2017-07-28,2017-10-25,0.495,0.725,1.2149999999999999,2.0549999999999997,0.3100013732910156,0.0,5.825,0.065,122.0,31.000137329101562,90.99986267089844,326.99999999999994,589.0,262.00000000000006,204.99999999999994,352.9998626708985,172.19505496141394
INTC,2017-10-26,2017-10-19,2017-10-19,2017-10-27,2018-01-24,0.845,0.7050000000000001,1.8399999999999999,1.98,4.400001525878906,0.0,5.625,0.12,155.0,440.0001525878906,-285.0001525878906,382.0,574.5,192.5,227.0,-92.50015258789062,-40.74896589774917
INTC,2018-01-25,2018-01-18,2018-02-07,2018-01-26,2018-04-25,0.765,1.2650000000000001,2.745,2.45,5.0800018310546875,0.0,6.575,0.27,203.00000000000003,508.00018310546875,-305.00018310546875,519.5,684.5000000000001,165.0000000000001,316.5,-140.00018310546864,-44.233865120211256
INTC,2018-04-26,2018-04-19,2018-05-21,2018-04-27,2018-07-25,2.89,0.655,5.6,1.185,2.729999542236328,0.0,3.05,0.76,354.5,272.9999542236328,81.50004577636719,678.5,380.99999999999994,-297.50000000000006,324.0,-215.99995422363287,-66.66665253815829
INTC,2018-07-26,2018-07-19,2018-08-10,2018-07-27,2018-10-24,2.625,0.59,2.005,3.05,0.0,2.3199996948242188,0.11,7.925,321.5,231.99996948242188,89.50003051757812,505.5,803.5,298.0,184.0,387.5000305175781,210.5978426725968
INTC,2018-10-25,2018-10-18,2018-11-27,2018-10-26,2019-01-23,1.34,1.33,4.625,1.46,0.6899986267089844,0.0,3.675,0.8200000000000001,267.0,68.99986267089844,198.00013732910156,608.5,449.5,-159.0,341.5,39.00013732910156,11.420245191537791
INTC,2019-04-25,2019-04-18,2019-05-23,2019-04-26,2019-07-24,0.6799999999999999,2.145,0.04,15.45,0.0,7.569999694824219,0.08,7.375,282.5,756.9999694824219,-474.4999694824219,1548.9999999999998,745.5,-803.4999999999998,1266.4999999999998,-1277.9999694824216,-100.90801180279682
INTC,2019-07-25,2019-07-18,2019-08-14,2019-07-26,2019-10-23,1.2850000000000001,1.32,1.3,5.425,1.5900001525878906,0.0,2.63,1.0550000000000002,260.50000000000006,159.00001525878906,101.499984741211,672.5,368.5,-304.0,411.99999999999994,-202.500015258789,-49.150489140482776
INTC,2019-10-24,2019-10-17,2019-10-28,2019-10-25,2020-01-22,2.51,0.605,7.575,1.02,6.459999084472656,0.0,12.850000000000001,0.065,311.5,645.9999084472656,-334.4999084472656,859.5000000000001,1291.5,431.9999999999999,548.0000000000001,97.50009155273426,17.791987509623038
INTC,2020-01-23,2020-01-16,2020-01-16,2020-01-24,2020-04-22,1.245,1.645,3.1950000000000003,3.7,8.470001220703125,0.0,3.225,3.3499999999999996,289.0,847.0001220703125,-558.0001220703125,689.5,657.4999999999999,-32.000000000000114,400.5,-590.0001220703126,-147.31588566050254
INTC,2020-04-23,2020-04-16,2020-04-27,2020-04-24,2020-07-22,2.9299999999999997,2.1799999999999997,4.625,5.725,0.0,0.7400016784667969,2.815,2.04,510.99999999999994,74.00016784667969,436.99983215332026,1035.0,485.50000000000006,-549.5,524.0,-112.50016784667974,-21.469497680664073
INTC,2020-07-23,2020-07-16,2020-08-21,2020-07-24,2020-10-21,1.38,2.235,0.495,11.425,0.0,9.40999984741211,0.375,7.199999999999999,361.5,940.9999847412109,-579.4999847412109,1192.0,757.4999999999999,-434.5000000000001,830.5,-1013.999984741211,-122.09512158232523
INTC,2020-10-22,2020-10-15,2020-10-15,2020-10-23,2021-01-20,1.185,2.315,3.7,5.275,0.0,6.799999237060547,4.75,1.275,350.0,679.9999237060547,-329.9999237060547,897.5000000000001,602.5,-295.0000000000001,547.5000000000001,-624.9999237060548,-114.15523720658534
INTC,2021-01-21,2021-01-14,2021-03-18,2021-01-22,2021-04-21,1.83,2.545,6.125,2.58,0.0,3.3400001525878906,4.675,1.145,437.5,334.00001525878906,103.49998474121094,870.5,582.0,-288.5,433.0,-185.00001525878906,-42.72517673413142
INTC,2021-04-22,2021-04-15,2021-04-15,2021-04-23,2021-07-21,1.93,1.88,4.6,5.025,0.0,5.759998321533203,0.215,9.375,380.99999999999994,575.9998321533203,-194.99983215332037,962.5,959.0,-3.5,581.5,-198.49983215332037,-34.13582668156842
INTC,2021-07-22,2021-07-15,2021-07-26,2021-07-23,2021-10-20,2.11,1.295,3.42,4.075,0.0,2.0,2.15,2.035,340.5,200.0,140.5,749.5,418.50000000000006,-330.99999999999994,409.0,-190.49999999999994,-46.57701711491441
INTC,2021-10-21,2021-10-14,2021-10-28,2021-10-22,2022-01-25,0.89,1.9849999999999999,0.78,8.175,0.0,5.540000915527344,0.965,5.25,287.5,554.0000915527344,-266.5000915527344,895.5,621.5,-274.0,608.0,-540.5000915527344,-88.89804137380499
INTC,2022-01-26,2022-01-19,2022-01-19,2022-01-28,2022-04-27,1.165,2.535,3.25,5.125,0.0,7.270000457763672,0.10500000000000001,10.2,370.0,727.0000457763672,-357.0000457763672,837.5,1030.5,193.0,467.5,-164.0000457763672,-35.08022369547961
INTC,2022-04-28,2022-04-21,2022-05-23,2022-04-29,2022-07-27,1.6949999999999998,1.6749999999999998,0.8500000000000001,6.525,0.0,3.9099998474121094,0.11,7.775,336.99999999999994,390.99998474121094,-53.999984741210994,737.5,788.5000000000001,51.000000000000114,400.50000000000006,-2.9999847412108807,-0.7490598604771237
INTC,2022-07-28,2022-07-21,2022-07-21,2022-07-29,2022-10-26,1.875,1.255,3.5999999999999996,3.25,0.0,3.6899986267089844,0.015,13.1,313.0,368.99986267089844,-55.99986267089844,685.0,1311.5,626.5,372.0,570.5001373291016,153.36025197018859
INTC,2022-10-27,2022-10-20,2022-11-14,2022-10-28,2023-01-25,1.755,0.655,6.225,0.7050000000000001,4.069999694824219,0.0,4.9,0.22,241.0,406.9999694824219,-165.99996948242188,693.0,512.0,-181.0,452.0,-346.9999694824219,-76.7699047527482
INTC,2023-01-26,2023-01-19,2023-04-25,2023-01-27,2023-04-26,1.63,0.69,2.125,0.76,0.6599998474121094,0.0,2.255,0.725,231.99999999999997,65.99998474121094,166.00001525878903,288.5,298.0,9.5,56.50000000000003,175.50001525878903,310.61949603325473
INTC,2023-04-27,2023-04-20,2023-05-17,2023-04-28,2023-07-26,1.5550000000000002,0.65,1.645,2.4749999999999996,1.0599994659423828,0.0,4.65,0.275,220.5,105.99994659423828,114.50005340576172,411.99999999999994,492.50000000000006,80.50000000000011,191.49999999999994,195.00005340576183,101.8277041283352
INTC,2023-07-27,2023-07-20,2023-10-23,2023-07-28,2023-10-25,1.81,0.9,2.52,1.145,4.3300018310546875,0.0,1.8050000000000002,1.47,271.0,433.00018310546875,-162.00018310546875,366.5,327.50000000000006,-38.99999999999994,95.5,-201.0001831054687,-210.47139592195677
INTC,2023-10-26,2023-10-19,2023-11-14,2023-10-27,2024-01-24,1.7650000000000001,1.065,5.775,0.9650000000000001,0.5400009155273438,0.0,14.175,0.035,283.0,54.000091552734375,228.99990844726562,674.0,1421.0,747.0,391.0,975.9999084472656,249.61634487142342
INTC,2024-04-25,2024-04-18,2024-04-18,2024-04-26,2024-07-31,1.39,1.3,3.425,2.98,0.0,3.1200008392333984,0.33999999999999997,4.6,269.0,312.00008392333984,-43.000083923339844,640.4999999999999,493.99999999999994,-146.49999999999994,371.4999999999999,-189.5000839233398,-51.00944385554236
INTC,2024-08-01,2024-07-25,2024-07-25,2024-08-02,2024-10-30,1.97,0.815,3.7,2.255,0.0,8.520000457763672,0.125,7.825,278.5,852.0000457763672,-573.5000457763672,595.5,795.0,199.5,317.0,-374.0000457763672,-117.98108699569943
INTC,2024-10-31,2024-10-24,2024-10-24,2024-11-01,2025-01-29,1.34,0.97,3.25,2.55,1.2000007629394531,0.0,0.725,2.9050000000000002,231.0,120.00007629394531,110.99992370605469,580.0,363.00000000000006,-216.99999999999994,349.0,-106.00007629394526,-30.372514697405517
INTC,2025-01-30,2025-01-23,2025-01-23,2025-01-31,2025-04-23,0.955,1.36,2.465,2.575,0.0,2.5699996948242188,0.78,2.33,231.5,256.9999694824219,-25.499969482421875,504.0,311.00000000000006,-192.99999999999994,272.5,-218.49996948242182,-80.18347503942084
INTC,2025-04-24,2025-04-17,2025-04-17,2025-04-25,2025-07-23,0.935,0.98,2.6,2.3899999999999997,1.0499992370605469,0.0,4.675000000000001,0.12,191.5,104.99992370605469,86.50007629394531,499.0,479.50000000000006,-19.499999999999943,307.5,67.00007629394537,21.788642697218005
INTC,2025-07-24,2025-07-17,2025-07-17,2025-07-25,2025-10-22,0.92,1.1,2.69,2.52,0.0,2.299999237060547,14.325,0.11,202.0,229.9999237060547,-27.999923706054688,521.0,1443.4999999999998,922.4999999999998,319.0,894.5000762939451,280.407547427569
INTC,2026-04-23,2026-04-16,2026-04-16,2026-04-24,2026-04-30,3.325,4.775,10.6,11.15,12.540000915527344,0.0,29.95,4.699999999999999,810.0000000000001,1254.0000915527344,-444.00009155273426,2175.0,3465.0,1290.0,1365.0,845.9999084472657,61.97801527086197
META,2022-07-27,2022-07-20,2022-07-20,2022-07-29,2022-10-25,9.85,11.65,22.225,22.425,0.0,25.899993896484375,0.91,48.275,2150.0,2589.9993896484375,-439.9993896484375,4465.000000000001,4918.499999999999,453.4999999999982,2315.000000000001,13.500610351560681,0.5831797128103964
META,2022-10-26,2022-10-19,2022-10-19,2022-10-28,2023-01-31,8.2,9.825,17.925,17.825,0.0,35.80000305175781,18.15,3.9000000000000004,1802.4999999999998,3580.0003051757812,-1777.5003051757815,3575.0,2204.9999999999995,-1370.0000000000005,1772.5000000000002,-3147.500305175782,-177.57406517211746
META,2023-02-01,2023-01-25,2023-02-14,2023-02-03,2023-04-25,8.425,6.825,45.175,3.4,46.529998779296875,0.0,68.17500000000001,0.26,1525.0,4652.9998779296875,-3127.9998779296875,4857.5,6843.500000000002,1986.0000000000018,3332.5,-1141.9998779296857,-34.268563478760264
META,2023-04-26,2023-04-19,2023-04-19,2023-04-28,2023-07-25,8.274999999999999,12.274999999999999,20.75,21.65,20.32000732421875,0.0,76.125,0.63,2054.9999999999995,2032.000732421875,22.999267578124545,4240.0,7675.5,3435.5,2185.0000000000005,3458.4992675781245,158.2837193399599
META,2023-07-26,2023-07-19,2023-07-19,2023-07-28,2023-10-24,14.2,17.75,31.625,30.325000000000003,5.480010986328125,0.0,14.15,20.475,3195.0,548.0010986328125,2646.9989013671875,6195.0,3462.5,-2732.5,3000.0,-85.5010986328125,-2.85003662109375
META,2023-10-25,2023-10-18,2023-10-18,2023-10-27,2024-01-31,13.625,16.125,32.6,29.95,0.0,23.269989013671875,71.80000000000001,0.775,2975.0,2326.9989013671875,648.0010986328125,6255.0,7257.500000000002,1002.5000000000018,3280.0,1650.5010986328143,50.320155446122385
META,2024-02-01,2024-01-25,2024-01-25,2024-02-02,2024-04-23,16.55,12.75,35.7,26.125,84.989990234375,0.0,108.725,1.68,2930.0,8498.9990234375,-5568.9990234375,6182.5,11040.5,4858.0,3252.5,-710.9990234375,-21.860077584550346
META,2024-04-24,2024-04-17,2024-04-17,2024-04-26,2024-07-30,25.0,19.975,52.5,40.425,0.0,46.709991455078125,14.325,39.875,4497.5,4670.9991455078125,-173.4991455078125,9292.5,5420.0,-3872.5,4795.0,-4045.9991455078125,-84.37954422331204
META,2024-07-31,2024-07-24,2024-07-24,2024-08-02,2024-10-29,24.35,21.6,49.475,40.725,28.1400146484375,0.0,135.05,0.77,4595.0,2814.00146484375,1780.99853515625,9020.0,13582.000000000002,4562.000000000002,4425.0,6342.998535156252,143.34459966454807
META,2024-10-30,2024-10-23,2024-12-06,2024-11-01,2025-01-28,19.775,30.325,73.44999999999999,18.225,0.0,7.84002685546875,104.6,3.5250000000000004,5009.999999999999,784.002685546875,4225.997314453124,9167.499999999998,10812.5,1645.0000000000018,4157.499999999999,5870.997314453126,141.21460768377935
META,2025-01-29,2025-01-22,2025-02-25,2025-01-31,2025-04-29,25.325000000000003,26.025,66.525,27.95,64.17999267578125,0.0,5.825,75.42500000000001,5135.0,6417.999267578125,-1282.999267578125,9447.5,8125.000000000002,-1322.4999999999982,4312.5,-2605.499267578123,-60.41737432065213
META,2025-04-30,2025-04-23,2025-05-20,2025-05-02,2025-07-29,22.5,26.75,126.65,9.225000000000001,72.02001953125,0.0,177.525,0.295,4925.0,7202.001953125,-2277.001953125,13587.5,17782.0,4194.5,8662.5,1917.498046875,22.13561958874459
META,2025-07-30,2025-07-23,2025-08-26,2025-08-01,2025-10-28,19.674999999999997,30.049999999999997,67.82499999999999,31.299999999999997,25.010009765625,0.0,49.275,20.625,4972.499999999999,2501.0009765625,2471.499023437499,9912.499999999998,6990.000000000001,-2922.4999999999973,4939.999999999999,-451.0009765624982,-9.12957442434207
META,2025-10-29,2025-10-22,2025-11-25,2025-10-31,2026-01-27,34.724999999999994,25.299999999999997,18.9,100.6,0.0,76.6500244140625,12.625,63.575,6002.499999999999,7665.00244140625,-1662.502441406251,11950.0,7620.0,-4330.0,5947.500000000001,-5992.502441406251,-100.75666147803699
META,2026-01-28,2026-01-21,2026-02-20,2026-01-30,2026-04-28,16.5,27.65,65.9,30.15,91.5,0.0,58.724999999999994,11.05,4415.0,9150.0,-4735.0,9605.000000000002,6977.499999999999,-2627.5000000000027,5190.000000000002,-7362.500000000003,-141.85934489402698
MSFT,2016-01-28,2016-01-21,2016-01-21,2016-01-29,2016-04-20,2.0949999999999998,1.615,3.55,3.5,5.090000152587891,0.0,5.85,0.275,371.0,509.00001525878906,-138.00001525878906,705.0,612.5,-92.5,334.0,-230.50001525878906,-69.01198061640392
MSFT,2016-04-21,2016-04-14,2016-04-18,2016-04-22,2016-07-18,1.645,1.2850000000000001,3.425,2.3899999999999997,0.0,3.220001220703125,0.915,2.18,293.0,322.0001220703125,-29.0001220703125,581.5,309.5,-272.0,288.5,-301.0001220703125,-104.33279794464904
MSFT,2016-07-19,2016-07-12,2016-07-12,2016-07-22,2016-10-19,0.51,2.28,1.375,3.425,1.5699996948242188,0.0,3.0149999999999997,0.425,279.0,156.99996948242188,122.00003051757812,480.0,343.99999999999994,-136.00000000000006,201.0,-13.999969482421932,-6.965158946478573
MSFT,2016-10-20,2016-10-13,2016-10-24,2016-10-21,2017-01-25,2.585,0.635,6.95,1.0,4.659999847412109,0.0,8.75,0.08,322.0,465.99998474121094,-143.99998474121094,795.0,883.0,88.0,473.0,-55.99998474121094,-11.83932024127081
MSFT,2017-01-26,2017-01-19,2017-01-23,2017-01-27,2017-04-26,2.9050000000000002,0.6,4.4,1.78,5.779998779296875,0.0,7.925,0.08499999999999999,350.50000000000006,577.9998779296875,-227.49987792968744,618.0000000000001,801.0,182.9999999999999,267.50000000000006,-44.49987792968756,-16.635468384929926
MSFT,2017-04-27,2017-04-20,2017-04-20,2017-04-28,2017-07-19,1.7349999999999999,1.21,2.76,2.435,3.4599990844726562,0.0,8.825,0.025,294.5,345.9999084472656,-51.499908447265625,519.5,885.0,365.5,225.0,314.0000915527344,139.55559624565973
MSFT,2017-07-20,2017-07-13,2017-07-24,2017-07-21,2017-10-25,2.525,0.735,5.325,1.885,3.7900009155273438,0.0,8.825,0.14,326.0,379.0000915527344,-53.000091552734375,721.0,896.5,175.5,395.0,122.49990844726562,31.012635049940663
MSFT,2017-10-26,2017-10-19,2017-10-19,2017-10-27,2018-01-30,0.54,2.625,2.315,4.7,3.80999755859375,0.0,12.975000000000001,0.115,316.5,380.999755859375,-64.499755859375,701.5,1309.0000000000002,607.5000000000002,385.0,543.0002441406252,141.03902445211045
MSFT,2018-01-31,2018-01-24,2018-03-06,2018-02-02,2018-04-25,3.325,1.385,6.675000000000001,2.695,1.779998779296875,0.0,4.35,2.01,471.0,177.9998779296875,293.0001220703125,937.0000000000001,636.0,-301.0000000000001,466.0000000000001,-7.999877929687614,-1.7167120020788864
MSFT,2018-04-26,2018-04-19,2018-04-19,2018-04-27,2018-07-18,2.82,1.66,5.5,4.15,0.8199996948242188,0.0,10.175,0.05,447.99999999999994,81.99996948242188,366.00003051757807,965.0,1022.5000000000001,57.500000000000114,517.0,423.5000305175782,81.91489951984104
MSFT,2018-07-19,2018-07-12,2018-07-27,2018-07-20,2018-10-23,1.56,2.31,6.825,3.925,1.2699966430664062,0.0,5.675,2.58,387.0,126.99966430664062,260.0003356933594,1075.0,825.4999999999999,-249.5000000000001,688.0,10.500335693359261,1.526211583337102
MSFT,2018-10-24,2018-10-17,2018-10-31,2018-10-26,2019-01-29,3.175,2.365,5.425,7.725,0.0,3.0400009155273438,0.6950000000000001,7.65,554.0,304.0000915527344,249.99990844726562,1314.9999999999998,834.5000000000001,-480.49999999999966,760.9999999999998,-230.50009155273403,-30.28910532887439
MSFT,2019-01-30,2019-01-23,2019-02-14,2019-02-01,2019-04-23,3.7,1.88,6.25,4.15,0.0,2.220001220703125,21.55,0.125,558.0,222.0001220703125,335.9998779296875,1040.0,2167.5,1127.5,482.0,1463.4998779296875,303.6306800683999
MSFT,2019-04-24,2019-04-17,2019-04-17,2019-04-26,2019-07-17,3.4000000000000004,1.56,5.949999999999999,3.875,9.889999389648438,0.0,16.424999999999997,0.02,496.0000000000001,988.9999389648438,-492.99993896484364,982.4999999999999,1644.4999999999998,661.9999999999999,486.4999999999998,169.00006103515625,34.73793649232401
MSFT,2019-07-18,2019-07-11,2019-08-19,2019-07-19,2019-10-22,1.615,3.1500000000000004,6.2,6.775,0.0,3.3800048828125,2.26,5.675,476.50000000000006,338.00048828125,138.49951171875006,1297.5000000000002,793.5,-504.0000000000002,821.0000000000002,-365.50048828125017,-44.51893888931182
MSFT,2019-10-23,2019-10-16,2019-11-08,2019-10-25,2020-01-28,3.125,2.5999999999999996,10.0,3.425,0.7299957275390625,0.0,24.6,0.15000000000000002,572.5,72.99957275390625,499.50042724609375,1342.5,2475.0,1132.5,770.0,1632.0004272460938,211.94810743455764
MSFT,2020-01-29,2020-01-22,2020-01-22,2020-01-31,2020-04-28,3.8,2.98,8.475,7.25,5.2299957275390625,0.0,8.899999999999999,4.050000000000001,677.9999999999999,522.9995727539062,155.00042724609364,1572.5,1295.0,-277.5,894.5000000000001,-122.49957275390636,-13.694753801442856
MSFT,2020-04-29,2020-04-22,2020-06-18,2020-05-01,2020-07-21,4.7,6.475,25.225,4.025,0.0,0.42999267578125,34.625,0.9,1117.5,42.999267578125,1074.500732421875,2925.0,3552.5,627.5,1807.5,1702.000732421875,94.1632493732711
MSFT,2020-07-22,2020-07-15,2020-07-15,2020-07-24,2020-10-26,6.324999999999999,8.125,16.55,19.15,0.0,8.699996948242188,9.275,9.399999999999999,1445.0,869.9996948242188,575.0003051757812,3570.0000000000005,1867.4999999999998,-1702.5000000000007,2125.0000000000005,-1127.4996948242194,-53.05880916819855
MSFT,2020-10-27,2020-10-20,2020-10-20,2020-10-30,2021-01-25,8.475000000000001,3.85,19.05,15.075,0.0,7.529998779296875,20.975,1.81,1232.5,752.9998779296875,479.5001220703125,3412.5,2278.5,-1134.0,2180.0,-654.4998779296875,-30.022930180260893
MSFT,2021-01-26,2021-01-19,2021-02-12,2021-01-29,2021-04-26,3.125,6.775,30.1,5.825,11.960006713867188,0.0,42.0,0.425,990.0,1196.0006713867188,-206.00067138671875,3592.5000000000005,4242.5,649.9999999999995,2602.5000000000005,443.9993286132808,17.060492934227884
MSFT,2021-04-27,2021-04-20,2021-04-20,2021-04-30,2021-07-26,4.7,6.35,13.649999999999999,15.95,0.0,7.82000732421875,29.875,0.765,1105.0,782.000732421875,322.999267578125,2960.0,3064.0,104.0,1855.0,426.999267578125,23.01882844086927
MSFT,2021-07-27,2021-07-20,2021-07-20,2021-07-30,2021-10-25,4.675,5.275,13.975000000000001,15.5,4.910003662109375,0.0,29.275,1.06,994.9999999999999,491.0003662109375,503.9996337890624,2947.5,3033.4999999999995,85.99999999999955,1952.5,589.9996337890619,30.217650898287424
MSFT,2021-10-26,2021-10-19,2021-10-19,2021-10-29,2022-01-24,4.05,5.725,15.15,17.275,21.6199951171875,0.0,7.0,20.5,977.4999999999999,2161.99951171875,-1184.49951171875,3242.4999999999995,2750.0,-492.49999999999955,2264.9999999999995,-1676.9995117187495,-74.03971354166666
MSFT,2022-01-25,2022-01-18,2022-01-18,2022-01-28,2022-04-25,10.025,7.074999999999999,22.825000000000003,19.3,8.260009765625,0.0,4.25,23.9,1710.0000000000002,826.0009765625,883.9990234375002,4212.5,2815.0,-1397.5,2502.5,-513.5009765624998,-20.519519542957035
MSFT,2022-04-26,2022-04-19,2022-04-19,2022-04-29,2022-07-25,5.25,9.649999999999999,17.725,21.575,0.0,12.480010986328125,0.755,31.775,1489.9999999999998,1248.0010986328125,241.99890136718727,3929.9999999999995,3253.0,-676.9999999999995,2440.0,-435.0010986328123,-17.827913878393943
MSFT,2022-07-26,2022-07-19,2022-07-19,2022-07-29,2022-10-24,6.75,7.300000000000001,19.475,18.575,20.739990234375,0.0,5.050000000000001,17.7,1405.0,2073.9990234375,-668.9990234375,3804.9999999999995,2275.0,-1529.9999999999995,2399.9999999999995,-2198.9990234374995,-91.62495930989584
MSFT,2022-10-25,2022-10-18,2022-10-18,2022-10-28,2023-01-23,6.825,8.05,19.75,18.925,0.0,4.1300048828125,10.1,7.225,1487.5,413.00048828125,1074.49951171875,3867.4999999999995,1732.5,-2134.9999999999995,2379.9999999999995,-1060.5004882812495,-44.55884404543066
MSFT,2023-01-24,2023-01-17,2023-02-01,2023-01-27,2023-04-24,6.949999999999999,6.35,23.425,8.75,8.160003662109375,0.0,42.95,0.61,1330.0,816.0003662109375,513.9996337890625,3217.4999999999995,4356.0,1138.5000000000005,1887.4999999999995,1652.499633789063,87.54964947226826
MSFT,2023-04-25,2023-04-18,2023-04-18,2023-04-28,2023-07-24,6.075,7.325,18.825,17.05,17.260009765625,0.0,56.575,0.625,1340.0,1726.0009765625,-386.0009765625,3587.5,5720.0,2132.5,2247.5,1746.4990234375,77.70852162124584
MSFT,2023-07-25,2023-07-18,2023-07-18,2023-07-28,2023-10-23,10.925,10.7,24.775,19.9,0.0,21.6300048828125,1.67,32.125,2162.5,2163.00048828125,-0.50048828125,4467.5,3379.5,-1088.0,2305.0,-1088.50048828125,-47.22344851545553
MSFT,2023-10-24,2023-10-17,2023-10-17,2023-10-27,2024-01-29,9.5,6.725,24.4,17.425,0.0,0.19000244140625,80.55000000000001,0.16499999999999998,1622.5000000000002,19.000244140625,1603.4997558593752,4182.5,8071.500000000002,3889.000000000002,2560.0,5492.499755859377,214.55077171325692
MSFT,2024-01-30,2024-01-23,2024-01-23,2024-02-02,2024-04-24,9.575,9.975000000000001,23.575,19.1,11.220001220703125,0.0,18.875,8.95,1955.0,1122.0001220703125,832.9998779296875,4267.5,2782.5,-1485.0,2312.5,-652.0001220703125,-28.19459987331081
MSFT,2024-04-25,2024-04-18,2024-04-18,2024-04-26,2024-07-29,12.65,7.75,30.275,20.049999999999997,6.32000732421875,0.0,31.799999999999997,4.15,2039.9999999999998,632.000732421875,1407.9992675781248,5032.5,3594.9999999999995,-1437.5000000000005,2992.5,-29.500732421875682,-0.9858223031537404
MSFT,2024-07-30,2024-07-23,2024-07-23,2024-08-02,2024-10-29,14.325,8.575,31.225,19.75,0.0,31.510009765625,9.75,17.425,2290.0,3151.0009765625,-861.0009765625,5097.5,2717.5,-2380.0,2807.5,-3241.0009765625,-115.44081839937668
MSFT,2024-10-30,2024-10-23,2024-10-23,2024-11-01,2025-01-28,13.7,8.3,30.4,20.025,0.0,9.6300048828125,31.675,3.7,2200.0,963.00048828125,1236.99951171875,5042.5,3537.5,-1505.0,2842.5,-268.00048828125,-9.428337318601583
MSFT,2025-01-29,2025-01-22,2025-01-22,2025-01-31,2025-04-29,8.825,12.45,23.950000000000003,22.549999999999997,0.0,34.94000244140625,0.265,56.325,2127.5,3494.000244140625,-1366.500244140625,4650.0,5659.0,1009.0,2522.5,-357.500244140625,-14.172457646803766
MSFT,2025-04-30,2025-04-23,2025-04-23,2025-05-02,2025-07-29,13.275,8.675,28.95,20.55,65.27999877929688,0.0,143.02499999999998,0.11499999999999999,2195.0000000000005,6527.9998779296875,-4332.9998779296875,4950.0,14313.999999999998,9363.999999999998,2754.9999999999995,5031.000122070311,182.61343455790603
MSFT,2025-07-30,2025-07-23,2025-07-23,2025-08-01,2025-10-28,15.05,8.575,33.225,21.725,24.1099853515625,0.0,46.875,3.4000000000000004,2362.5,2410.99853515625,-48.49853515625,5495.0,5027.5,-467.5,3132.5,-515.99853515625,-16.472419318635275
MSFT,2025-10-29,2025-10-22,2025-10-22,2025-10-31,2026-01-27,11.725000000000001,15.45,31.924999999999997,29.925,0.0,7.19000244140625,3.45,47.349999999999994,2717.5,719.000244140625,1998.499755859375,6184.999999999999,5080.0,-1104.999999999999,3467.499999999999,893.4997558593759,25.76783722737927
MSFT,2026-01-28,2026-01-21,2026-01-21,2026-01-30,2026-04-28,15.149999999999999,10.5,33.65,24.799999999999997,0.0,9.709991455078125,13.675,23.975,2565.0,970.9991455078125,1594.0008544921875,5845.0,3765.0000000000005,-2079.9999999999995,3280.0,-485.99914550781205,-14.81704711914061
MSFT,2026-04-29,2026-04-22,2026-04-22,2026-05-01,2026-04-30,15.95,12.6,35.875,28.625,0.0,22.220001220703125,20.2,38.3,2854.9999999999995,2222.0001220703125,632.999877929687,6450.0,5850.0,-600.0,3595.0000000000005,32.999877929687045,0.9179381899773863
MU,2016-03-30,2016-03-23,2016-03-23,2016-04-01,2016-06-29,0.385,0.715,1.145,1.46,0.029999732971191406,0.0,2.28,0.095,110.00000000000001,2.9999732971191406,107.00002670288087,260.5,237.5,-23.0,150.5,84.00002670288087,55.813971231150084
MU,2016-06-30,2016-06-23,2016-06-23,2016-07-01,2016-10-03,0.65,0.585,1.55,1.47,0.0,1.5,3.75,0.035,123.49999999999999,150.0,-26.500000000000014,302.0,378.5,76.5,178.5,49.999999999999986,28.011204481792706
MU,2016-10-04,2016-09-27,2016-09-27,2016-10-07,2016-12-20,0.66,0.655,1.795,1.7349999999999999,0.0,0.3899993896484375,2.865,0.19,131.5,38.99993896484375,92.50006103515625,353.0,305.5,-47.5,221.5,45.00006103515625,20.316054643411398
MU,2016-12-21,2016-12-14,2016-12-14,2016-12-23,2017-03-22,0.74,0.705,2.12,2.005,3.260000228881836,0.0,6.15,0.08499999999999999,144.49999999999997,326.0000228881836,-181.50002288818362,412.5,623.5,211.0,268.0,29.499977111816378,11.007454146200141
MU,2017-03-23,2017-03-16,2017-03-16,2017-03-24,2017-06-28,1.525,0.46499999999999997,3.025,1.87,3.4300003051757812,0.0,7.525,0.235,198.99999999999997,343.0000305175781,-144.00003051757815,489.49999999999994,776.0000000000001,286.50000000000017,290.5,142.49996948242202,49.05334577708159
MU,2017-06-29,2017-06-22,2017-09-18,2017-06-30,2017-09-25,1.1549999999999998,1.7349999999999999,3.7249999999999996,0.755,0.0,2.6399993896484375,3.3,0.88,288.99999999999994,263.99993896484375,25.000061035156193,447.99999999999994,418.0,-29.999999999999943,159.0,-4.99993896484375,-3.144615701159591
MU,2017-09-26,2017-09-19,2017-09-19,2017-09-29,2017-12-18,2.035,1.06,3.975,2.81,4.3300018310546875,0.0,9.075,0.28500000000000003,309.5,433.00018310546875,-123.50018310546875,678.5,936.0,257.5,369.0,133.99981689453125,36.31431352155318
MU,2018-03-22,2018-03-15,2018-03-15,2018-03-23,2018-06-19,2.34,3.475,6.800000000000001,7.475,0.0,5.790000915527344,3.325,3.95,581.5,579.0000915527344,2.499908447265625,1427.5,727.5,-700.0,846.0,-697.5000915527344,-82.4468193324745
MU,2018-06-20,2018-06-13,2018-06-20,2018-06-22,2018-09-19,2.6100000000000003,2.5199999999999996,4.9,5.525,0.0,2.9000015258789062,0.02,14.95,513.0,290.0001525878906,222.99984741210938,1042.5,1497.0,454.5,529.5,677.4998474121094,127.95086825535589
MU,2018-09-20,2018-09-13,2018-11-19,2018-09-21,2018-12-17,2.63,1.48,0.7,6.5,2.240001678466797,0.0,0.025,8.65,410.99999999999994,224.0001678466797,186.99983215332026,720.0,867.5000000000001,147.5000000000001,309.00000000000006,334.49983215332037,108.25237286515221
MU,2019-03-20,2019-03-13,2019-03-13,2019-03-22,2019-06-24,1.085,2.25,3.7,4.55,1.6199989318847656,0.0,0.20500000000000002,6.95,333.5,161.99989318847656,171.50010681152344,825.0,715.5,-109.5,491.5,62.00010681152344,12.61446730651545
MU,2019-06-25,2019-06-18,2019-06-18,2019-06-28,2019-09-25,1.2349999999999999,1.8900000000000001,3.575,4.0,3.5900001525878906,0.0,14.55,0.045,312.5,359.00001525878906,-46.50001525878906,757.5,1459.5,702.0,445.0,655.4999847412109,147.3033673575755
MU,2019-09-26,2019-09-19,2019-10-04,2019-09-27,2019-12-17,1.915,2.0549999999999997,1.5,6.75,0.0,6.790000915527344,3.5999999999999996,0.6,397.0,679.0000915527344,-282.0000915527344,825.0,419.99999999999994,-405.00000000000006,428.0,-687.0000915527344,-160.51404008241457
MU,2019-12-18,2019-12-11,2019-12-11,2019-12-20,2020-03-24,1.665,2.375,4.6,5.0,5.060001373291016,0.0,1.45,8.325,404.0,506.00013732910156,-102.00013732910156,960.0,977.4999999999999,17.499999999999886,556.0,-84.50013732910168,-15.197866426097423
MU,2020-03-25,2020-03-18,2020-03-18,2020-03-27,2020-06-26,3.5999999999999996,3.6,7.725,7.050000000000001,8.479999542236328,0.0,13.5,0.07500000000000001,719.9999999999999,847.9999542236328,-127.99995422363293,1477.5,1357.5,-120.0,757.5000000000001,-247.99995422363293,-32.73926788430797
MU,2020-09-29,2020-09-22,2020-09-22,2020-10-02,2021-01-06,2.01,2.3,5.475,5.699999999999999,0.0,3.450000762939453,27.125,0.03,430.99999999999994,345.0000762939453,85.99992370605463,1117.5,2715.5,1598.0,686.5,1683.9999237060547,245.30224671610412
MU,2021-01-07,2020-12-31,2020-12-31,2021-01-08,2021-03-30,2.875,2.685,7.85,7.45,2.4199981689453125,0.0,12.1,0.44499999999999995,556.0,241.99981689453125,314.00018310546875,1530.0,1254.5,-275.5,974.0,38.50018310546875,3.952790873251412
MU,2021-06-30,2021-06-23,2021-06-23,2021-07-02,2021-09-27,2.015,3.0,6.175,7.0,0.3300018310546875,0.0,0.96,5.875,501.50000000000006,33.00018310546875,468.4998168945313,1317.5,683.5,-634.0,816.0,-165.5001831054687,-20.28188518449371
MU,2021-09-28,2021-09-21,2021-09-21,2021-10-01,2021-12-17,3.7750000000000004,1.625,7.35,5.2,0.9899978637695312,0.0,14.125,1.0550000000000002,540.0,98.99978637695312,441.0002136230469,1255.0,1518.0,263.0,715.0,704.0002136230469,98.46156833888767
MU,2022-03-29,2022-03-22,2022-03-22,2022-04-01,2022-06-29,3.0999999999999996,4.025,7.625,8.5,0.0,3.8199996948242188,0.025,24.0,712.5,381.9999694824219,330.5000305175781,1612.5,2402.5,790.0,900.0,1120.5000305175781,124.50000339084201
MU,2022-06-30,2022-06-23,2022-06-23,2022-07-01,2022-09-28,3.01,1.7650000000000001,7.025,5.575,0.0,1.3499984741210938,1.23,5.25,477.50000000000006,134.99984741210938,342.5001525878907,1260.0000000000002,648.0,-612.0000000000002,782.5000000000002,-269.49984741210955,-34.44087506864019
MU,2022-09-29,2022-09-22,2022-09-22,2022-09-30,2022-12-20,1.865,2.2,5.625,5.575,0.09999847412109375,0.0,3.125,2.375,406.50000000000006,9.999847412109375,396.5001525878907,1120.0,550.0,-570.0,713.5,-173.49984741210932,-24.316727037436483
MU,2022-12-21,2022-12-14,2022-12-14,2022-12-23,2023-03-27,1.76,2.085,5.85,5.575,0.0,4.799999237060547,6.15,1.275,384.5,479.9999237060547,-95.49992370605469,1142.5,742.5000000000001,-399.9999999999999,758.0,-495.4999237060546,-65.36938307467739
MU,2023-03-28,2023-03-21,2023-03-21,2023-03-31,2023-06-27,1.685,2.995,5.3,5.95,0.3400001525878906,0.0,7.55,0.6599999999999999,468.0,34.00001525878906,433.99998474121094,1125.0,820.9999999999999,-304.0000000000001,657.0,129.99998474121082,19.786907875374553
MU,2023-06-28,2023-06-21,2023-06-21,2023-06-30,2023-09-26,2.895,2.01,6.7,5.05,0.0,1.8899993896484375,4.8,1.685,490.49999999999994,188.99993896484375,301.5000610351562,1175.0,648.5,-526.5,684.5,-224.9999389648438,-32.87069962963386
MU,2023-09-27,2023-09-20,2023-09-20,2023-09-29,2023-12-19,2.165,2.355,6.2,5.425,0.0,1.970001220703125,12.75,0.255,451.99999999999994,197.0001220703125,254.99987792968744,1162.5,1300.5,138.0,710.5,392.99987792968744,55.313142565754745
MU,2023-12-20,2023-12-13,2023-12-13,2023-12-22,2024-03-19,2.365,2.4,6.95,5.8,6.489997863769531,0.0,15.25,0.87,476.50000000000006,648.9997863769531,-172.49978637695307,1275.0,1612.0,337.0,798.5,164.50021362304693,20.60115386638033
MU,2024-03-20,2024-03-13,2024-03-13,2024-03-22,2024-06-25,4.35,5.075,9.774999999999999,9.024999999999999,15.209999084472656,0.0,46.525,0.20500000000000002,942.5000000000001,1520.9999084472656,-578.4999084472655,1879.9999999999998,4673.0,2793.0,937.4999999999997,2214.5000915527344,236.2133430989584
MU,2024-06-26,2024-06-20,2024-06-20,2024-06-28,2024-09-24,6.1,16.375,15.7,23.95,0.0,23.470001220703125,0.060000000000000005,60.975,2247.5,2347.0001220703125,-99.5001220703125,3965.0,6103.5,2138.5,1717.5,2038.9998779296875,118.71906130594978
MU,2024-09-25,2024-09-18,2024-09-18,2024-09-27,2024-12-17,5.949999999999999,3.475,11.2,7.85,22.5,0.0,23.575000000000003,0.27,942.4999999999999,2250.0,-1307.5,1904.9999999999998,2384.5000000000005,479.5000000000007,962.4999999999999,-827.9999999999993,-86.02597402597397
MU,2024-12-18,2024-12-11,2024-12-11,2024-12-20,2025-03-19,6.925,4.675,12.55,9.075,0.0,9.879997253417969,6.175,4.075,1160.0,987.9997253417969,172.00027465820312,2162.5,1025.0,-1137.5,1002.5,-965.4997253417969,-96.30919953534134
MU,2025-03-20,2025-03-13,2025-03-13,2025-03-21,2025-06-24,5.725,5.675000000000001,13.125,11.925,0.0,0.279998779296875,33.3,0.295,1140.0,27.9998779296875,1112.0001220703125,2505.0,3359.5,854.5,1365.0,1966.5001220703125,144.0659430088141
MU,2025-06-25,2025-06-18,2025-06-18,2025-06-27,2025-09-22,7.025,5.1,16.0,12.625,4.760002136230469,0.0,45.474999999999994,0.5700000000000001,1212.5,476.0002136230469,736.4997863769531,2862.5,4604.499999999999,1741.999999999999,1650.0,2478.499786376952,150.21210826526982
MU,2025-09-23,2025-09-16,2025-09-16,2025-09-26,2025-12-16,8.425,9.4,17.375,16.799999999999997,0.0,2.7299957275390625,72.875,0.055,1782.5000000000002,272.99957275390625,1509.500427246094,3417.4999999999995,7293.000000000001,3875.5000000000014,1634.9999999999993,5385.000427246096,329.35782429639744
MU,2025-12-17,2025-12-10,2025-12-10,2025-12-19,2026-03-17,16.9,12.85,39.9,32.75,5.920013427734375,0.0,201.45,0.04,2975.0,592.0013427734375,2382.9986572265625,7265.000000000001,20148.999999999996,12883.999999999996,4290.000000000001,15266.998657226559,355.8740945740456
MU,2026-03-18,2026-03-11,2026-03-11,2026-03-20,2026-04-30,24.65,25.525,73.475,68.75,2.899993896484375,0.0,126.7,25.875,5017.5,289.9993896484375,4727.5006103515625,14222.5,15257.499999999998,1034.9999999999982,9205.0,5762.500610351561,62.60185345303162
NFLX,2016-01-19,2016-01-12,2016-02-23,2016-01-22,2016-04-15,8.25,6.6,2.2350000000000003,27.799999999999997,0.0,14.280004501342773,5.55,8.975000000000001,1485.0,1428.0004501342773,56.999549865722656,3003.4999999999995,1452.5000000000002,-1550.9999999999993,1518.4999999999995,-1494.0004501342767,-98.38659533317598
NFLX,2016-04-18,2016-04-11,2016-04-27,2016-04-22,2016-07-15,5.075,7.325,3.425,17.200000000000003,0.0,9.099998474121094,3.065,9.6,1240.0,909.9998474121094,330.0001525878906,2062.5000000000005,1266.5,-796.0000000000005,822.5000000000005,-465.99984741210983,-56.6565164026881
NFLX,2016-07-18,2016-07-11,2016-07-18,2016-07-22,2016-10-14,5.05,5.325,11.275,7.4,0.0,9.110002517700195,8.95,2.495,1037.5,911.0002517700195,126.49974822998047,1867.5,1144.5,-723.0,830.0,-596.5002517700195,-71.86750021325537
NFLX,2016-10-17,2016-10-10,2016-12-19,2016-10-21,2017-01-17,4.575,6.199999999999999,21.950000000000003,1.2149999999999999,22.5,0.0,28.025,0.14500000000000002,1077.4999999999998,2250.0,-1172.5000000000002,2316.5000000000005,2817.0,500.49999999999955,1239.0000000000007,-672.0000000000007,-54.23728813559324
NFLX,2017-01-18,2017-01-11,2017-01-23,2017-01-20,2017-04-13,7.0,6.475,12.95,5.625,8.599996566772461,0.0,14.25,1.22,1347.5,859.9996566772461,487.5003433227539,1857.5,1547.0,-310.5,510.0,177.0003433227539,34.70594967112822
NFLX,2017-04-17,2017-04-10,2017-04-19,2017-04-21,2017-07-14,5.449999999999999,6.575,6.6,11.425,0.0,2.130002975463867,17.6,1.4300000000000002,1202.4999999999998,213.00029754638672,989.499702453613,1802.4999999999998,1903.0,100.50000000000023,600.0,1089.9997024536133,181.6666170756022
NFLX,2017-07-17,2017-07-10,2017-07-19,2017-07-21,2017-10-13,6.125,8.375,32.6,3.0250000000000004,33.540000915527344,0.0,44.775,0.09,1450.0,3354.0000915527344,-1904.0000915527344,3562.5,4486.5,924.0,2112.5,-980.0000915527344,-46.39053687823595
NFLX,2017-10-16,2017-10-09,2017-11-16,2017-10-20,2018-01-19,9.4,7.525,13.9,12.5,0.0,0.839996337890625,27.825,2.065,1692.5,83.9996337890625,1608.5003662109375,2640.0,2989.0,349.0,947.5,1957.5003662109375,206.59634471883246
NFLX,2018-01-22,2018-01-16,2018-01-16,2018-01-26,2018-04-13,9.975,8.35,17.5,14.774999999999999,54.59999084472656,0.0,91.775,0.14,1832.5,5459.999084472656,-3627.4990844726562,3227.5,9191.5,5964.0,1395.0,2336.5009155273438,167.49110505572358
NFLX,2018-04-16,2018-04-09,2018-04-23,2018-04-20,2018-07-13,16.375,16.1,42.175,12.3,37.77000427246094,0.0,105.875,0.115,3247.5,3777.0004272460938,-529.5004272460938,5447.499999999999,10599.0,5151.500000000001,2199.999999999999,4621.999572753907,210.09088967063227
NFLX,2018-07-16,2018-07-09,2018-07-17,2018-07-20,2018-10-15,19.75,20.4,16.275,54.05,0.0,58.95000457763672,0.19,86.9,4015.0,5895.000457763672,-1880.0004577636719,7032.499999999999,8709.0,1676.500000000001,3017.499999999999,-203.50045776367097,-6.744008542292329
NFLX,2018-10-16,2018-10-09,2018-10-09,2018-10-19,2019-01-16,15.875,19.65,31.375,32.95,0.0,27.33001708984375,10.55,19.025,3552.5,2733.001708984375,819.498291015625,6432.5,2957.5,-3475.0,2880.0,-2655.501708984375,-92.20492045084634
NFLX,2019-07-17,2019-07-10,2019-07-10,2019-07-19,2019-10-15,14.05,12.85,31.2,27.85,0.0,64.89999771118164,0.18,95.875,2690.0,6489.999771118164,-3799.999771118164,5905.0,9605.5,3700.5,3215.0,-99.49977111816406,-3.094860687967778
NFLX,2019-10-16,2019-10-09,2019-10-28,2019-10-18,2020-01-17,13.825,16.15,29.925,16.225,5.300006866455078,0.0,70.65,0.55,2997.5,530.0006866455078,2467.499313354492,4615.000000000001,7120.0,2504.999999999999,1617.500000000001,4972.499313354491,307.4188138086237
NFLX,2020-01-21,2020-01-14,2020-01-23,2020-01-24,2020-04-20,13.525,14.625,32.65,21.3,13.160018920898438,0.0,101.825,4.225,2815.0,1316.0018920898438,1498.9981079101562,5395.0,10605.0,5210.0,2580.0,6708.998107910156,260.0386863531068
NFLX,2020-04-21,2020-04-14,2020-04-23,2020-04-24,2020-07-15,23.424999999999997,20.125,51.575,34.2,14.990005493164062,0.0,113.4,0.45499999999999996,4355.0,1499.0005493164062,2855.9994506835938,8577.5,11385.5,2808.0,4222.5,5663.999450683594,134.13853050760437
NFLX,2020-07-16,2020-07-09,2020-07-09,2020-07-17,2020-10-19,25.175,17.275,60.6,51.425,0.0,7.010002136230469,53.8,22.725,4245.0,701.0002136230469,3543.999786376953,11202.5,7652.500000000001,-3549.999999999999,6957.5,-6.0002136230459655,-0.08624094319864845
NFLX,2020-10-20,2020-10-13,2020-10-13,2020-10-23,2021-01-15,28.85,24.6,71.44999999999999,65.75,0.0,61.720008850097656,10.875,62.575,5345.0,6172.000885009766,-827.0008850097656,13719.999999999998,7345.0,-6374.999999999998,8374.999999999998,-7202.000885009764,-85.99404041802705
NFLX,2021-01-19,2021-01-12,2021-02-19,2021-01-22,2021-04-19,23.299999999999997,19.025,73.6,22.325,75.16998291015625,0.0,69.0,4.875,4232.5,7516.998291015625,-3284.498291015625,9592.5,7387.5,-2205.0,5360.0,-5489.498291015625,-102.41601289208255
NFLX,2021-04-20,2021-04-13,2021-05-06,2021-04-23,2021-07-19,22.525,18.95,15.6,65.425,0.0,44.44999694824219,15.975000000000001,34.099999999999994,4147.499999999999,4444.999694824219,-297.49969482421966,8102.499999999999,5007.5,-3094.999999999999,3955.0,-3392.4996948242188,-85.77748912324195
NFLX,2021-07-20,2021-07-13,2021-07-23,2021-07-23,2021-10-18,14.3,23.75,20.125,53.625,0.0,34.589996337890625,91.125,2.785,3804.9999999999995,3458.9996337890625,346.00036621093705,7375.0,9391.0,2016.0,3570.0000000000005,2362.000366210937,66.16247524400383
NFLX,2021-10-19,2021-10-12,2021-10-14,2021-10-22,2022-01-19,21.075000000000003,21.049999999999997,47.725,37.5,39.77996826171875,0.0,0.435,109.9,4212.5,3977.996826171875,234.503173828125,8522.5,11033.5,2511.0,4310.0,2745.503173828125,63.70076969438805
NFLX,2022-01-20,2022-01-13,2022-01-18,2022-01-21,2022-04-18,16.675,22.65,37.95,51.025,0.0,127.5,0.305,188.125,3932.5000000000005,12750.0,-8817.5,8897.5,18843.0,9945.5,4965.0,1128.0,22.719033232628398
NFLX,2022-04-19,2022-04-12,2022-04-28,2022-04-22,2022-07-18,19.875,15.925,1.055,140.65,0.0,124.47999954223633,0.235,148.95,3579.9999999999995,12447.999954223633,-8867.999954223633,14170.500000000002,14918.5,747.9999999999982,10590.500000000002,-8119.999954223635,-76.67248906306249
NFLX,2022-07-19,2022-07-12,2022-07-12,2022-07-22,2022-10-17,12.55,13.0,23.775,22.975,45.440006256103516,0.0,70.55000000000001,0.525,2555.0,4544.000625610352,-1989.0006256103516,4675.0,7107.500000000002,2432.500000000002,2120.0,443.49937438965026,20.91978181083256
NFLX,2022-10-18,2022-10-11,2022-10-11,2022-10-21,2023-01-18,18.325,13.85,33.275000000000006,26.75,79.57000732421875,0.0,116.45,0.045,3217.4999999999995,7957.000732421875,-4739.500732421875,6002.500000000001,11649.5,5646.999999999999,2785.0000000000014,907.4992675781241,32.58525197767051
NFLX,2023-01-19,2023-01-12,2023-01-18,2023-01-20,2023-04-17,18.9,18.5,33.95,34.3,12.5,0.0,16.4,13.4,3740.0,1250.0,2490.0,6825.0,2979.9999999999995,-3845.0000000000005,3085.0,-1355.0000000000005,-43.92220421393843
NFLX,2023-04-18,2023-04-11,2023-04-11,2023-04-21,2023-07-18,15.275,16.35,34.5,31.575,0.0,12.019996643066406,135.45,0.08,3162.5,1201.9996643066406,1960.5003356933594,6607.5,13553.0,6945.5,3445.0,8906.00033569336,258.5196033582978
NFLX,2023-07-19,2023-07-12,2023-07-12,2023-07-21,2023-10-17,21.875,17.225,43.575,33.125,0.0,12.5,0.275,83.85,3910.0,1250.0,2660.0,7670.0,8412.5,742.5,3760.0,3402.5,90.49202127659575
NFLX,2023-10-18,2023-10-11,2023-10-24,2023-10-20,2024-01-22,14.375,17.799999999999997,65.85,15.425,30.960006713867188,0.0,118.07499999999999,0.745,3217.4999999999995,3096.0006713867188,121.4993286132808,8127.499999999999,11882.0,3754.500000000001,4910.0,3875.9993286132817,78.94092318967986
NFLX,2024-01-23,2024-01-16,2024-01-16,2024-01-26,2024-04-17,20.7,18.549999999999997,40.0,31.975,90.41999816894531,0.0,134.75,0.385,3925.0,9041.999816894531,-5116.999816894531,7197.499999999999,13513.5,6316.000000000001,3272.499999999999,1199.0001831054697,36.6386610574628
NFLX,2024-04-18,2024-04-11,2024-04-11,2024-04-19,2024-07-17,29.5,25.075,56.9,44.7,0.0,69.9599838256836,39.925,16.5,5457.5,6995.998382568359,-1538.4983825683594,10160.0,5642.5,-4517.5,4702.5,-6055.998382568359,-128.78252807162912
NFLX,2024-07-18,2024-07-11,2024-07-11,2024-07-19,2024-10-16,31.425,27.45,58.275000000000006,45.8,0.0,16.660003662109375,58.925,7.175,5887.5,1666.0003662109375,4221.4996337890625,10407.5,6609.999999999999,-3797.500000000001,4520.0,423.9996337890616,9.380522871439416
NFLX,2024-10-17,2024-10-10,2024-12-06,2024-10-18,2025-01-17,33.0,26.525,223.7,4.574999999999999,38.88999938964844,0.0,141.525,5.375,5952.5,3888.9999389648438,2063.5000610351562,22827.499999999996,14690.0,-8137.499999999996,16874.999999999996,-6073.99993896484,-35.99407371238424
NFLX,2025-07-17,2025-07-10,2025-09-18,2025-07-18,2025-10-20,49.125,47.425,56.325,89.275,0.0,40.75996398925781,55.95,62.85,9655.0,4075.9963989257812,5579.003601074219,14560.000000000002,11880.000000000002,-2680.0,4905.000000000002,2899.0036010742188,59.10302958357223
NFLX,2026-01-20,2026-01-13,2026-01-13,2026-01-23,2026-04-15,4.1,3.625,8.0,6.8,0.0,3.8799972534179688,17.825,0.095,772.5,387.9997253417969,384.5002746582031,1480.0,1791.9999999999998,311.9999999999998,707.5,696.5002746582029,98.44526850292621
NFLX,2026-04-16,2026-04-09,2026-04-09,2026-04-17,2026-04-30,4.7,2.515,9.3,6.15,0.0,2.69000244140625,3.6500000000000004,9.2,721.5,269.000244140625,452.499755859375,1545.0,1285.0,-260.0,823.5,192.499755859375,23.375805204538555
NVDA,2016-08-11,2016-08-04,2016-08-22,2016-08-12,2016-11-09,3.95,1.7,9.25,1.7850000000000001,8.039999008178711,0.0,15.05,0.175,565.0,803.9999008178711,-238.9999008178711,1103.5,1522.5000000000002,419.0000000000002,538.5,180.00009918212913,33.42620226223382
NVDA,2016-11-10,2016-11-03,2016-11-22,2016-11-11,2017-02-08,2.5300000000000002,4.575,24.3,1.1400000000000001,17.969999313354492,0.0,48.599999999999994,0.025,710.5,1796.9999313354492,-1086.4999313354492,2544.0,4862.499999999999,2318.499999999999,1833.5,1232.0000686645499,67.19389520941095
NVDA,2017-02-09,2017-02-02,2017-02-21,2017-02-10,2017-05-08,5.725,5.35,7.449999999999999,11.175,0.0,1.379995346069336,0.84,13.1,1107.5,137.9995346069336,969.5004653930664,1862.5,1394.0,-468.5,755.0,501.0004653930664,66.35767753550549
NVDA,2017-05-09,2017-05-02,2017-05-22,2017-05-12,2017-08-03,3.9000000000000004,5.4,35.25,1.225,22.889995574951172,0.0,61.375,0.045,930.0000000000001,2288.999557495117,-1358.9995574951172,3647.5,6142.0,2494.5,2717.5,1135.5004425048828,41.78474489438391
NVDA,2017-08-10,2017-08-03,2017-08-03,2017-08-11,2017-11-08,7.925,6.425,16.75,14.7,0.0,9.040002822875977,45.150000000000006,0.255,1435.0,904.0002822875977,530.9997177124023,3145.0,4540.500000000001,1395.500000000001,1710.0,1926.4997177124033,112.66080220540371
NVDA,2017-11-09,2017-11-02,2017-11-02,2017-11-10,2018-02-07,6.949999999999999,10.95,17.799999999999997,20.85,6.140003204345703,0.0,23.049999999999997,3.775,1789.9999999999998,614.0003204345703,1175.9996795654295,3865.0,2682.4999999999995,-1182.5000000000005,2075.0,-6.500320434570995,-0.3132684546781202
NVDA,2018-02-08,2018-02-01,2018-02-16,2018-02-09,2018-05-09,10.85,10.375,23.799999999999997,18.6,0.0,7.9199981689453125,19.525,3.575,2122.5,791.9998168945312,1330.5001831054688,4240.0,2310.0,-1930.0,2117.5,-599.4998168945312,-28.311679664440675
NVDA,2018-05-10,2018-05-03,2018-05-21,2018-05-11,2018-08-15,10.524999999999999,7.4,26.0,10.575,24.529991149902344,0.0,29.85,0.77,1792.4999999999998,2452.9991149902344,-660.4991149902346,3657.5000000000005,3062.0,-595.5000000000005,1865.0000000000007,-1255.999114990235,-67.34579705041472
NVDA,2018-08-16,2018-08-09,2018-08-09,2018-08-17,2018-11-14,6.625,10.075,17.25,19.200000000000003,0.0,15.179996490478516,0.09,62.15,1670.0,1517.9996490478516,152.00035095214844,3645.0000000000005,6224.0,2578.9999999999995,1975.0000000000005,2731.000350952148,138.2784987823872
NVDA,2019-02-14,2019-02-07,2019-02-19,2019-02-15,2019-05-15,7.275,4.825,19.775,7.4,12.340002059936523,0.0,15.6,0.94,1210.0000000000002,1234.0002059936523,-24.000205993652116,2717.4999999999995,1654.0,-1063.4999999999995,1507.4999999999993,-1087.5002059936517,-72.13931714717428
NVDA,2019-05-16,2019-05-09,2019-05-20,2019-05-17,2019-08-14,8.524999999999999,8.225000000000001,5.55,22.775,0.0,13.470001220703125,0.505,20.375,1675.0,1347.0001220703125,327.9998779296875,2832.5,2088.0,-744.5,1157.5,-416.5001220703125,-35.98273192832073
NVDA,2019-08-15,2019-08-08,2019-08-19,2019-08-16,2019-11-13,5.525,7.15,18.825000000000003,7.800000000000001,0.0,0.43999671936035156,48.6,0.04,1267.5,43.999671936035156,1223.5003280639648,2662.5000000000005,4864.0,2201.4999999999995,1395.0000000000005,3425.0003280639644,245.51973677877874
NVDA,2019-11-14,2019-11-07,2019-11-18,2019-11-15,2020-02-12,6.949999999999999,8.475000000000001,17.075,13.9,0.0,5.809993743896484,62.775,0.155,1542.5,580.9993743896484,961.5006256103516,3097.5,6293.0,3195.5,1555.0,4157.000625610352,267.33122994278784
NVDA,2020-02-13,2020-02-06,2020-02-06,2020-02-14,2020-05-20,10.8,6.45,24.625,19.075,39.790000915527344,0.0,109.35,0.675,1725.0,3979.0000915527344,-2254.0000915527344,4370.0,11002.5,6632.5,2645.0,4378.499908447266,165.53874890159796
NVDA,2020-05-21,2020-05-14,2020-05-14,2020-05-22,2020-08-18,15.5,14.225,35.575,34.25,41.04999542236328,0.0,170.525,0.05,2972.5,4104.999542236328,-1132.4995422363281,6982.5,17057.5,10075.0,4010.0,8942.500457763672,223.00499894672495
NVDA,2020-08-19,2020-08-12,2020-08-20,2020-08-21,2020-11-17,16.95,19.375,61.7,35.125,47.34001159667969,0.0,77.1,0.7250000000000001,3632.5000000000005,4734.001159667969,-1101.5011596679683,9682.5,7782.499999999999,-1900.000000000001,6050.0,-3001.501159667969,-49.61158941599949
NVDA,2020-11-18,2020-11-11,2020-12-22,2020-11-20,2021-02-23,28.675,16.3,47.95,41.025000000000006,0.0,1.4899826049804688,53.599999999999994,13.05,4497.5,148.99826049804688,4348.501739501953,8897.5,6664.999999999999,-2232.500000000001,4400.0,2116.001739501952,48.09094862504437
NVDA,2021-02-24,2021-02-17,2021-02-17,2021-02-26,2021-05-25,21.425,25.1,65.825,68.6,0.0,51.41998291015625,39.7,13.875,4652.500000000001,5141.998291015625,-489.4982910156241,13442.500000000002,5357.5,-8085.000000000002,8790.0,-8574.498291015625,-97.54833095580916
NVDA,2021-08-18,2021-08-11,2021-08-11,2021-08-20,2021-11-16,7.075,5.075,16.75,14.525,13.15999984741211,0.0,106.85,0.03,1215.0,1315.999984741211,-100.99998474121094,3127.5,10688.0,7560.5,1912.5,7459.500015258789,390.03921648411966
NVDA,2021-11-17,2021-11-10,2021-11-10,2021-11-19,2022-02-15,14.725,10.25,32.45,27.525,39.850006103515625,0.0,2.7,27.6,2497.5,3985.0006103515625,-1487.5006103515625,5997.5,3030.0,-2967.5,3500.0,-4455.0006103515625,-127.28573172433035
NVDA,2022-02-16,2022-02-09,2022-02-09,2022-02-18,2022-05-24,10.975,13.825,30.475,32.8,0.0,33.57999801635742,0.08,108.57499999999999,2479.9999999999995,3357.999801635742,-877.9998016357426,6327.5,10865.499999999998,4537.999999999998,3847.5000000000005,3660.0001983642555,95.12671080868759
NVDA,2022-05-25,2022-05-18,2022-05-18,2022-05-27,2022-08-23,10.225,10.625,23.700000000000003,24.075,18.110008239746094,0.0,10.8,8.7,2085.0,1811.0008239746094,273.9991760253906,4777.500000000001,1950.0,-2827.500000000001,2692.500000000001,-2553.5008239746103,-94.83754220889914
NVDA,2022-08-24,2022-08-17,2022-08-17,2022-08-26,2022-11-15,6.35,7.85,18.549999999999997,18.525,0.0,22.39999771118164,1.2850000000000001,19.6,1420.0,2239.999771118164,-819.9997711181641,3707.4999999999995,2088.5,-1618.9999999999995,2287.4999999999995,-2438.9997711181636,-106.62294081390881
NVDA,2022-11-16,2022-11-09,2022-11-09,2022-11-18,2023-02-21,5.95,8.0,18.9,19.0,14.090003967285156,0.0,67.1,0.32999999999999996,1395.0,1409.0003967285156,-14.000396728515625,3790.0,6742.999999999999,2952.999999999999,2395.0,2938.9996032714835,122.71397090903898
NVDA,2023-02-22,2023-02-15,2023-02-15,2023-02-24,2023-05-23,9.024999999999999,11.1,27.625,26.625,2.8599929809570312,0.0,78.225,0.5449999999999999,2012.5,285.9992980957031,1726.5007019042969,5425.0,7877.0,2452.0,3412.5,4178.500701904297,122.44690701551053
NVDA,2023-05-24,2023-05-17,2023-05-17,2023-05-26,2023-08-22,12.75,10.5,34.5,27.875,89.45999145507812,0.0,158.475,0.74,2325.0,8945.999145507812,-6620.9991455078125,6237.5,15921.5,9684.0,3912.5,3063.0008544921875,78.28756177615814
NVDA,2023-08-23,2023-08-16,2023-08-16,2023-08-25,2023-11-20,29.45,23.700000000000003,59.375,46.775,30.180015563964844,0.0,79.725,3.7249999999999996,5315.000000000001,3018.0015563964844,2296.9984436035165,10615.0,8344.999999999998,-2270.000000000002,5299.999999999999,26.998443603514716,0.5094045962927306
NVDA,2023-11-21,2023-11-14,2023-11-14,2023-11-24,2024-02-20,20.5,22.950000000000003,54.95,49.2,0.0,22.239990234375,198.85,1.83,4345.0,2223.9990234375,2121.0009765625,10415.0,20068.0,9653.0,6070.0,11774.0009765625,193.97036205210048
NVDA,2024-02-21,2024-02-14,2024-02-14,2024-02-23,2024-05-21,39.475,49.599999999999994,86.425,84.9,38.170013427734375,0.0,211.1,3.4,8907.499999999998,3817.0013427734375,5090.498657226561,17132.5,21450.0,4317.5,8225.000000000002,9407.99865722656,114.38296239789129
NVDA,2024-08-28,2024-08-21,2024-08-21,2024-08-30,2024-11-19,6.5,7.85,17.175,16.5,0.0,10.629997253417969,20.175,2.58,1435.0,1062.9997253417969,372.0002746582031,3367.4999999999995,2275.5000000000005,-1091.999999999999,1932.4999999999995,-719.999725341796,-37.257424338514674
NVDA,2024-11-20,2024-11-13,2024-11-13,2024-11-22,2025-02-25,7.75,6.15,19.725,15.7,0.0,3.0500030517578125,3.375,21.424999999999997,1390.0,305.00030517578125,1084.9996948242188,3542.4999999999995,2479.9999999999995,-1062.5,2152.4999999999995,22.49969482421875,1.0452819895107435
NVDA,2025-02-26,2025-02-19,2025-02-19,2025-02-28,2025-05-27,6.05,6.65,16.425,15.05,0.0,15.080001831054688,5.074999999999999,9.25,1270.0,1508.0001831054688,-238.00018310546875,3147.5,1432.5,-1715.0,1877.5,-1953.0001831054688,-104.02131467938582
NVDA,2025-05-28,2025-05-21,2025-05-21,2025-05-30,2025-08-26,6.725,4.775,16.375,12.625,5.1300048828125,0.0,52.15,0.325,1150.0,513.00048828125,636.99951171875,2900.0,5247.5,2347.5,1750.0,2984.49951171875,170.54282924107142
NVDA,2025-08-27,2025-08-20,2025-08-20,2025-08-29,2025-11-18,7.0,6.35,16.2,13.575,0.0,0.82000732421875,10.75,4.125,1335.0,82.000732421875,1252.999267578125,2977.5,1487.5,-1490.0,1642.5,-237.000732421875,-14.429268336187215
NVDA,2025-11-19,2025-11-12,2025-11-12,2025-11-21,2026-02-24,7.3,8.2,22.2,20.225,0.0,16.1199951171875,9.399999999999999,11.05,1550.0,1611.99951171875,-61.99951171875,4242.5,2045.0,-2197.5,2692.5,-2259.49951171875,-83.91827341573817
ORCL,2016-03-15,2016-03-08,2016-05-23,2016-03-18,2016-06-15,1.38,0.735,2.145,0.46499999999999997,3.979999542236328,0.0,1.455,0.5,211.49999999999997,397.9999542236328,-186.49995422363284,261.0,195.5,-65.5,49.50000000000003,-251.99995422363284,-509.09081661339934
ORCL,2016-06-16,2016-06-09,2016-06-09,2016-06-17,2016-09-14,0.48,1.435,1.28,2.33,0.0,0.31999969482421875,1.01,0.75,191.5,31.999969482421875,159.50003051757812,361.00000000000006,176.0,-185.00000000000006,169.50000000000006,-25.499969482421932,-15.044229783139778
ORCL,2016-09-15,2016-09-08,2016-09-08,2016-09-16,2016-12-14,1.2650000000000001,0.5549999999999999,2.045,1.4249999999999998,0.0,1.0800018310546875,1.315,0.435,182.0,108.00018310546875,73.99981689453125,347.0,175.0,-172.0,165.0,-98.00018310546875,-59.39405036695076
ORCL,2016-12-15,2016-12-08,2016-12-08,2016-12-16,2017-03-14,1.045,0.705,1.85,1.57,0.0,0.9000015258789062,2.9050000000000002,0.10500000000000001,175.0,90.00015258789062,84.99984741210938,342.0,301.0,-41.0,167.0,43.999847412109375,26.347214019227174
ORCL,2017-03-15,2017-03-08,2017-06-19,2017-03-17,2017-06-20,0.875,0.745,3.45,0.28500000000000003,3.1599998474121094,0.0,3.575,0.315,162.0,315.99998474121094,-153.99998474121094,373.50000000000006,389.0,15.499999999999943,211.50000000000006,-138.499984741211,-65.48462635518248
ORCL,2017-06-21,2017-06-14,2017-06-14,2017-06-23,2017-09-08,0.905,1.1,1.63,1.895,5.950000762939453,0.0,6.675,0.045,200.5,595.0000762939453,-394.5000762939453,352.5,672.0,319.5,152.0,-75.00007629394531,-49.34215545654297
ORCL,2017-09-14,2017-09-07,2017-09-07,2017-09-15,2017-12-13,2.205,0.505,3.125,1.44,0.0,1.2599983215332031,1.22,1.125,271.0,125.99983215332031,145.0001678466797,456.49999999999994,234.49999999999997,-221.99999999999997,185.49999999999994,-76.99983215332028,-41.509343478878876
ORCL,2018-03-19,2018-03-12,2018-04-05,2018-03-23,2018-06-18,0.55,2.5,0.155,9.225,0.0,10.209999084472656,0.030000000000000002,8.775,305.0,1020.9999084472656,-715.9999084472656,937.9999999999999,880.5,-57.499999999999886,632.9999999999999,-773.4999084472655,-122.19587811173234
ORCL,2018-06-19,2018-06-12,2018-09-07,2018-06-22,2018-09-14,1.8250000000000002,0.84,1.56,1.19,0.0,3.4000015258789062,2.4850000000000003,0.72,266.5,340.0001525878906,-73.50015258789062,275.0,320.5,45.5,8.5,-28.000152587890625,-329.41355985753677
ORCL,2018-09-17,2018-09-10,2018-09-10,2018-09-21,2018-12-14,0.9,2.015,2.1,3.0700000000000003,1.0999984741210938,0.0,0.325,3.675,291.5,109.99984741210938,181.50015258789062,517.0,400.0,-117.0,225.5,64.50015258789062,28.603171879330652
ORCL,2019-03-14,2019-03-07,2019-03-07,2019-03-15,2019-06-18,0.365,2.7350000000000003,1.44,3.7249999999999996,0.0,2.0600013732910156,0.44,2.5149999999999997,310.00000000000006,206.00013732910156,103.9998626708985,516.4999999999999,295.49999999999994,-220.99999999999994,206.49999999999983,-117.00013732910145,-56.65866214484336
ORCL,2019-06-19,2019-06-12,2019-06-12,2019-06-21,2019-09-10,0.735,2.065,2.0300000000000002,3.325,1.1199989318847656,0.0,2.02,1.565,280.0,111.99989318847656,168.00010681152344,535.5,358.5,-177.0,255.5,-8.999893188476562,-3.5224630874663645
ORCL,2019-09-11,2019-09-04,2019-09-04,2019-09-13,2019-12-11,0.11,2.085,2.0599999999999996,4.05,0.0,1.25,2.22,0.895,219.49999999999997,125.0,94.49999999999997,611.0,311.5,-299.5,391.5,-205.00000000000003,-52.36270753512133
ORCL,2019-12-12,2019-12-05,2019-12-05,2019-12-13,2020-03-11,1.165,1.44,2.61,2.865,0.0,0.4900016784667969,0.09,10.525,260.5,49.00016784667969,211.4998321533203,547.5,1061.5,514.0,287.0,725.4998321533203,252.78739796282937
ORCL,2020-03-12,2020-03-05,2020-03-05,2020-03-13,2020-06-15,3.3850000000000002,1.455,3.825,3.45,0.43000030517578125,0.0,5.925000000000001,0.15,484.0,43.000030517578125,440.9999694824219,727.5,607.5000000000001,-119.99999999999989,243.5,320.999969482422,131.82750286752443
ORCL,2020-06-16,2020-06-09,2020-06-09,2020-06-19,2020-09-09,1.3450000000000002,2.06,2.915,3.875,0.0,0.5999984741210938,3.175,1.2200000000000002,340.5,59.999847412109375,280.5001525878906,679.0,439.49999999999994,-239.50000000000006,338.5,41.00015258789057,12.11230504812129
ORCL,2020-09-10,2020-09-03,2020-09-03,2020-09-11,2020-12-09,2.71,0.555,5.6,3.7,2.0,0.0,5.1,0.29500000000000004,326.5,200.0,126.5,930.0000000000001,539.5,-390.5000000000001,603.5000000000001,-264.0000000000001,-43.74482187241095
ORCL,2020-12-10,2020-12-03,2020-12-03,2020-12-11,2021-03-09,0.9750000000000001,1.855,3.175,4.075,0.6100006103515625,0.0,12.775,0.095,283.0,61.00006103515625,221.99993896484375,725.0,1287.0,562.0,442.0,783.9999389648438,177.37555180200084
ORCL,2021-03-10,2021-03-03,2021-03-03,2021-03-12,2021-06-09,3.37,0.865,5.15,3.325,2.160003662109375,0.0,19.549999999999997,0.07500000000000001,423.50000000000006,216.0003662109375,207.49963378906256,847.5000000000001,1962.4999999999995,1114.9999999999995,424.00000000000006,1322.499633789062,311.9102909879863
ORCL,2021-06-15,2021-06-08,2021-06-08,2021-06-18,2021-09-10,2.0949999999999998,2.415,4.175,4.75,0.0,8.769996643066406,5.525,0.875,451.0,876.9996643066406,-425.9996643066406,892.5000000000001,640.0,-252.5000000000001,441.5000000000001,-678.4996643066407,-153.68055816684952
ORCL,2021-09-13,2021-09-07,2021-09-07,2021-09-17,2021-12-08,2.04,3.325,4.45,5.875,0.0,3.6100006103515625,2.145,3.175,536.5,361.00006103515625,175.49993896484375,1032.5,532.0,-500.5,496.0,-325.00006103515625,-65.52420585386216
ORCL,2021-12-09,2021-12-02,2021-12-02,2021-12-10,2022-03-09,1.875,1.92,6.025,6.125,12.629997253417969,0.0,0.33499999999999996,14.350000000000001,379.5,1262.9997253417969,-883.4997253417969,1215.0,1468.5000000000002,253.50000000000023,835.5,-629.9997253417966,-75.40391685718691
ORCL,2022-03-10,2022-03-03,2022-03-03,2022-03-11,2022-06-10,2.435,4.175,5.1,7.0,0.0,2.1800003051757812,0.1,12.875,661.0,218.00003051757812,442.9999694824219,1210.0,1297.5,87.5,549.0,530.4999694824219,96.63023123541382
ORCL,2022-06-13,2022-06-06,2022-06-06,2022-06-17,2022-09-09,1.6600000000000001,3.675,4.075,6.1,0.0,7.279998779296875,2.935,1.97,533.5,727.9998779296875,-194.4998779296875,1017.5000000000001,490.5,-527.0000000000001,484.0000000000001,-721.4998779296876,-149.07022271274536
ORCL,2022-09-12,2022-09-06,2022-09-06,2022-09-16,2022-12-09,2.245,3.35,5.075,5.9,0.0,6.1699981689453125,6.325,1.365,559.5000000000001,616.9998168945312,-57.499816894531136,1097.5000000000002,769.0,-328.5000000000002,538.0000000000001,-385.99981689453136,-71.74717786143704
ORCL,2022-12-12,2022-12-05,2022-12-05,2022-12-16,2023-03-08,2.77,3.25,5.75,5.625,0.0,0.4199981689453125,8.9,0.31,602.0,41.99981689453125,560.0001831054688,1137.5,921.0000000000001,-216.4999999999999,535.5,343.50018310546886,64.14569245667019
ORCL,2023-03-09,2023-03-02,2023-03-02,2023-03-10,2023-06-09,3.075,1.0350000000000001,7.025,4.225,0.0,0.9300003051757812,24.975,0.03,411.00000000000006,93.00003051757812,317.99996948242193,1125.0,2500.5000000000005,1375.5000000000005,714.0,1693.4999694824223,237.18486967540932
ORCL,2023-06-12,2023-06-05,2023-06-05,2023-06-16,2023-09-08,4.125,2.02,7.625,4.625,20.459999084472656,0.0,21.5,0.055,614.5,2045.9999084472656,-1431.4999084472656,1225.0,2155.5,930.5,610.5,-500.9999084472656,-82.06386706752917
ORCL,2023-09-11,2023-09-05,2023-09-05,2023-09-15,2023-12-08,6.1,1.955,10.925,5.5,0.0,6.089996337890625,1.315,7.625,805.5,608.9996337890625,196.5003662109375,1642.5,894.0,-748.5,837.0,-551.9996337890625,-65.94977703573028
ORCL,2023-12-11,2023-12-04,2023-12-04,2023-12-15,2024-03-08,4.425,3.425,8.3,6.15,0.0,11.680000305175781,3.875,6.325,785.0,1168.0000305175781,-383.0000305175781,1445.0,1019.9999999999999,-425.0000000000001,660.0,-808.0000305175782,-122.42424704811792
ORCL,2024-03-11,2024-03-04,2024-03-04,2024-03-15,2024-06-10,4.25,4.95,8.225000000000001,7.825,10.540000915527344,0.0,11.25,1.305,919.9999999999999,1054.0000915527344,-134.0000915527345,1605.0,1255.5,-349.5,685.0000000000001,-483.5000915527345,-70.5839549712021
ORCL,2024-06-11,2024-06-04,2024-06-04,2024-06-14,2024-09-06,4.3,4.0,8.65,7.075,18.1300048828125,0.0,22.325000000000003,0.41000000000000003,830.0000000000001,1813.00048828125,-983.0004882812499,1572.5000000000002,2273.5000000000005,701.0000000000002,742.5000000000001,-282.00048828124966,-37.97986374158244
ORCL,2024-09-09,2024-09-03,2024-09-03,2024-09-13,2024-12-06,5.300000000000001,5.65,11.0,9.875,22.029998779296875,0.0,52.35,0.09,1095.0,2202.9998779296875,-1107.9998779296875,2087.5,5244.000000000001,3156.500000000001,992.5,2048.5001220703134,206.39799718592576
ORCL,2024-12-09,2024-12-02,2024-12-02,2024-12-13,2025-03-07,8.5,6.725,15.95,12.275,0.0,6.6100006103515625,1.24,25.75,1522.5,661.0000610351562,861.4999389648438,2822.5,2699.0,-123.5,1300.0,737.9999389648438,56.76922607421875
ORCL,2025-03-10,2025-03-03,2025-03-03,2025-03-14,2025-06-10,9.325,7.0,17.1,13.25,0.0,10.729995727539062,19.225,1.49,1632.5,1072.9995727539062,559.5004272460938,3035.0,2071.5,-963.5,1402.5,-403.99957275390625,-28.805673636642158
ORCL,2025-06-11,2025-06-04,2025-06-04,2025-06-13,2025-09-08,6.6,8.325,14.149999999999999,14.825,45.220001220703125,0.0,68.67500000000001,0.14500000000000002,1492.5,4522.0001220703125,-3029.5001220703125,2897.5,6882.000000000001,3984.500000000001,1405.0,954.9998779296884,67.97152156083192
ORCL,2025-09-09,2025-09-02,2025-09-02,2025-09-12,2025-12-09,8.75,13.175,21.6,23.925,62.17999267578125,0.0,9.85,17.85,2192.5,6217.999267578125,-4025.499267578125,4552.500000000001,2770.0000000000005,-1782.5000000000005,2360.000000000001,-5807.999267578125,-246.10166388042893
ORCL,2025-12-10,2025-12-03,2025-12-03,2025-12-12,2026-03-09,11.525,13.5,24.75,24.35,0.0,20.029998779296875,0.385,59.25,2502.5,2002.9998779296875,499.5001220703125,4910.0,5963.5,1053.5,2407.5,1553.0001220703125,64.50675481081257
PDD,2019-03-13,2019-03-06,2019-04-22,2019-03-15,2019-05-17,1.725,1.75,0.45,6.25,0.0,5.479999542236328,0.15000000000000002,7.35,347.5,547.9999542236328,-200.4999542236328,670.0,750.0,80.0,322.5,-120.49995422363281,-37.36432689104893
PDD,2020-05-22,2020-05-15,2020-05-15,2020-05-29,2020-08-20,5.15,3.9499999999999997,10.1,8.7,6.870002746582031,0.0,37.45,0.285,910.0,687.0002746582031,222.99972534179688,1879.9999999999998,3773.5,1893.5000000000002,969.9999999999998,2116.499725341797,218.19584797338115
PDD,2020-08-21,2020-08-14,2020-09-15,2020-08-28,2020-11-11,6.475,6.55,8.850000000000001,11.149999999999999,4.1999969482421875,0.0,27.5,0.74,1302.4999999999998,419.99969482421875,882.500305175781,2000.0,2824.0,824.0,697.5000000000002,1706.500305175781,244.65954196068535
PDD,2020-11-12,2020-11-05,2021-01-15,2020-11-13,2021-03-15,6.325,8.5,48.7,2.9699999999999998,36.28999328613281,0.0,43.675,0.060000000000000005,1482.5,3628.9993286132812,-2146.4993286132812,5167.0,4373.5,-793.5,3684.5,-2939.9993286132812,-79.79371227068208
PDD,2021-03-17,2021-03-10,2021-03-10,2021-03-19,2021-05-25,6.775,8.375,18.55,19.125,0.0,8.199996948242188,2.175,21.875,1515.0,819.9996948242188,695.0003051757812,3767.4999999999995,2405.0,-1362.4999999999995,2252.4999999999995,-667.4996948242183,-29.63372674025387
PDD,2021-05-26,2021-05-19,2021-07-15,2021-05-28,2021-08-23,8.399999999999999,6.324999999999999,4.1,18.65,0.0,0.12000274658203125,0.33499999999999996,44.4,1472.4999999999998,12.000274658203125,1460.4997253417966,2275.0,4473.5,2198.5,802.5000000000002,3658.999725341797,455.95012153791845
PDD,2021-08-24,2021-08-17,2021-10-14,2021-08-27,2021-11-24,4.375,4.875,17.75,3.75,14.629997253417969,0.0,7.550000000000001,6.15,925.0,1462.9997253417969,-537.9997253417969,2150.0,1370.0,-780.0,1225.0,-1317.9997253417969,-107.59181431361607
PDD,2022-03-21,2022-03-14,2022-03-14,2022-03-25,2022-05-26,4.0,3.45,6.699999999999999,5.95,19.240001678466797,0.0,17.225,0.27,745.0,1924.0001678466797,-1179.0001678466797,1264.9999999999998,1749.5,484.5000000000002,519.9999999999998,-694.5001678466795,-133.55772458589996
PDD,2022-05-27,2022-05-20,2022-07-14,2022-06-03,2022-08-26,4.25,3.375,16.674999999999997,1.73,10.900001525878906,0.0,17.925,0.30000000000000004,762.5,1090.0001525878906,-327.5001525878906,1840.4999999999998,1822.5000000000002,-17.999999999999545,1077.9999999999998,-345.50015258789017,-32.05010691909928
PDD,2022-11-28,2022-11-21,2022-11-21,2022-12-02,2023-03-17,3.575,5.875,12.225000000000001,13.375,16.339996337890625,0.0,23.549999999999997,0.77,944.9999999999999,1633.9996337890625,-688.9996337890626,2560.0,2431.9999999999995,-128.00000000000045,1615.0,-816.9996337890631,-50.58821261851784
PDD,2023-03-20,2023-03-13,2023-03-13,2023-03-24,2023-05-25,6.199999999999999,4.925,12.55,10.375,0.0,16.040000915527344,0.33499999999999996,30.200000000000003,1112.5,1604.0000915527344,-491.5000915527344,2292.5,3053.5000000000005,761.0000000000005,1180.0,269.4999084472661,22.838975292141193
PDD,2023-05-26,2023-05-19,2023-05-19,2023-06-02,2023-08-28,4.225,3.55,8.875,7.375,9.540000915527344,0.0,21.299999999999997,0.115,777.5,954.0000915527344,-176.50009155273438,1625.0,2141.4999999999995,516.4999999999995,847.5,339.99990844726517,40.11798329761241
PDD,2023-08-29,2023-08-22,2023-08-22,2023-09-01,2023-11-27,5.5,2.855,11.524999999999999,7.775,28.290000915527344,0.0,43.0,0.05,835.5,2829.0000915527344,-1993.5000915527344,1929.9999999999998,4305.0,2375.0,1094.4999999999998,381.4999084472656,34.85609031039431
PDD,2023-11-28,2023-11-21,2023-11-21,2023-12-01,2024-03-19,7.4,4.85,17.325,12.55,30.270004272460938,0.0,17.15,3.9000000000000004,1225.0,3027.0004272460938,-1802.0004272460938,2987.5,2104.9999999999995,-882.5000000000005,1762.5,-2684.500427246094,-152.3120809785018
PDD,2024-03-20,2024-03-13,2024-03-13,2024-03-22,2024-05-21,10.725000000000001,8.175,17.675,13.625,2.9899978637695312,0.0,26.4,0.675,1890.0000000000002,298.9997863769531,1591.000213623047,3130.0,2707.5,-422.5,1239.9999999999998,1168.500213623047,94.23388819540705
PDD,2024-05-22,2024-05-15,2024-05-15,2024-05-24,2024-08-23,7.35,5.85,17.675,13.774999999999999,17.57000732421875,0.0,7.449999999999999,7.15,1320.0,1757.000732421875,-437.000732421875,3145.0,1460.0,-1685.0,1825.0,-2122.000732421875,-116.2740127354452
PDD,2024-08-26,2024-08-19,2024-08-19,2024-08-30,2024-11-20,6.800000000000001,5.35,15.775,12.025,0.0,53.88999938964844,0.7949999999999999,33.400000000000006,1215.0,5388.999938964844,-4173.999938964844,2780.0,3419.500000000001,639.5000000000009,1565.0,-3534.499938964843,-225.84664146740212
PDD,2024-11-21,2024-11-14,2024-11-14,2024-11-22,2025-03-19,6.575,4.05,14.875,10.625,0.0,9.930000305175781,16.05,0.715,1062.5,993.0000305175781,69.49996948242188,2550.0,1676.5,-873.5,1487.5,-804.0000305175781,-54.050422219669116
PDD,2025-03-20,2025-03-13,2025-03-13,2025-03-21,2025-05-23,5.800000000000001,6.85,13.3,12.65,6.6399993896484375,0.0,6.05,6.925,1265.0,663.9999389648438,601.0000610351562,2595.0000000000005,1297.5,-1297.5000000000005,1330.0000000000005,-696.4999389648442,-52.3684164635221
PDD,2025-05-27,2025-05-20,2025-05-20,2025-05-30,2025-08-22,6.275,3.675,14.1,9.875,0.0,18.48999786376953,13.225000000000001,1.53,994.9999999999999,1848.9997863769531,-853.9997863769532,2397.5,1475.5,-922.0,1402.5,-1775.9997863769531,-126.63100081119096
PDD,2025-08-25,2025-08-18,2025-08-18,2025-08-29,2025-11-17,4.625,6.075,9.575,9.774999999999999,0.220001220703125,0.0,10.725,1.4,1070.0,22.0001220703125,1047.9998779296875,1934.9999999999998,1212.5,-722.4999999999998,864.9999999999998,325.4998779296877,37.630043691293395
PDD,2025-11-18,2025-11-11,2025-11-11,2025-11-21,2026-03-24,6.050000000000001,3.65,15.524999999999999,10.35,0.0,21.76000213623047,0.16999999999999998,36.7,970.0000000000001,2176.000213623047,-1206.0002136230469,2587.5,3687.0000000000005,1099.5000000000005,1617.5,-106.50021362304642,-6.584248137437182
PLTR,2021-05-11,2021-05-04,2021-05-04,2021-05-14,2021-08-11,1.085,1.4649999999999999,2.785,3.1,0.0,1.9200000762939453,1.34,0.97,254.99999999999997,192.00000762939453,62.99999237060544,588.5,231.0,-357.5,333.5,-294.50000762939453,-88.3058493641363
PLTR,2021-08-12,2021-08-05,2021-08-05,2021-08-13,2021-11-08,0.815,1.3,2.395,2.795,1.8999996185302734,0.0,3.9499999999999997,0.24,211.50000000000003,189.99996185302734,21.500038146972685,519.0,418.99999999999994,-100.00000000000006,307.5,-78.49996185302737,-25.528442879033292
PLTR,2021-11-09,2021-11-02,2021-11-02,2021-11-12,2022-02-16,1.7149999999999999,0.79,3.4000000000000004,2.43,0.0,2.1700000762939453,0.015,11.05,250.5,217.00000762939453,33.49999237060547,583.0,1106.5000000000002,523.5000000000002,332.5,556.9999923706057,167.51879469792652
PLTR,2022-02-17,2022-02-10,2022-02-10,2022-02-18,2022-05-06,0.6950000000000001,1.135,1.73,2.13,0.0,2.979999542236328,0.065,4.575,183.0,297.9999542236328,-114.99995422363281,386.0,464.00000000000006,78.00000000000006,203.0,-36.999954223632756,-18.22657843528707
PLTR,2022-05-09,2022-05-02,2022-05-02,2022-05-13,2022-08-05,0.7,0.955,1.66,1.88,0.0,2.6599998474121094,1.06,0.595,165.49999999999997,265.99998474121094,-100.49998474121097,354.0,165.5,-188.5,188.50000000000003,-288.99998474121094,-153.31564177252568
PLTR,2022-08-08,2022-08-01,2022-08-01,2022-08-12,2022-11-04,0.955,0.485,1.83,1.275,0.0,0.09000015258789062,0.10500000000000001,2.165,144.0,9.000015258789062,134.99998474121094,310.5,227.0,-83.5,166.5,51.49998474121094,30.930921766493057
PLTR,2022-11-07,2022-10-31,2022-10-31,2022-11-11,2023-02-10,0.45,0.64,1.1749999999999998,1.27,0.0,0.5900001525878906,0.125,1.6,109.00000000000001,59.00001525878906,49.99998474121095,244.49999999999997,172.5,-71.99999999999997,135.49999999999994,-22.00001525878902,-16.23617362272253
PLTR,2023-02-13,2023-02-06,2023-02-06,2023-02-17,2023-05-05,0.685,0.355,1.3599999999999999,0.935,1.1999998092651367,0.0,0.275,0.865,104.0,119.99998092651367,-15.999980926513672,229.5,114.00000000000001,-115.49999999999999,125.5,-131.49998092651367,-104.78086129602684
PLTR,2023-05-08,2023-05-01,2023-05-01,2023-05-12,2023-07-31,0.33999999999999997,0.55,0.935,1.025,1.5,0.0,11.85,0.015,89.0,150.0,-61.0,196.0,1186.5,990.5,107.0,929.5,868.6915887850467
PLTR,2023-08-07,2023-07-31,2023-07-31,2023-08-11,2023-11-01,1.67,1.795,3.325,3.2,0.0,4.590000152587891,0.08499999999999999,5.1,346.5,459.00001525878906,-112.50001525878906,652.5,518.5,-134.0,306.0,-246.50001525878906,-80.55556054208793
PLTR,2023-11-02,2023-10-26,2023-10-26,2023-11-03,2024-02-02,1.245,0.945,2.6550000000000002,2.135,3.8899993896484375,0.0,2.505,0.41000000000000003,219.0,388.99993896484375,-169.99993896484375,479.0,291.5,-187.5,260.0,-357.49993896484375,-137.4999765249399
PLTR,2024-02-05,2024-01-29,2024-01-29,2024-02-09,2024-05-03,1.22,1.09,2.495,2.1100000000000003,7.379999160766602,0.0,6.425,0.08,231.0,737.9999160766602,-506.99991607666016,460.50000000000006,650.5,189.99999999999994,229.50000000000006,-316.9999160766602,-138.12632508786936
PLTR,2024-05-06,2024-04-29,2024-04-29,2024-05-10,2024-08-02,1.63,1.7650000000000001,3.275,3.075,0.0,2.3999996185302734,2.9299999999999997,1.07,339.5,239.99996185302734,99.50003814697266,635.0,400.0,-235.0,295.5,-135.49996185302734,-45.85447101625291
PLTR,2024-11-04,2024-10-28,2024-10-28,2024-11-08,2025-01-31,3.225,3.1500000000000004,6.375,5.75,13.389999389648438,0.0,37.725,0.07500000000000001,637.5,1338.9999389648438,-701.4999389648438,1212.5,3780.0000000000005,2567.5000000000005,575.0,1866.0000610351567,324.5217497452447
PLTR,2025-02-03,2025-01-27,2025-01-27,2025-02-07,2025-05-02,6.15,5.625,11.95,10.6,35.849998474121094,0.0,49.724999999999994,0.33,1177.5,3584.9998474121094,-2407.4998474121094,2254.9999999999995,5005.499999999999,2750.4999999999995,1077.4999999999995,343.00015258789017,31.832960797019982
PLTR,2025-05-05,2025-04-28,2025-04-28,2025-05-09,2025-08-01,9.375,9.55,20.025,18.975,2.3000030517578125,0.0,40.375,0.815,1892.5,230.00030517578125,1662.4996948242188,3900.0,4119.0,219.0,2007.5,1881.4996948242188,93.72352153545299
PLTR,2025-08-04,2025-07-28,2025-07-28,2025-08-08,2025-10-31,8.525,10.45,21.4,21.375,26.960006713867188,0.0,42.900000000000006,1.88,1897.5000000000002,2696.0006713867188,-798.5006713867185,4277.5,4478.000000000001,200.5000000000009,2380.0,-598.0006713867176,-25.126078629694014
PLTR,2025-11-03,2025-10-27,2025-10-27,2025-11-07,2026-01-30,10.75,11.3,26.325,24.475,0.0,12.07000732421875,0.795,44.2,2205.0,1207.000732421875,997.999267578125,5080.0,4499.5,-580.5,2875.0,417.499267578125,14.521713654891306
PLTR,2026-02-02,2026-01-26,2026-01-26,2026-02-06,2026-04-30,10.399999999999999,7.7,31.0,24.925,0.0,29.100006103515625,9.05,33.075,1809.9999999999998,2910.0006103515625,-1100.0006103515627,5592.5,4212.5,-1380.0,3782.5,-2480.0006103515625,-65.56511858166722
QCOM,2016-01-27,2016-01-20,2016-02-18,2016-01-29,2016-04-19,2.4299999999999997,1.505,5.475,1.855,0.3400001525878906,0.0,6.825,0.18,393.49999999999994,34.00001525878906,359.4999847412109,733.0,700.5,-32.5,339.50000000000006,326.9999847412109,96.3181103803272
QCOM,2016-04-20,2016-04-13,2016-05-23,2016-04-22,2016-07-19,2.8,0.88,5.1,1.22,2.6399993896484375,0.0,5.475,0.35,368.0,263.99993896484375,104.00006103515625,631.9999999999999,582.4999999999999,-49.5,263.9999999999999,54.50006103515625,20.643962513316772
QCOM,2016-07-20,2016-07-13,2016-08-23,2016-07-22,2016-11-01,1.3450000000000002,1.4849999999999999,8.475000000000001,0.645,6.150001525878906,0.0,13.350000000000001,0.05500000000000001,283.0,615.0001525878906,-332.0001525878906,912.0000000000001,1340.5,428.4999999999999,629.0000000000001,96.49984741210926,15.341788141829769
QCOM,2016-11-02,2016-10-26,2016-11-21,2016-11-04,2017-01-24,1.31,3.0650000000000004,1.8,5.050000000000001,0.0,3.2699966430664062,0.03,15.05,437.5,326.9996643066406,110.50033569335938,685.0,1508.0,823.0,247.5,933.5003356933594,377.17185280539775
QCOM,2017-04-19,2017-04-12,2017-04-12,2017-04-21,2017-07-18,0.7150000000000001,2.3499999999999996,2.035,4.0,0.0,2.5,2.04,0.735,306.49999999999994,250.0,56.49999999999994,603.5,277.5,-326.0,297.00000000000006,-269.50000000000006,-90.74074074074075
QCOM,2017-07-19,2017-07-12,2017-08-21,2017-07-21,2017-10-31,2.075,0.845,1.22,4.575,0.0,1.1599998474121094,0.53,4.449999999999999,292.0,115.99998474121094,176.00001525878906,579.5,497.99999999999994,-81.50000000000006,287.5,94.500015258789,32.869570524796174
QCOM,2017-11-01,2017-10-25,2017-11-17,2017-11-03,2018-01-30,0.77,1.88,11.675,0.8049999999999999,6.810001373291016,0.0,12.125,0.175,265.0,681.0001373291016,-416.00013732910156,1248.0,1230.0,-18.0,983.0,-434.00013732910156,-44.15057348210596
QCOM,2018-01-31,2018-01-24,2018-02-20,2018-02-02,2018-04-24,0.76,2.755,1.89,7.925000000000001,0.0,3.9300003051757812,0.04,19.95,351.49999999999994,393.0000305175781,-41.50003051757818,981.5000000000001,1998.9999999999998,1017.4999999999997,630.0000000000002,975.9999694824214,154.92063007657478
QCOM,2018-04-25,2018-04-18,2018-05-21,2018-04-27,2018-07-24,1.555,1.31,4.55,2.12,0.0,3.8899993896484375,4.875,0.925,286.5,388.99993896484375,-102.49993896484375,667.0,580.0,-87.0,380.5,-189.49993896484375,-49.80287489220598
QCOM,2018-07-25,2018-07-18,2018-08-20,2018-07-27,2018-11-06,1.125,2.295,7.1,1.255,2.6899986267089844,0.0,4.6,0.8999999999999999,342.0,268.99986267089844,73.00013732910156,835.5,550.0,-285.5,493.5,-212.49986267089844,-43.05974927475146
QCOM,2018-11-07,2018-10-31,2018-11-19,2018-11-09,2019-01-29,1.2349999999999999,3.3,0.63,11.05,0.0,8.279998779296875,0.03,15.725,453.5,827.9998779296875,-374.4998779296875,1168.0000000000002,1575.5,407.4999999999998,714.5000000000002,33.00012207031227,4.618631500393599
QCOM,2019-01-30,2019-01-23,2019-02-14,2019-02-01,2019-04-26,2.835,1.04,3.52,2.1399999999999997,0.0,0.3899993896484375,36.725,0.015,387.5,38.99993896484375,348.50006103515625,566.0,3674.0,3108.0,178.5,3456.5000610351562,1936.4146000196954
QCOM,2019-05-01,2019-04-24,2019-05-20,2019-05-03,2019-07-30,3.75,1.8050000000000002,1.85,10.425,4.290000915527344,0.0,0.195,10.375,555.5,429.0000915527344,126.49990844726562,1227.5,1057.0,-170.5,672.0,-44.000091552734375,-6.547632671537854
QCOM,2019-07-31,2019-07-24,2019-07-24,2019-08-02,2019-11-05,2.865,1.935,5.699999999999999,4.925,0.0,3.8499984741210938,10.8,0.31,480.00000000000006,384.9998474121094,95.00015258789068,1062.5,1111.0000000000002,48.50000000000023,582.5,143.5001525878909,24.63521932839329
QCOM,2019-11-06,2019-10-30,2019-10-30,2019-11-08,2020-02-04,3.1500000000000004,1.7,6.025,4.75,14.029998779296875,0.0,9.6,0.545,485.00000000000006,1402.9998779296875,-917.9998779296875,1077.5,1014.5,-63.0,592.5,-980.9998779296875,-165.5695996505802
QCOM,2020-02-05,2020-01-29,2020-02-24,2020-02-07,2020-04-28,1.8,3.55,2.7800000000000002,9.8,0.0,2.5800018310546875,0.12000000000000001,14.675,535.0,258.00018310546875,276.99981689453125,1258.0000000000002,1479.5,221.49999999999977,723.0000000000002,498.499816894531,68.94879901722419
QCOM,2020-04-29,2020-04-22,2020-05-14,2020-05-01,2020-07-28,3.0549999999999997,2.45,9.325,5.025,0.6399993896484375,0.0,16.725,0.35,550.5,63.99993896484375,486.50006103515625,1435.0,1707.5000000000002,272.5000000000002,884.5,759.0000610351565,85.81119966480006
QCOM,2020-07-29,2020-07-22,2020-08-21,2020-07-31,2020-11-03,1.79,4.1,20.075,2.505,10.610000610351562,0.0,30.85,0.26,589.0,1061.0000610351562,-472.00006103515625,2258.0,3111.0000000000005,853.0000000000005,1669.0,380.9999389648442,22.828037085970294
QCOM,2020-11-04,2020-10-28,2020-11-20,2020-11-06,2021-02-02,6.25,4.65,28.525,2.63,25.009994506835938,0.0,44.775000000000006,0.29500000000000004,1090.0,2500.9994506835938,-1410.9994506835938,3115.4999999999995,4507.000000000001,1391.5000000000014,2025.4999999999995,-19.499450683592386,-0.9626981329840726
QCOM,2021-02-03,2021-01-27,2021-02-18,2021-02-05,2021-04-27,6.925,6.875,6.525,18.475,0.0,9.160003662109375,0.77,17.6,1380.0,916.0003662109375,463.9996337890625,2500.0,1837.0,-663.0,1120.0,-199.0003662109375,-17.767889840262278
QCOM,2021-04-28,2021-04-21,2021-04-21,2021-04-30,2021-07-27,4.75,3.475,10.95,9.45,3.8000030517578125,0.0,8.975000000000001,2.615,822.5,380.00030517578125,442.49969482421875,2039.9999999999998,1159.0000000000002,-880.9999999999995,1217.4999999999998,-438.5003051757808,-36.01645217049535
QCOM,2021-07-28,2021-07-21,2021-08-19,2021-07-30,2021-11-02,5.199999999999999,3.04,8.475,8.35,9.800003051757812,0.0,2.425,7.199999999999999,823.9999999999999,980.0003051757812,-156.00030517578136,1682.5,962.5,-720.0,858.5000000000001,-876.0003051757814,-102.03847468558895
QCOM,2021-11-03,2021-10-27,2021-10-27,2021-11-05,2022-02-01,4.300000000000001,2.81,9.0,8.125,33.029998779296875,0.0,47.4,0.37,711.0000000000001,3302.9998779296875,-2591.9998779296875,1712.5,4777.0,3064.5,1001.4999999999999,472.5001220703125,47.17924334201823
QCOM,2022-02-02,2022-01-26,2022-01-26,2022-02-04,2022-04-26,8.8,6.925,17.675,15.425,14.470001220703125,0.0,0.735,32.625,1572.5000000000002,1447.0001220703125,125.49987792968773,3310.0,3336.0,26.0,1737.4999999999998,151.49987792968773,8.719417434802173
QCOM,2022-04-27,2022-04-20,2022-05-17,2022-04-29,2022-07-26,5.800000000000001,5.5,11.45,11.9,0.0,0.30999755859375,14.2,3.9749999999999996,1130.0,30.999755859375,1099.000244140625,2335.0,1817.4999999999998,-517.5000000000002,1205.0,581.5002441406248,48.25728167142114
QCOM,2022-07-27,2022-07-20,2022-08-16,2022-07-29,2022-11-01,7.25,5.375,11.6,11.1,0.0,4.94000244140625,0.18,32.775,1262.5,494.000244140625,768.499755859375,2270.0,3295.5,1025.5,1007.5,1793.999755859375,178.06449189671216
QCOM,2022-11-02,2022-10-26,2022-11-14,2022-11-04,2023-02-01,4.125,5.875,10.85,9.375,0.0,13.30999755859375,19.2,0.43000000000000005,1000.0,1330.999755859375,-330.999755859375,2022.5000000000002,1963.0,-59.50000000000023,1022.5000000000002,-390.4997558593752,-38.19068516962104
QCOM,2023-02-02,2023-01-26,2023-02-14,2023-02-03,2023-05-02,4.225,5.075,8.775,10.55,0.0200042724609375,0.0,0.22,18.95,930.0000000000001,2.00042724609375,927.9995727539064,1932.5000000000002,1916.9999999999998,-15.500000000000455,1002.5000000000001,912.4995727539059,91.02240127221005
QCOM,2023-05-03,2023-04-26,2023-05-16,2023-05-05,2023-08-01,3.5,4.125,2.8449999999999998,13.575,0.0,6.220001220703125,17.75,0.385,762.5,622.0001220703125,140.4998779296875,1641.9999999999998,1813.5000000000002,171.50000000000045,879.4999999999998,311.99987792968795,35.4746876554506
QCOM,2023-08-02,2023-07-26,2023-08-18,2023-08-04,2023-10-31,3.75,4.525,2.295,16.675,0.0,3.5,0.28500000000000003,16.05,827.5,350.0,477.5,1897.0,1633.5,-263.5,1069.5,214.0,20.009350163627865
QCOM,2023-11-01,2023-10-25,2023-11-14,2023-11-03,2024-01-30,4.125,4.2,24.4,1.25,14.519996643066406,0.0,41.3,0.02,832.4999999999999,1451.9996643066406,-619.4996643066407,2565.0,4132.0,1567.0,1732.5,947.5003356933593,54.68977406599477
QCOM,2024-01-31,2024-01-24,2024-01-24,2024-02-02,2024-04-30,4.525,4.925,11.024999999999999,9.975000000000001,0.0,13.30999755859375,13.7,2.3899999999999997,944.9999999999999,1330.999755859375,-385.9997558593751,2100.0,1609.0,-491.0,1155.0,-876.9997558593751,-75.93071479301949
QCOM,2024-05-01,2024-04-24,2024-05-01,2024-05-03,2024-07-30,5.325,6.425,12.525,12.05,14.639999389648438,0.0,9.375,6.949999999999999,1175.0,1463.9999389648438,-288.99993896484375,2457.5000000000005,1632.5,-825.0000000000005,1282.5000000000005,-1113.9999389648442,-86.8615936814693
QCOM,2024-07-31,2024-07-24,2024-07-24,2024-08-02,2024-11-05,8.875,7.550000000000001,18.700000000000003,15.525,0.0,20.69000244140625,2.9000000000000004,16.375,1642.5,2069.000244140625,-426.500244140625,3422.5,1927.4999999999998,-1495.0000000000002,1780.0,-1921.5002441406252,-107.94945191801266
QCOM,2024-11-06,2024-10-30,2024-10-30,2024-11-08,2025-02-04,6.949999999999999,9.05,15.65,16.375,0.910003662109375,0.0,9.125,5.325,1600.0,91.0003662109375,1508.9996337890625,3202.5,1445.0,-1757.5,1602.5,-248.5003662109375,-15.507043133287832
QCOM,2025-02-05,2025-01-29,2025-01-29,2025-02-07,2025-04-29,7.875,5.800000000000001,15.15,11.925,0.0,2.0399932861328125,0.52,23.700000000000003,1367.5,203.99932861328125,1163.5006713867188,2707.5000000000005,2422.0000000000005,-285.5,1340.0000000000005,878.0006713867188,65.52243816318794
QCOM,2025-04-30,2025-04-23,2025-04-23,2025-05-02,2025-07-29,6.1,5.825,13.425,12.25,0.0,0.19000244140625,23.45,0.78,1192.5,19.000244140625,1173.499755859375,2567.5,2423.0,-144.5,1375.0,1028.999755859375,74.83634588068182
QCOM,2025-07-30,2025-07-23,2025-07-23,2025-08-01,2025-11-04,5.675,5.675,13.025,11.7,0.0,11.80999755859375,15.95,2.3200000000000003,1135.0,1180.999755859375,-45.999755859375,2472.5,1827.0,-645.5,1337.5,-691.499755859375,-51.70091632593458
QCOM,2025-11-05,2025-10-29,2025-10-29,2025-11-07,2026-02-03,6.15,7.225,14.775,15.2,0.0,9.110000610351562,0.34,33.25,1337.5,911.0000610351562,426.49993896484375,2997.5,3359.0000000000005,361.50000000000045,1660.0,787.9999389648442,47.46987584125568
QCOM,2026-02-04,2026-01-28,2026-01-28,2026-02-06,2026-04-28,4.35,6.325,12.7,13.225000000000001,0.0,17.660003662109375,5.6,10.35,1067.5,1766.0003662109375,-698.5003662109375,2592.5,1595.0,-997.5,1525.0,-1696.0003662109375,-111.21313876793033
QCOM,2026-04-29,2026-04-22,2026-04-22,2026-05-01,2026-04-30,5.55,4.5,12.875,11.024999999999999,44.58000183105469,0.0,48.2,2.76,1005.0000000000001,4458.000183105469,-3453.0001831054688,2390.0,5096.0,2706.0,1385.0,-747.0001831054688,-53.93503127115298
TSLA,2016-02-10,2016-02-03,2016-03-21,2016-02-12,2016-05-03,10.075,12.0,64.19999999999999,3.6,0.0,23.96000385284424,57.8,0.585,2207.5,2396.000385284424,-188.50038528442383,6779.999999999998,5838.5,-941.4999999999982,4572.499999999998,-1130.000385284422,-24.71296632661394
TSLA,2016-05-04,2016-04-27,2016-06-10,2016-05-06,2016-08-02,12.65,11.6,5.575,36.75,0.0,35.06999969482422,2.135,27.15,2425.0,3506.999969482422,-1081.9999694824219,4232.5,2928.4999999999995,-1304.0000000000005,1807.5,-2385.9999694824223,-132.00553081507178
TSLA,2016-08-03,2016-07-27,2016-09-01,2016-08-05,2016-10-25,8.275,11.100000000000001,4.175,38.2,0.029993057250976562,0.0,1.605,29.65,1937.5,2.9993057250976562,1934.5006942749023,4237.5,3125.5,-1112.0,2300.0,822.5006942749023,35.76089975108271
TSLA,2016-10-26,2016-10-19,2016-10-19,2016-10-28,2017-02-21,9.55,6.1,21.325,20.625,0.0,0.030002593994140625,77.475,0.305,1565.0,3.0002593994140625,1561.999740600586,4195.0,7778.0,3583.0,2630.0,5144.999740600586,195.62736656275993
TSLA,2017-02-22,2017-02-15,2017-03-20,2017-02-24,2017-05-02,9.375,9.825,8.675,27.65,0.0,23.000001907348633,40.4,1.495,1920.0,2300.0001907348633,-380.0001907348633,3632.5000000000005,4189.5,556.9999999999995,1712.5000000000005,176.99980926513626,10.335755285555399
TSLA,2017-05-03,2017-04-26,2017-05-10,2017-05-05,2017-08-01,10.274999999999999,10.225000000000001,33.775,19.45,0.0,1.6499900817871094,19.375,9.5,2050.0,164.99900817871094,1885.000991821289,5322.499999999999,2887.5,-2434.999999999999,3272.499999999999,-549.99900817871,-16.806692381320403
TSLA,2017-08-02,2017-07-26,2017-07-26,2017-08-04,2017-10-31,14.275,10.425,34.825,31.025,16.910009384155273,0.0,11.4,19.725,2470.0000000000005,1691.0009384155273,778.9990615844731,6584.999999999999,3112.5,-3472.499999999999,4114.999999999998,-2693.500938415526,-65.45567286550491
TSLA,2017-11-01,2017-10-25,2017-10-25,2017-11-03,2018-02-06,10.024999999999999,14.075,27.4,30.925,0.0,23.909997940063477,15.55,11.925,2410.0,2390.9997940063477,19.000205993652344,5832.5,2747.5,-3085.0,3422.5,-3065.9997940063477,-89.5836316729393
TSLA,2018-02-07,2018-01-31,2018-02-16,2018-02-09,2018-05-01,15.625,11.274999999999999,19.575,33.975,0.0,39.57998275756836,1.1800000000000002,51.675,2690.0,3957.998275756836,-1267.998275756836,5355.0,5285.5,-69.5,2665.0,-1337.498275756836,-50.18755256123212
TSLA,2018-05-02,2018-04-25,2018-05-07,2018-05-04,2018-07-31,13.05,12.375,42.349999999999994,21.625,14.09001350402832,0.0,28.924999999999997,10.850000000000001,2542.5,1409.001350402832,1133.498649597168,6397.499999999999,3977.5,-2419.999999999999,3854.999999999999,-1286.5013504028311,-33.37227886907475
TSLA,2018-08-01,2018-07-25,2018-08-06,2018-08-03,2018-10-23,12.75,14.075,53.775,22.15,38.16998481750488,0.0,16.475,31.975,2682.5,3816.9984817504883,-1134.4984817504883,7592.5,4845.0,-2747.5,4910.0,-3881.9984817504883,-79.06310553463317
TSLA,2018-10-24,2018-10-17,2018-10-17,2018-10-26,2019-01-29,10.725,8.925,40.75,38.55,60.89999198913574,0.0,37.15,9.6,1964.9999999999998,6089.999198913574,-4124.999198913574,7930.0,4675.0,-3255.0,5965.0,-7379.999198913574,-123.7216965450725
TSLA,2019-01-30,2019-01-23,2019-01-23,2019-02-01,2019-04-23,15.649999999999999,17.9,39.6,40.875,22.20998764038086,0.0,6.699999999999999,32.599999999999994,3354.9999999999995,2220.998764038086,1134.0012359619136,8047.499999999999,3929.9999999999995,-4117.5,4692.5,-2983.4987640380864,-63.58015480102475
TSLA,2019-04-24,2019-04-17,2019-04-17,2019-04-26,2019-07-23,13.225000000000001,12.1,33.775,31.725,0.0,34.860005378723145,9.875,19.525,2532.5000000000005,3486.0005378723145,-953.500537872314,6550.0,2940.0,-3610.0,4017.4999999999995,-4563.500537872314,-113.59055476969048
TSLA,2019-07-24,2019-07-17,2019-07-17,2019-07-26,2019-10-22,13.55,8.575,32.875,27.45,0.0,21.959991455078125,17.700000000000003,12.125,2212.5,2195.9991455078125,16.5008544921875,6032.5,2982.5000000000005,-3049.9999999999995,3820.0,-3033.499145507812,-79.41097239549246
TSLA,2019-10-23,2019-10-16,2019-12-09,2019-10-25,2020-01-27,11.425,11.625,84.225,4.525,68.13000679016113,0.0,298.55,0.455,2305.0,6813.000679016113,-4508.000679016113,8875.0,29900.5,21025.5,6570.0,16517.499320983887,251.4079044289785
TSLA,2020-01-29,2020-01-22,2020-04-07,2020-01-31,2020-04-28,36.8,43.2,47.925,76.925,75.57001113891602,0.0,200.60000000000002,6.375,8000.0,7557.001113891602,442.99888610839844,12485.0,20697.500000000004,8212.500000000004,4485.0,8655.498886108402,192.9877120648473
TSLA,2020-04-29,2020-04-22,2020-04-22,2020-05-01,2020-07-21,61.025,54.525000000000006,145.925,138.625,0.0,23.68001937866211,844.925,3.9000000000000004,11555.000000000002,2368.001937866211,9186.99806213379,28455.0,84882.5,56427.5,16900.0,65614.49806213379,388.25146782327687
TSLA,2020-10-21,2020-10-14,2020-10-14,2020-10-23,2021-01-26,29.175,27.6,81.65,79.3,0.0,39.36997985839844,424.5,1.115,5677.500000000001,3936.9979858398438,1740.5020141601572,16094.999999999998,42561.5,26466.5,10417.499999999996,28207.002014160156,270.7655580912903
TSLA,2021-01-27,2021-01-20,2021-02-09,2021-01-29,2021-04-23,43.7,43.175,124.1,124.94999999999999,0.0,56.469970703125,10.575,130.925,8687.5,5646.9970703125,3040.5029296875,24905.0,14150.0,-10755.0,16217.5,-7714.4970703125,-47.568966057114224
TSLA,2021-07-26,2021-07-19,2021-07-19,2021-07-30,2021-10-19,26.8,30.4,78.19999999999999,80.925,37.19999694824219,0.0,219.325,4.949999999999999,5720.0,3719.9996948242188,2000.0003051757812,15912.5,22427.499999999996,6514.999999999996,10192.5,8515.000305175778,83.54182295978198
TSLA,2021-10-20,2021-10-13,2021-10-13,2021-10-22,2022-01-25,33.5,22.15,91.525,79.475,109.67996215820312,0.0,152.575,33.7,5565.0,10967.996215820312,-5402.9962158203125,17100.0,18627.499999999996,1527.4999999999964,11535.0,-3875.496215820316,-33.59771318439806
TSLA,2022-01-26,2022-01-19,2022-01-19,2022-01-28,2022-04-19,49.55,53.425,140.775,142.85000000000002,0.0,153.64999389648438,80.6,51.825,10297.5,15364.999389648438,-5067.4993896484375,28362.5,13242.500000000002,-15119.999999999998,18065.0,-20187.499389648438,-111.74923548103204
TSLA,2022-04-20,2022-04-13,2022-04-13,2022-04-22,2022-07-19,53.525,30.6,147.375,120.1,5.04998779296875,0.0,2.37,264.975,8412.5,504.998779296875,7907.501220703125,26747.500000000004,26734.500000000004,-13.0,18335.000000000004,7894.501220703125,43.05700147642827
TSLA,2022-10-19,2022-10-12,2022-10-12,2022-10-21,2023-01-24,9.875,12.45,33.075,32.775,0.0,5.55999755859375,0.365,76.17500000000001,2232.5,555.999755859375,1676.500244140625,6584.999999999999,7654.000000000001,1069.0000000000018,4352.499999999999,2745.500244140627,63.078696017016135
TSLA,2023-01-25,2023-01-18,2023-01-18,2023-01-27,2023-04-18,6.7,7.8,17.85,17.575,47.899993896484375,0.0,54.075,0.035,1450.0,4789.9993896484375,-3339.9993896484375,3542.4999999999995,5411.0,1868.5000000000005,2092.4999999999995,-1471.499389648437,-70.32255147662782
TSLA,2023-04-19,2023-04-12,2023-04-12,2023-04-21,2023-07-18,9.2,8.425,23.85,20.85,0.0,14.919998168945312,113.375,0.015,1762.5,1491.9998168945312,270.50018310546875,4470.0,11339.0,6869.0,2707.5,7139.500183105469,263.69345089955567
TSLA,2023-07-19,2023-07-12,2023-07-12,2023-07-21,2023-10-17,12.575,10.2,31.200000000000003,25.549999999999997,0.0,9.980010986328125,2.04,16.950000000000003,2277.5,998.0010986328125,1279.4989013671875,5675.0,1899.0000000000002,-3776.0,3397.5,-2496.5010986328125,-73.4805327044242
TSLA,2023-10-18,2023-10-11,2023-10-11,2023-10-20,2024-01-23,11.600000000000001,8.225,35.2,27.200000000000003,0.0,48.00999450683594,0.95,52.05,1982.5000000000002,4800.999450683594,-2818.4994506835938,6240.000000000001,5300.0,-940.0000000000009,4257.500000000001,-3758.4994506835947,-88.2794938504661
TSLA,2024-01-24,2024-01-17,2024-01-17,2024-01-26,2024-04-22,6.35,10.425,23.075,23.725,0.0,36.75,0.18,77.94999999999999,1677.4999999999998,3675.0,-1997.5000000000002,4680.0,7813.0,3133.0,3002.5,1135.4999999999998,37.818484596169846
TSLA,2024-04-23,2024-04-16,2024-04-16,2024-04-26,2024-07-23,9.05,6.7,21.925,16.575,13.289993286132812,0.0,92.35,0.265,1575.0,1328.9993286132812,246.00067138671875,3850.0,9261.5,5411.5,2275.0,5657.500671386719,248.6813481928228
TSLA,2024-07-24,2024-07-17,2024-07-17,2024-07-26,2024-10-22,12.375,13.5,34.650000000000006,31.725,0.0,30.199996948242188,3.5,34.875,2587.5,3019.9996948242188,-432.49969482421875,6637.5,3837.5,-2800.0,4050.0,-3232.4996948242188,-79.81480727961035
TSLA,2024-10-23,2024-10-16,2024-10-16,2024-10-25,2025-01-28,10.05,8.375,29.575,24.475,49.19000244140625,0.0,179.225,0.32,1842.5,4919.000244140625,-3076.500244140625,5405.0,17954.5,12549.5,3562.5,9472.999755859375,265.9087650767544
TSLA,2025-01-29,2025-01-22,2025-01-22,2025-01-31,2025-04-21,21.175,25.549999999999997,57.05,56.075,0.0,15.399993896484375,0.22999999999999998,193.5,4672.499999999999,1539.9993896484375,3132.5006103515616,11312.5,19373.0,8060.5,6640.000000000001,11193.000610351562,168.5692863004753
TSLA,2025-04-22,2025-04-15,2025-04-15,2025-04-25,2025-07-22,17.125,12.600000000000001,42.425,34.575,34.95001220703125,0.0,84.4,1.34,2972.5,3495.001220703125,-522.501220703125,7700.0,8574.0,874.0,4727.5,351.498779296875,7.435193639278159
TSLA,2025-07-23,2025-07-16,2025-07-16,2025-07-25,2025-10-21,14.350000000000001,12.25,44.65,37.9,0.0,3.94000244140625,126.1,1.95,2660.0,394.000244140625,2265.999755859375,8255.0,12804.999999999998,4549.999999999998,5595.0,6815.999755859373,121.82305193671803
TSLA,2025-10-22,2025-10-15,2025-10-15,2025-10-24,2026-01-27,17.375,21.625,59.35,57.425,0.0,6.279998779296875,17.525,25.425,3900.0,627.9998779296875,3272.0001220703125,11677.5,4295.0,-7382.5,7777.5,-4110.4998779296875,-52.851171686656215
TSLA,2026-01-28,2026-01-21,2026-01-21,2026-01-30,2026-04-21,15.675,13.625,49.35,42.4,0.410003662109375,0.0,5.85,48.599999999999994,2930.0,41.0003662109375,2888.9996337890625,9175.0,5445.0,-3730.0,6245.0,-841.0003662109375,-13.466779282801241
TSLA,2026-04-22,2026-04-15,2026-04-15,2026-04-24,2026-04-30,16.475,13.975000000000001,47.775,40.35,0.0,13.70001220703125,35.85,39.4,3045.0000000000005,1370.001220703125,1674.9987792968755,8812.5,7525.0,-1287.5,5767.5,387.49877929687545,6.718661106144351
ZM,2022-02-28,2022-02-22,2022-02-22,2022-03-04,2022-05-20,12.025,10.175,22.55,20.275,0.0,16.05999755859375,2.365,37.475,2220.0000000000005,1605.999755859375,614.0002441406255,4282.5,3984.0000000000005,-298.49999999999955,2062.4999999999995,315.5002441406259,15.296981534090955
ZM,2022-05-23,2022-05-16,2022-05-16,2022-05-27,2022-08-19,7.95,9.024999999999999,16.924999999999997,17.275,20.419998168945312,0.0,14.775,5.025,1697.4999999999998,2041.9998168945312,-344.4998168945315,3419.9999999999995,1980.0,-1439.9999999999995,1722.4999999999998,-1784.499816894531,-103.59940881826016
ZM,2022-08-22,2022-08-15,2022-08-15,2022-08-26,2022-11-18,7.225,8.925,17.15,17.9,0.0,33.589996337890625,0.53,33.675,1614.9999999999998,3358.9996337890625,-1743.9996337890627,3504.9999999999995,3420.5,-84.49999999999955,1889.9999999999998,-1828.4996337890623,-96.74601236979167
ZM,2022-11-21,2022-11-14,2022-11-14,2022-11-25,2023-02-24,5.949999999999999,6.525,13.225,12.7,0.0,9.599998474121094,2.235,13.2,1247.5,959.9998474121094,287.5001525878906,2592.4999999999995,1543.4999999999998,-1048.9999999999998,1344.9999999999995,-761.4998474121091,-56.61708902692263
ZM,2023-02-27,2023-02-21,2023-02-21,2023-03-03,2023-05-19,3.95,6.4,9.75,11.15,0.0,4.19000244140625,2.9299999999999997,8.325,1035.0000000000002,419.000244140625,615.9997558593752,2090.0,1125.5,-964.5,1054.9999999999998,-348.5002441406248,-33.03319849674169
ZM,2023-05-22,2023-05-15,2023-07-20,2023-05-26,2023-08-18,4.35,3.2,8.524999999999999,3.125,1.2699966430664062,0.0,5.2,3.6500000000000004,755.0,126.99966430664062,628.0003356933594,1164.9999999999998,885.0000000000001,-279.99999999999966,409.9999999999998,348.0003356933597,84.87813065691705
ZM,2023-08-21,2023-08-14,2023-08-23,2023-08-25,2023-11-17,2.72,5.075,6.425,7.199999999999999,0.0,2.3000030517578125,1.75,7.425,779.5,230.00030517578125,549.4996948242188,1362.5,917.5000000000001,-444.9999999999999,583.0,104.49969482421886,17.924475956126734
ZM,2023-11-20,2023-11-13,2023-11-13,2023-11-24,2024-02-23,4.075,2.435,7.9,5.275,4.529998779296875,0.0,5.1,1.51,651.0,452.9998779296875,198.0001220703125,1317.5,661.0,-656.5,666.5,-458.4998779296875,-68.79217973438672
ZM,2024-02-26,2024-02-20,2024-02-20,2024-03-01,2024-05-17,3.575,2.17,7.075,4.675,10.910003662109375,0.0,6.15,1.7349999999999999,574.5,1091.0003662109375,-516.5003662109375,1175.0,788.5,-386.5,600.5,-903.0003662109375,-150.3747487445358
ZM,2024-05-20,2024-05-13,2024-05-13,2024-05-24,2024-08-20,2.18,3.9749999999999996,5.525,6.3,0.0,1.9900016784667969,1.185,6.325,615.4999999999999,199.0001678466797,416.4998321533202,1182.5,751.0,-431.5,567.0000000000001,-15.000167846679801,-2.645532248091675
ZM,2024-08-21,2024-08-14,2024-08-14,2024-08-23,2024-11-19,3.8,1.705,6.65,3.575,15.139999389648438,0.0,22.675,0.25,550.5,1513.9999389648438,-963.4999389648438,1022.5000000000001,2292.5,1270.0,472.0000000000001,306.50006103515625,64.93645360914326
ZM,2024-11-25,2024-11-18,2024-11-18,2024-11-29,2025-02-21,3.25,4.175,7.075,6.925,2.69000244140625,0.0,6.300000000000001,3.5250000000000004,742.5,269.000244140625,473.499755859375,1400.0,982.5000000000001,-417.4999999999999,657.5,55.999755859375114,8.51707313450572
ZM,2025-02-24,2025-02-18,2025-02-18,2025-02-28,2025-05-20,4.275,3.925,8.375,6.825,0.0,11.300003051757812,3.2,4.800000000000001,819.9999999999999,1130.0003051757812,-310.00030517578136,1520.0,800.0,-720.0,700.0000000000001,-1030.0003051757812,-147.14290073939728
ZM,2025-05-21,2025-05-14,2025-05-14,2025-05-23,2025-08-20,2.96,4.575,6.800000000000001,7.225,0.0,5.720001220703125,0.545,13.05,753.5,572.0001220703125,181.4998779296875,1402.5,1359.5,-43.0,649.0,138.4998779296875,21.340505073911785
ZM,2025-08-21,2025-08-14,2025-10-17,2025-08-22,2025-11-21,4.075,2.085,11.75,1.15,12.470001220703125,0.0,10.175,0.9299999999999999,616.0,1247.0001220703125,-631.0001220703125,1290.0,1110.5,-179.5,674.0,-810.5001220703125,-120.25224363061015
ZM,2025-11-24,2025-11-17,2025-11-17,2025-11-28,2026-02-24,4.725,2.61,8.7,5.6,4.959999084472656,0.0,10.7,2.175,733.4999999999999,495.9999084472656,237.50009155273426,1430.0,1287.5,-142.5,696.5000000000001,95.00009155273426,13.639639849638801
ZM,2026-02-25,2026-02-18,2026-02-18,2026-02-27,2026-04-30,5.3,3.95,12.775,9.9,0.0,16.05999755859375,15.425,7.15,925.0,1605.999755859375,-680.999755859375,2267.5,2257.5000000000005,-9.999999999999545,1342.5,-690.9997558593745,-51.471117754888226
